AACCGGTT,AACCGGTT
CACCGGTT,AACCGGTT
TACCGGTT,AACCGGTT
GACCGGTT,AACCGGTT
NACCGGTT,AACCGGTT
ACCCGGTT,AACCGGTT
ATCCGGTT,AACCGGTT
AGCCGGTT,AACCGGTT
ANCCGGTT,AACCGGTT
AAACGGTT,AACCGGTT
AATCGGTT,AACCGGTT
AAGCGGTT,AACCGGTT
AANCGGTT,AACCGGTT
AACAGGTT,AACCGGTT
AACTGGTT,AACCGGTT
AACGGGTT,AACCGGTT
AACNGGTT,AACCGGTT
AACCAGTT,AACCGGTT
AACCCGTT,AACCGGTT
AACCTGTT,AACCGGTT
AACCNGTT,AACCGGTT
AACCGATT,AACCGGTT
AACCGCTT,AACCGGTT
AACCGTTT,AACCGGTT
AACCGNTT,AACCGGTT
AACCGGAT,AACCGGTT
AACCGGCT,AACCGGTT
AACCGGGT,AACCGGTT
AACCGGNT,AACCGGTT
AACCGGTA,AACCGGTT
AACCGGTC,AACCGGTT
AACCGGTG,AACCGGTT
AACCGGTN,AACCGGTT
ACTAGGTT,TCTAGGTT
CCTAGGTT,TCTAGGTT
TCTAGGTT,TCTAGGTT
GCTAGGTT,TCTAGGTT
NCTAGGTT,TCTAGGTT
TATAGGTT,TCTAGGTT
TTTAGGTT,TCTAGGTT
TGTAGGTT,TCTAGGTT
TNTAGGTT,TCTAGGTT
TCAAGGTT,TCTAGGTT
TCCAGGTT,TCTAGGTT
TCGAGGTT,TCTAGGTT
TCNAGGTT,TCTAGGTT
TCTCGGTT,TCTAGGTT
TCTTGGTT,TCTAGGTT
TCTGGGTT,TCTAGGTT
TCTNGGTT,TCTAGGTT
TCTAAGTT,TCTAGGTT
TCTACGTT,TCTAGGTT
TCTATGTT,TCTAGGTT
TCTANGTT,TCTAGGTT
TCTAGATT,TCTAGGTT
TCTAGCTT,TCTAGGTT
TCTAGTTT,TCTAGGTT
TCTAGNTT,TCTAGGTT
TCTAGGAT,TCTAGGTT
TCTAGGCT,TCTAGGTT
TCTAGGGT,TCTAGGTT
TCTAGGNT,TCTAGGTT
TCTAGGTA,TCTAGGTT
TCTAGGTC,TCTAGGTT
TCTAGGTG,TCTAGGTT
TCTAGGTN,TCTAGGTT
ATGGTCTT,CTGGTCTT
CTGGTCTT,CTGGTCTT
TTGGTCTT,CTGGTCTT
GTGGTCTT,CTGGTCTT
NTGGTCTT,CTGGTCTT
CAGGTCTT,CTGGTCTT
CCGGTCTT,CTGGTCTT
CGGGTCTT,CTGGTCTT
CNGGTCTT,CTGGTCTT
CTAGTCTT,CTGGTCTT
CTCGTCTT,CTGGTCTT
CTTGTCTT,CTGGTCTT
CTNGTCTT,CTGGTCTT
CTGATCTT,CTGGTCTT
CTGCTCTT,CTGGTCTT
CTGTTCTT,CTGGTCTT
CTGNTCTT,CTGGTCTT
CTGGACTT,CTGGTCTT
CTGGCCTT,CTGGTCTT
CTGGGCTT,CTGGTCTT
CTGGNCTT,CTGGTCTT
CTGGTATT,CTGGTCTT
CTGGTTTT,CTGGTCTT
CTGGTGTT,CTGGTCTT
CTGGTNTT,CTGGTCTT
CTGGTCAT,CTGGTCTT
CTGGTCCT,CTGGTCTT
CTGGTCGT,CTGGTCTT
CTGGTCNT,CTGGTCTT
CTGGTCTA,CTGGTCTT
CTGGTCTC,CTGGTCTT
CTGGTCTG,CTGGTCTT
CTGGTCTN,CTGGTCTT
ATCGTTCT,GTCGTTCT
CTCGTTCT,GTCGTTCT
TTCGTTCT,GTCGTTCT
GTCGTTCT,GTCGTTCT
NTCGTTCT,GTCGTTCT
GACGTTCT,GTCGTTCT
GCCGTTCT,GTCGTTCT
GGCGTTCT,GTCGTTCT
GNCGTTCT,GTCGTTCT
GTAGTTCT,GTCGTTCT
GTTGTTCT,GTCGTTCT
GTGGTTCT,GTCGTTCT
GTNGTTCT,GTCGTTCT
GTCATTCT,GTCGTTCT
GTCCTTCT,GTCGTTCT
GTCTTTCT,GTCGTTCT
GTCNTTCT,GTCGTTCT
GTCGATCT,GTCGTTCT
GTCGCTCT,GTCGTTCT
GTCGGTCT,GTCGTTCT
GTCGNTCT,GTCGTTCT
GTCGTACT,GTCGTTCT
GTCGTCCT,GTCGTTCT
GTCGTGCT,GTCGTTCT
GTCGTNCT,GTCGTTCT
GTCGTTAT,GTCGTTCT
GTCGTTTT,GTCGTTCT
GTCGTTGT,GTCGTTCT
GTCGTTNT,GTCGTTCT
GTCGTTCA,GTCGTTCT
GTCGTTCC,GTCGTTCT
GTCGTTCG,GTCGTTCT
GTCGTTCN,GTCGTTCT
AGAGTTCT,AGAGTTCT
CGAGTTCT,AGAGTTCT
TGAGTTCT,AGAGTTCT
GGAGTTCT,AGAGTTCT
NGAGTTCT,AGAGTTCT
AAAGTTCT,AGAGTTCT
ACAGTTCT,AGAGTTCT
ATAGTTCT,AGAGTTCT
ANAGTTCT,AGAGTTCT
AGCGTTCT,AGAGTTCT
AGTGTTCT,AGAGTTCT
AGGGTTCT,AGAGTTCT
AGNGTTCT,AGAGTTCT
AGAATTCT,AGAGTTCT
AGACTTCT,AGAGTTCT
AGATTTCT,AGAGTTCT
AGANTTCT,AGAGTTCT
AGAGATCT,AGAGTTCT
AGAGCTCT,AGAGTTCT
AGAGGTCT,AGAGTTCT
AGAGNTCT,AGAGTTCT
AGAGTACT,AGAGTTCT
AGAGTCCT,AGAGTTCT
AGAGTGCT,AGAGTTCT
AGAGTNCT,AGAGTTCT
AGAGTTAT,AGAGTTCT
AGAGTTTT,AGAGTTCT
AGAGTTGT,AGAGTTCT
AGAGTTNT,AGAGTTCT
AGAGTTCA,AGAGTTCT
AGAGTTCC,AGAGTTCT
AGAGTTCG,AGAGTTCT
AGAGTTCN,AGAGTTCT
AGCTGAAT,AGCTGAAT
CGCTGAAT,AGCTGAAT
TGCTGAAT,AGCTGAAT
GGCTGAAT,AGCTGAAT
NGCTGAAT,AGCTGAAT
AACTGAAT,AGCTGAAT
ACCTGAAT,AGCTGAAT
ATCTGAAT,AGCTGAAT
ANCTGAAT,AGCTGAAT
AGATGAAT,AGCTGAAT
AGTTGAAT,AGCTGAAT
AGGTGAAT,AGCTGAAT
AGNTGAAT,AGCTGAAT
AGCAGAAT,AGCTGAAT
AGCCGAAT,AGCTGAAT
AGCGGAAT,AGCTGAAT
AGCNGAAT,AGCTGAAT
AGCTAAAT,AGCTGAAT
AGCTCAAT,AGCTGAAT
AGCTTAAT,AGCTGAAT
AGCTNAAT,AGCTGAAT
AGCTGCAT,AGCTGAAT
AGCTGTAT,AGCTGAAT
AGCTGGAT,AGCTGAAT
AGCTGNAT,AGCTGAAT
AGCTGACT,AGCTGAAT
AGCTGATT,AGCTGAAT
AGCTGAGT,AGCTGAAT
AGCTGANT,AGCTGAAT
AGCTGAAA,AGCTGAAT
AGCTGAAC,AGCTGAAT
AGCTGAAG,AGCTGAAT
AGCTGAAN,AGCTGAAT
AACGTATG,GACGTATG
CACGTATG,GACGTATG
TACGTATG,GACGTATG
GACGTATG,GACGTATG
NACGTATG,GACGTATG
GCCGTATG,GACGTATG
GTCGTATG,GACGTATG
GGCGTATG,GACGTATG
GNCGTATG,GACGTATG
GAAGTATG,GACGTATG
GATGTATG,GACGTATG
GAGGTATG,GACGTATG
GANGTATG,GACGTATG
GACATATG,GACGTATG
GACCTATG,GACGTATG
GACTTATG,GACGTATG
GACNTATG,GACGTATG
GACGAATG,GACGTATG
GACGCATG,GACGTATG
GACGGATG,GACGTATG
GACGNATG,GACGTATG
GACGTCTG,GACGTATG
GACGTTTG,GACGTATG
GACGTGTG,GACGTATG
GACGTNTG,GACGTATG
GACGTAAG,GACGTATG
GACGTACG,GACGTATG
GACGTAGG,GACGTATG
GACGTANG,GACGTATG
GACGTATA,GACGTATG
GACGTATC,GACGTATG
GACGTATT,GACGTATG
GACGTATN,GACGTATG
AATAATGG,CATAATGG
CATAATGG,CATAATGG
TATAATGG,CATAATGG
GATAATGG,CATAATGG
NATAATGG,CATAATGG
CCTAATGG,CATAATGG
CTTAATGG,CATAATGG
CGTAATGG,CATAATGG
CNTAATGG,CATAATGG
CAAAATGG,CATAATGG
CACAATGG,CATAATGG
CAGAATGG,CATAATGG
CANAATGG,CATAATGG
CATCATGG,CATAATGG
CATTATGG,CATAATGG
CATGATGG,CATAATGG
CATNATGG,CATAATGG
CATACTGG,CATAATGG
CATATTGG,CATAATGG
CATAGTGG,CATAATGG
CATANTGG,CATAATGG
CATAAAGG,CATAATGG
CATAACGG,CATAATGG
CATAAGGG,CATAATGG
CATAANGG,CATAATGG
CATAATAG,CATAATGG
CATAATCG,CATAATGG
CATAATTG,CATAATGG
CATAATNG,CATAATGG
CATAATGA,CATAATGG
CATAATGC,CATAATGG
CATAATGT,CATAATGG
CATAATGN,CATAATGG
ATTCAAGG,ATTCAAGG
CTTCAAGG,ATTCAAGG
TTTCAAGG,ATTCAAGG
GTTCAAGG,ATTCAAGG
NTTCAAGG,ATTCAAGG
AATCAAGG,ATTCAAGG
ACTCAAGG,ATTCAAGG
AGTCAAGG,ATTCAAGG
ANTCAAGG,ATTCAAGG
ATACAAGG,ATTCAAGG
ATCCAAGG,ATTCAAGG
ATGCAAGG,ATTCAAGG
ATNCAAGG,ATTCAAGG
ATTAAAGG,ATTCAAGG
ATTTAAGG,ATTCAAGG
ATTGAAGG,ATTCAAGG
ATTNAAGG,ATTCAAGG
ATTCCAGG,ATTCAAGG
ATTCTAGG,ATTCAAGG
ATTCGAGG,ATTCAAGG
ATTCNAGG,ATTCAAGG
ATTCACGG,ATTCAAGG
ATTCATGG,ATTCAAGG
ATTCAGGG,ATTCAAGG
ATTCANGG,ATTCAAGG
ATTCAAAG,ATTCAAGG
ATTCAACG,ATTCAAGG
ATTCAATG,ATTCAAGG
ATTCAANG,ATTCAAGG
ATTCAAGA,ATTCAAGG
ATTCAAGC,ATTCAAGG
ATTCAAGT,ATTCAAGG
ATTCAAGN,ATTCAAGG
AGATTCCG,TGATTCCG
CGATTCCG,TGATTCCG
TGATTCCG,TGATTCCG
GGATTCCG,TGATTCCG
NGATTCCG,TGATTCCG
TAATTCCG,TGATTCCG
TCATTCCG,TGATTCCG
TTATTCCG,TGATTCCG
TNATTCCG,TGATTCCG
TGCTTCCG,TGATTCCG
TGTTTCCG,TGATTCCG
TGGTTCCG,TGATTCCG
TGNTTCCG,TGATTCCG
TGAATCCG,TGATTCCG
TGACTCCG,TGATTCCG
TGAGTCCG,TGATTCCG
TGANTCCG,TGATTCCG
TGATACCG,TGATTCCG
TGATCCCG,TGATTCCG
TGATGCCG,TGATTCCG
TGATNCCG,TGATTCCG
TGATTACG,TGATTCCG
TGATTTCG,TGATTCCG
TGATTGCG,TGATTCCG
TGATTNCG,TGATTCCG
TGATTCAG,TGATTCCG
TGATTCTG,TGATTCCG
TGATTCGG,TGATTCCG
TGATTCNG,TGATTCCG
TGATTCCA,TGATTCCG
TGATTCCC,TGATTCCG
TGATTCCT,TGATTCCG
TGATTCCN,TGATTCCG
ACAACTAG,GCAACTAG
CCAACTAG,GCAACTAG
TCAACTAG,GCAACTAG
GCAACTAG,GCAACTAG
NCAACTAG,GCAACTAG
GAAACTAG,GCAACTAG
GTAACTAG,GCAACTAG
GGAACTAG,GCAACTAG
GNAACTAG,GCAACTAG
GCCACTAG,GCAACTAG
GCTACTAG,GCAACTAG
GCGACTAG,GCAACTAG
GCNACTAG,GCAACTAG
GCACCTAG,GCAACTAG
GCATCTAG,GCAACTAG
GCAGCTAG,GCAACTAG
GCANCTAG,GCAACTAG
GCAAATAG,GCAACTAG
GCAATTAG,GCAACTAG
GCAAGTAG,GCAACTAG
GCAANTAG,GCAACTAG
GCAACAAG,GCAACTAG
GCAACCAG,GCAACTAG
GCAACGAG,GCAACTAG
GCAACNAG,GCAACTAG
GCAACTCG,GCAACTAG
GCAACTTG,GCAACTAG
GCAACTGG,GCAACTAG
GCAACTNG,GCAACTAG
GCAACTAA,GCAACTAG
GCAACTAC,GCAACTAG
GCAACTAT,GCAACTAG
GCAACTAN,GCAACTAG
AACGCGAG,TACGCGAG
CACGCGAG,TACGCGAG
TACGCGAG,TACGCGAG
GACGCGAG,TACGCGAG
NACGCGAG,TACGCGAG
TCCGCGAG,TACGCGAG
TTCGCGAG,TACGCGAG
TGCGCGAG,TACGCGAG
TNCGCGAG,TACGCGAG
TAAGCGAG,TACGCGAG
TATGCGAG,TACGCGAG
TAGGCGAG,TACGCGAG
TANGCGAG,TACGCGAG
TACACGAG,TACGCGAG
TACCCGAG,TACGCGAG
TACTCGAG,TACGCGAG
TACNCGAG,TACGCGAG
TACGAGAG,TACGCGAG
TACGTGAG,TACGCGAG
TACGGGAG,TACGCGAG
TACGNGAG,TACGCGAG
TACGCAAG,TACGCGAG
TACGCCAG,TACGCGAG
TACGCTAG,TACGCGAG
TACGCNAG,TACGCGAG
TACGCGCG,TACGCGAG
TACGCGTG,TACGCGAG
TACGCGGG,TACGCGAG
TACGCGNG,TACGCGAG
TACGCGAA,TACGCGAG
TACGCGAC,TACGCGAG
TACGCGAT,TACGCGAG
TACGCGAN,TACGCGAG
AACTCAAG,GACTCAAG
CACTCAAG,GACTCAAG
TACTCAAG,GACTCAAG
GACTCAAG,GACTCAAG
NACTCAAG,GACTCAAG
GCCTCAAG,GACTCAAG
GTCTCAAG,GACTCAAG
GGCTCAAG,GACTCAAG
GNCTCAAG,GACTCAAG
GAATCAAG,GACTCAAG
GATTCAAG,GACTCAAG
GAGTCAAG,GACTCAAG
GANTCAAG,GACTCAAG
GACACAAG,GACTCAAG
GACCCAAG,GACTCAAG
GACGCAAG,GACTCAAG
GACNCAAG,GACTCAAG
GACTAAAG,GACTCAAG
GACTTAAG,GACTCAAG
GACTGAAG,GACTCAAG
GACTNAAG,GACTCAAG
GACTCCAG,GACTCAAG
GACTCTAG,GACTCAAG
GACTCGAG,GACTCAAG
GACTCNAG,GACTCAAG
GACTCACG,GACTCAAG
GACTCATG,GACTCAAG
GACTCAGG,GACTCAAG
GACTCANG,GACTCAAG
GACTCAAA,GACTCAAG
GACTCAAC,GACTCAAG
GACTCAAT,GACTCAAG
GACTCAAN,GACTCAAG
ATACGTTC,ATACGTTC
CTACGTTC,ATACGTTC
TTACGTTC,ATACGTTC
GTACGTTC,ATACGTTC
NTACGTTC,ATACGTTC
AAACGTTC,ATACGTTC
ACACGTTC,ATACGTTC
AGACGTTC,ATACGTTC
ANACGTTC,ATACGTTC
ATCCGTTC,ATACGTTC
ATTCGTTC,ATACGTTC
ATGCGTTC,ATACGTTC
ATNCGTTC,ATACGTTC
ATAAGTTC,ATACGTTC
ATATGTTC,ATACGTTC
ATAGGTTC,ATACGTTC
ATANGTTC,ATACGTTC
ATACATTC,ATACGTTC
ATACCTTC,ATACGTTC
ATACTTTC,ATACGTTC
ATACNTTC,ATACGTTC
ATACGATC,ATACGTTC
ATACGCTC,ATACGTTC
ATACGGTC,ATACGTTC
ATACGNTC,ATACGTTC
ATACGTAC,ATACGTTC
ATACGTCC,ATACGTTC
ATACGTGC,ATACGTTC
ATACGTNC,ATACGTTC
ATACGTTA,ATACGTTC
ATACGTTT,ATACGTTC
ATACGTTG,ATACGTTC
ATACGTTN,ATACGTTC
ACGCAGTC,CCGCAGTC
CCGCAGTC,CCGCAGTC
TCGCAGTC,CCGCAGTC
GCGCAGTC,CCGCAGTC
NCGCAGTC,CCGCAGTC
CAGCAGTC,CCGCAGTC
CTGCAGTC,CCGCAGTC
CGGCAGTC,CCGCAGTC
CNGCAGTC,CCGCAGTC
CCACAGTC,CCGCAGTC
CCCCAGTC,CCGCAGTC
CCTCAGTC,CCGCAGTC
CCNCAGTC,CCGCAGTC
CCGAAGTC,CCGCAGTC
CCGTAGTC,CCGCAGTC
CCGGAGTC,CCGCAGTC
CCGNAGTC,CCGCAGTC
CCGCCGTC,CCGCAGTC
CCGCTGTC,CCGCAGTC
CCGCGGTC,CCGCAGTC
CCGCNGTC,CCGCAGTC
CCGCAATC,CCGCAGTC
CCGCACTC,CCGCAGTC
CCGCATTC,CCGCAGTC
CCGCANTC,CCGCAGTC
CCGCAGAC,CCGCAGTC
CCGCAGCC,CCGCAGTC
CCGCAGGC,CCGCAGTC
CCGCAGNC,CCGCAGTC
CCGCAGTA,CCGCAGTC
CCGCAGTT,CCGCAGTC
CCGCAGTG,CCGCAGTC
CCGCAGTN,CCGCAGTC
ACGTACGC,CCGTACGC
CCGTACGC,CCGTACGC
TCGTACGC,CCGTACGC
GCGTACGC,CCGTACGC
NCGTACGC,CCGTACGC
CAGTACGC,CCGTACGC
CTGTACGC,CCGTACGC
CGGTACGC,CCGTACGC
CNGTACGC,CCGTACGC
CCATACGC,CCGTACGC
CCCTACGC,CCGTACGC
CCTTACGC,CCGTACGC
CCNTACGC,CCGTACGC
CCGAACGC,CCGTACGC
CCGCACGC,CCGTACGC
CCGGACGC,CCGTACGC
CCGNACGC,CCGTACGC
CCGTCCGC,CCGTACGC
CCGTTCGC,CCGTACGC
CCGTGCGC,CCGTACGC
CCGTNCGC,CCGTACGC
CCGTAAGC,CCGTACGC
CCGTATGC,CCGTACGC
CCGTAGGC,CCGTACGC
CCGTANGC,CCGTACGC
CCGTACAC,CCGTACGC
CCGTACCC,CCGTACGC
CCGTACTC,CCGTACGC
CCGTACNC,CCGTACGC
CCGTACGA,CCGTACGC
CCGTACGT,CCGTACGC
CCGTACGG,CCGTACGC
CCGTACGN,CCGTACGC
AGAGAAGC,GGAGAAGC
CGAGAAGC,GGAGAAGC
TGAGAAGC,GGAGAAGC
GGAGAAGC,GGAGAAGC
NGAGAAGC,GGAGAAGC
GAAGAAGC,GGAGAAGC
GCAGAAGC,GGAGAAGC
GTAGAAGC,GGAGAAGC
GNAGAAGC,GGAGAAGC
GGCGAAGC,GGAGAAGC
GGTGAAGC,GGAGAAGC
GGGGAAGC,GGAGAAGC
GGNGAAGC,GGAGAAGC
GGAAAAGC,GGAGAAGC
GGACAAGC,GGAGAAGC
GGATAAGC,GGAGAAGC
GGANAAGC,GGAGAAGC
GGAGCAGC,GGAGAAGC
GGAGTAGC,GGAGAAGC
GGAGGAGC,GGAGAAGC
GGAGNAGC,GGAGAAGC
GGAGACGC,GGAGAAGC
GGAGATGC,GGAGAAGC
GGAGAGGC,GGAGAAGC
GGAGANGC,GGAGAAGC
GGAGAAAC,GGAGAAGC
GGAGAACC,GGAGAAGC
GGAGAATC,GGAGAAGC
GGAGAANC,GGAGAAGC
GGAGAAGA,GGAGAAGC
GGAGAAGT,GGAGAAGC
GGAGAAGG,GGAGAAGC
GGAGAAGN,GGAGAAGC
AAGCCTCC,GAGCCTCC
CAGCCTCC,GAGCCTCC
TAGCCTCC,GAGCCTCC
GAGCCTCC,GAGCCTCC
NAGCCTCC,GAGCCTCC
GCGCCTCC,GAGCCTCC
GTGCCTCC,GAGCCTCC
GGGCCTCC,GAGCCTCC
GNGCCTCC,GAGCCTCC
GAACCTCC,GAGCCTCC
GACCCTCC,GAGCCTCC
GATCCTCC,GAGCCTCC
GANCCTCC,GAGCCTCC
GAGACTCC,GAGCCTCC
GAGTCTCC,GAGCCTCC
GAGGCTCC,GAGCCTCC
GAGNCTCC,GAGCCTCC
GAGCATCC,GAGCCTCC
GAGCTTCC,GAGCCTCC
GAGCGTCC,GAGCCTCC
GAGCNTCC,GAGCCTCC
GAGCCACC,GAGCCTCC
GAGCCCCC,GAGCCTCC
GAGCCGCC,GAGCCTCC
GAGCCNCC,GAGCCTCC
GAGCCTAC,GAGCCTCC
GAGCCTTC,GAGCCTCC
GAGCCTGC,GAGCCTCC
GAGCCTNC,GAGCCTCC
GAGCCTCA,GAGCCTCC
GAGCCTCT,GAGCCTCC
GAGCCTCG,GAGCCTCC
GAGCCTCN,GAGCCTCC
AATACTCC,CATACTCC
CATACTCC,CATACTCC
TATACTCC,CATACTCC
GATACTCC,CATACTCC
NATACTCC,CATACTCC
CCTACTCC,CATACTCC
CTTACTCC,CATACTCC
CGTACTCC,CATACTCC
CNTACTCC,CATACTCC
CAAACTCC,CATACTCC
CACACTCC,CATACTCC
CAGACTCC,CATACTCC
CANACTCC,CATACTCC
CATCCTCC,CATACTCC
CATTCTCC,CATACTCC
CATGCTCC,CATACTCC
CATNCTCC,CATACTCC
CATAATCC,CATACTCC
CATATTCC,CATACTCC
CATAGTCC,CATACTCC
CATANTCC,CATACTCC
CATACACC,CATACTCC
CATACCCC,CATACTCC
CATACGCC,CATACTCC
CATACNCC,CATACTCC
CATACTAC,CATACTCC
CATACTTC,CATACTCC
CATACTGC,CATACTCC
CATACTNC,CATACTCC
CATACTCA,CATACTCC
CATACTCT,CATACTCC
CATACTCG,CATACTCC
CATACTCN,CATACTCC
ATAGCGAC,CTAGCGAC
CTAGCGAC,CTAGCGAC
TTAGCGAC,CTAGCGAC
GTAGCGAC,CTAGCGAC
NTAGCGAC,CTAGCGAC
CAAGCGAC,CTAGCGAC
CCAGCGAC,CTAGCGAC
CGAGCGAC,CTAGCGAC
CNAGCGAC,CTAGCGAC
CTCGCGAC,CTAGCGAC
CTTGCGAC,CTAGCGAC
CTGGCGAC,CTAGCGAC
CTNGCGAC,CTAGCGAC
CTAACGAC,CTAGCGAC
CTACCGAC,CTAGCGAC
CTATCGAC,CTAGCGAC
CTANCGAC,CTAGCGAC
CTAGAGAC,CTAGCGAC
CTAGTGAC,CTAGCGAC
CTAGGGAC,CTAGCGAC
CTAGNGAC,CTAGCGAC
CTAGCAAC,CTAGCGAC
CTAGCCAC,CTAGCGAC
CTAGCTAC,CTAGCGAC
CTAGCNAC,CTAGCGAC
CTAGCGCC,CTAGCGAC
CTAGCGTC,CTAGCGAC
CTAGCGGC,CTAGCGAC
CTAGCGNC,CTAGCGAC
CTAGCGAA,CTAGCGAC
CTAGCGAT,CTAGCGAC
CTAGCGAG,CTAGCGAC
CTAGCGAN,CTAGCGAC
ACGAACGA,TCGAACGA
CCGAACGA,TCGAACGA
TCGAACGA,TCGAACGA
GCGAACGA,TCGAACGA
NCGAACGA,TCGAACGA
TAGAACGA,TCGAACGA
TTGAACGA,TCGAACGA
TGGAACGA,TCGAACGA
TNGAACGA,TCGAACGA
TCAAACGA,TCGAACGA
TCCAACGA,TCGAACGA
TCTAACGA,TCGAACGA
TCNAACGA,TCGAACGA
TCGCACGA,TCGAACGA
TCGTACGA,TCGAACGA
TCGGACGA,TCGAACGA
TCGNACGA,TCGAACGA
TCGACCGA,TCGAACGA
TCGATCGA,TCGAACGA
TCGAGCGA,TCGAACGA
TCGANCGA,TCGAACGA
TCGAAAGA,TCGAACGA
TCGAATGA,TCGAACGA
TCGAAGGA,TCGAACGA
TCGAANGA,TCGAACGA
TCGAACAA,TCGAACGA
TCGAACCA,TCGAACGA
TCGAACTA,TCGAACGA
TCGAACNA,TCGAACGA
TCGAACGC,TCGAACGA
TCGAACGT,TCGAACGA
TCGAACGG,TCGAACGA
TCGAACGN,TCGAACGA
AGTAGAGA,GGTAGAGA
CGTAGAGA,GGTAGAGA
TGTAGAGA,GGTAGAGA
GGTAGAGA,GGTAGAGA
NGTAGAGA,GGTAGAGA
GATAGAGA,GGTAGAGA
GCTAGAGA,GGTAGAGA
GTTAGAGA,GGTAGAGA
GNTAGAGA,GGTAGAGA
GGAAGAGA,GGTAGAGA
GGCAGAGA,GGTAGAGA
GGGAGAGA,GGTAGAGA
GGNAGAGA,GGTAGAGA
GGTCGAGA,GGTAGAGA
GGTTGAGA,GGTAGAGA
GGTGGAGA,GGTAGAGA
GGTNGAGA,GGTAGAGA
GGTAAAGA,GGTAGAGA
GGTACAGA,GGTAGAGA
GGTATAGA,GGTAGAGA
GGTANAGA,GGTAGAGA
GGTAGCGA,GGTAGAGA
GGTAGTGA,GGTAGAGA
GGTAGGGA,GGTAGAGA
GGTAGNGA,GGTAGAGA
GGTAGAAA,GGTAGAGA
GGTAGACA,GGTAGAGA
GGTAGATA,GGTAGAGA
GGTAGANA,GGTAGAGA
GGTAGAGC,GGTAGAGA
GGTAGAGT,GGTAGAGA
GGTAGAGG,GGTAGAGA
GGTAGAGN,GGTAGAGA
AGTCGCCA,CGTCGCCA
CGTCGCCA,CGTCGCCA
TGTCGCCA,CGTCGCCA
GGTCGCCA,CGTCGCCA
NGTCGCCA,CGTCGCCA
CATCGCCA,CGTCGCCA
CCTCGCCA,CGTCGCCA
CTTCGCCA,CGTCGCCA
CNTCGCCA,CGTCGCCA
CGACGCCA,CGTCGCCA
CGCCGCCA,CGTCGCCA
CGGCGCCA,CGTCGCCA
CGNCGCCA,CGTCGCCA
CGTAGCCA,CGTCGCCA
CGTTGCCA,CGTCGCCA
CGTGGCCA,CGTCGCCA
CGTNGCCA,CGTCGCCA
CGTCACCA,CGTCGCCA
CGTCCCCA,CGTCGCCA
CGTCTCCA,CGTCGCCA
CGTCNCCA,CGTCGCCA
CGTCGACA,CGTCGCCA
CGTCGTCA,CGTCGCCA
CGTCGGCA,CGTCGCCA
CGTCGNCA,CGTCGCCA
CGTCGCAA,CGTCGCCA
CGTCGCTA,CGTCGCCA
CGTCGCGA,CGTCGCCA
CGTCGCNA,CGTCGCCA
CGTCGCCC,CGTCGCCA
CGTCGCCT,CGTCGCCA
CGTCGCCG,CGTCGCCA
CGTCGCCN,CGTCGCCA
ACATCGAA,TCATCGAA
CCATCGAA,TCATCGAA
TCATCGAA,TCATCGAA
GCATCGAA,TCATCGAA
NCATCGAA,TCATCGAA
TAATCGAA,TCATCGAA
TTATCGAA,TCATCGAA
TGATCGAA,TCATCGAA
TNATCGAA,TCATCGAA
TCCTCGAA,TCATCGAA
TCTTCGAA,TCATCGAA
TCGTCGAA,TCATCGAA
TCNTCGAA,TCATCGAA
TCAACGAA,TCATCGAA
TCACCGAA,TCATCGAA
TCAGCGAA,TCATCGAA
TCANCGAA,TCATCGAA
TCATAGAA,TCATCGAA
TCATTGAA,TCATCGAA
TCATGGAA,TCATCGAA
TCATNGAA,TCATCGAA
TCATCAAA,TCATCGAA
TCATCCAA,TCATCGAA
TCATCTAA,TCATCGAA
TCATCNAA,TCATCGAA
TCATCGCA,TCATCGAA
TCATCGTA,TCATCGAA
TCATCGGA,TCATCGAA
TCATCGNA,TCATCGAA
TCATCGAC,TCATCGAA
TCATCGAT,TCATCGAA
TCATCGAG,TCATCGAA
TCATCGAN,TCATCGAA
AGGATCAA,TGGATCAA
CGGATCAA,TGGATCAA
TGGATCAA,TGGATCAA
GGGATCAA,TGGATCAA
NGGATCAA,TGGATCAA
TAGATCAA,TGGATCAA
TCGATCAA,TGGATCAA
TTGATCAA,TGGATCAA
TNGATCAA,TGGATCAA
TGAATCAA,TGGATCAA
TGCATCAA,TGGATCAA
TGTATCAA,TGGATCAA
TGNATCAA,TGGATCAA
TGGCTCAA,TGGATCAA
TGGTTCAA,TGGATCAA
TGGGTCAA,TGGATCAA
TGGNTCAA,TGGATCAA
TGGAACAA,TGGATCAA
TGGACCAA,TGGATCAA
TGGAGCAA,TGGATCAA
TGGANCAA,TGGATCAA
TGGATAAA,TGGATCAA
TGGATTAA,TGGATCAA
TGGATGAA,TGGATCAA
TGGATNAA,TGGATCAA
TGGATCCA,TGGATCAA
TGGATCTA,TGGATCAA
TGGATCGA,TGGATCAA
TGGATCNA,TGGATCAA
TGGATCAC,TGGATCAA
TGGATCAT,TGGATCAA
TGGATCAG,TGGATCAA
TGGATCAN,TGGATCAA
AGCAGGTT,GGCAGGTT
CGCAGGTT,GGCAGGTT
TGCAGGTT,GGCAGGTT
GGCAGGTT,GGCAGGTT
NGCAGGTT,GGCAGGTT
GACAGGTT,GGCAGGTT
GCCAGGTT,GGCAGGTT
GTCAGGTT,GGCAGGTT
GNCAGGTT,GGCAGGTT
GGAAGGTT,GGCAGGTT
GGTAGGTT,GGCAGGTT
GGGAGGTT,GGCAGGTT
GGNAGGTT,GGCAGGTT
GGCCGGTT,GGCAGGTT
GGCTGGTT,GGCAGGTT
GGCGGGTT,GGCAGGTT
GGCNGGTT,GGCAGGTT
GGCAAGTT,GGCAGGTT
GGCACGTT,GGCAGGTT
GGCATGTT,GGCAGGTT
GGCANGTT,GGCAGGTT
GGCAGATT,GGCAGGTT
GGCAGCTT,GGCAGGTT
GGCAGTTT,GGCAGGTT
GGCAGNTT,GGCAGGTT
GGCAGGAT,GGCAGGTT
GGCAGGCT,GGCAGGTT
GGCAGGGT,GGCAGGTT
GGCAGGNT,GGCAGGTT
GGCAGGTA,GGCAGGTT
GGCAGGTC,GGCAGGTT
GGCAGGTG,GGCAGGTT
GGCAGGTN,GGCAGGTT
AATGCGTT,GATGCGTT
CATGCGTT,GATGCGTT
TATGCGTT,GATGCGTT
GATGCGTT,GATGCGTT
NATGCGTT,GATGCGTT
GCTGCGTT,GATGCGTT
GTTGCGTT,GATGCGTT
GGTGCGTT,GATGCGTT
GNTGCGTT,GATGCGTT
GAAGCGTT,GATGCGTT
GACGCGTT,GATGCGTT
GAGGCGTT,GATGCGTT
GANGCGTT,GATGCGTT
GATACGTT,GATGCGTT
GATCCGTT,GATGCGTT
GATTCGTT,GATGCGTT
GATNCGTT,GATGCGTT
GATGAGTT,GATGCGTT
GATGTGTT,GATGCGTT
GATGGGTT,GATGCGTT
GATGNGTT,GATGCGTT
GATGCATT,GATGCGTT
GATGCCTT,GATGCGTT
GATGCTTT,GATGCGTT
GATGCNTT,GATGCGTT
GATGCGAT,GATGCGTT
GATGCGCT,GATGCGTT
GATGCGGT,GATGCGTT
GATGCGNT,GATGCGTT
GATGCGTA,GATGCGTT
GATGCGTC,GATGCGTT
GATGCGTG,GATGCGTT
GATGCGTN,GATGCGTT
ATGGCGTT,ATGGCGTT
CTGGCGTT,ATGGCGTT
TTGGCGTT,ATGGCGTT
GTGGCGTT,ATGGCGTT
NTGGCGTT,ATGGCGTT
AAGGCGTT,ATGGCGTT
ACGGCGTT,ATGGCGTT
AGGGCGTT,ATGGCGTT
ANGGCGTT,ATGGCGTT
ATAGCGTT,ATGGCGTT
ATCGCGTT,ATGGCGTT
ATTGCGTT,ATGGCGTT
ATNGCGTT,ATGGCGTT
ATGACGTT,ATGGCGTT
ATGCCGTT,ATGGCGTT
ATGTCGTT,ATGGCGTT
ATGNCGTT,ATGGCGTT
ATGGAGTT,ATGGCGTT
ATGGTGTT,ATGGCGTT
ATGGGGTT,ATGGCGTT
ATGGNGTT,ATGGCGTT
ATGGCATT,ATGGCGTT
ATGGCCTT,ATGGCGTT
ATGGCTTT,ATGGCGTT
ATGGCNTT,ATGGCGTT
ATGGCGAT,ATGGCGTT
ATGGCGCT,ATGGCGTT
ATGGCGGT,ATGGCGTT
ATGGCGNT,ATGGCGTT
ATGGCGTA,ATGGCGTT
ATGGCGTC,ATGGCGTT
ATGGCGTG,ATGGCGTT
ATGGCGTN,ATGGCGTT
AGCGCGTT,TGCGCGTT
CGCGCGTT,TGCGCGTT
TGCGCGTT,TGCGCGTT
GGCGCGTT,TGCGCGTT
NGCGCGTT,TGCGCGTT
TACGCGTT,TGCGCGTT
TCCGCGTT,TGCGCGTT
TTCGCGTT,TGCGCGTT
TNCGCGTT,TGCGCGTT
TGAGCGTT,TGCGCGTT
TGTGCGTT,TGCGCGTT
TGGGCGTT,TGCGCGTT
TGNGCGTT,TGCGCGTT
TGCACGTT,TGCGCGTT
TGCCCGTT,TGCGCGTT
TGCTCGTT,TGCGCGTT
TGCNCGTT,TGCGCGTT
TGCGAGTT,TGCGCGTT
TGCGTGTT,TGCGCGTT
TGCGGGTT,TGCGCGTT
TGCGNGTT,TGCGCGTT
TGCGCATT,TGCGCGTT
TGCGCCTT,TGCGCGTT
TGCGCTTT,TGCGCGTT
TGCGCNTT,TGCGCGTT
TGCGCGAT,TGCGCGTT
TGCGCGCT,TGCGCGTT
TGCGCGGT,TGCGCGTT
TGCGCGNT,TGCGCGTT
TGCGCGTA,TGCGCGTT
TGCGCGTC,TGCGCGTT
TGCGCGTG,TGCGCGTT
TGCGCGTN,TGCGCGTT
ACATTCTT,CCATTCTT
CCATTCTT,CCATTCTT
TCATTCTT,CCATTCTT
GCATTCTT,CCATTCTT
NCATTCTT,CCATTCTT
CAATTCTT,CCATTCTT
CTATTCTT,CCATTCTT
CGATTCTT,CCATTCTT
CNATTCTT,CCATTCTT
CCCTTCTT,CCATTCTT
CCTTTCTT,CCATTCTT
CCGTTCTT,CCATTCTT
CCNTTCTT,CCATTCTT
CCAATCTT,CCATTCTT
CCACTCTT,CCATTCTT
CCAGTCTT,CCATTCTT
CCANTCTT,CCATTCTT
CCATACTT,CCATTCTT
CCATCCTT,CCATTCTT
CCATGCTT,CCATTCTT
CCATNCTT,CCATTCTT
CCATTATT,CCATTCTT
CCATTTTT,CCATTCTT
CCATTGTT,CCATTCTT
CCATTNTT,CCATTCTT
CCATTCAT,CCATTCTT
CCATTCCT,CCATTCTT
CCATTCGT,CCATTCTT
CCATTCNT,CCATTCTT
CCATTCTA,CCATTCTT
CCATTCTC,CCATTCTT
CCATTCTG,CCATTCTT
CCATTCTN,CCATTCTT
AGCGTCTT,AGCGTCTT
CGCGTCTT,AGCGTCTT
TGCGTCTT,AGCGTCTT
GGCGTCTT,AGCGTCTT
NGCGTCTT,AGCGTCTT
AACGTCTT,AGCGTCTT
ACCGTCTT,AGCGTCTT
ATCGTCTT,AGCGTCTT
ANCGTCTT,AGCGTCTT
AGAGTCTT,AGCGTCTT
AGTGTCTT,AGCGTCTT
AGGGTCTT,AGCGTCTT
AGNGTCTT,AGCGTCTT
AGCATCTT,AGCGTCTT
AGCCTCTT,AGCGTCTT
AGCTTCTT,AGCGTCTT
AGCNTCTT,AGCGTCTT
AGCGACTT,AGCGTCTT
AGCGCCTT,AGCGTCTT
AGCGGCTT,AGCGTCTT
AGCGNCTT,AGCGTCTT
AGCGTATT,AGCGTCTT
AGCGTTTT,AGCGTCTT
AGCGTGTT,AGCGTCTT
AGCGTNTT,AGCGTCTT
AGCGTCAT,AGCGTCTT
AGCGTCCT,AGCGTCTT
AGCGTCGT,AGCGTCTT
AGCGTCNT,AGCGTCTT
AGCGTCTA,AGCGTCTT
AGCGTCTC,AGCGTCTT
AGCGTCTG,AGCGTCTT
AGCGTCTN,AGCGTCTT
AGGTTGGT,CGGTTGGT
CGGTTGGT,CGGTTGGT
TGGTTGGT,CGGTTGGT
GGGTTGGT,CGGTTGGT
NGGTTGGT,CGGTTGGT
CAGTTGGT,CGGTTGGT
CCGTTGGT,CGGTTGGT
CTGTTGGT,CGGTTGGT
CNGTTGGT,CGGTTGGT
CGATTGGT,CGGTTGGT
CGCTTGGT,CGGTTGGT
CGTTTGGT,CGGTTGGT
CGNTTGGT,CGGTTGGT
CGGATGGT,CGGTTGGT
CGGCTGGT,CGGTTGGT
CGGGTGGT,CGGTTGGT
CGGNTGGT,CGGTTGGT
CGGTAGGT,CGGTTGGT
CGGTCGGT,CGGTTGGT
CGGTGGGT,CGGTTGGT
CGGTNGGT,CGGTTGGT
CGGTTAGT,CGGTTGGT
CGGTTCGT,CGGTTGGT
CGGTTTGT,CGGTTGGT
CGGTTNGT,CGGTTGGT
CGGTTGAT,CGGTTGGT
CGGTTGCT,CGGTTGGT
CGGTTGTT,CGGTTGGT
CGGTTGNT,CGGTTGGT
CGGTTGGA,CGGTTGGT
CGGTTGGC,CGGTTGGT
CGGTTGGG,CGGTTGGT
CGGTTGGN,CGGTTGGT
AATTCGGT,CATTCGGT
CATTCGGT,CATTCGGT
TATTCGGT,CATTCGGT
GATTCGGT,CATTCGGT
NATTCGGT,CATTCGGT
CCTTCGGT,CATTCGGT
CTTTCGGT,CATTCGGT
CGTTCGGT,CATTCGGT
CNTTCGGT,CATTCGGT
CAATCGGT,CATTCGGT
CACTCGGT,CATTCGGT
CAGTCGGT,CATTCGGT
CANTCGGT,CATTCGGT
CATACGGT,CATTCGGT
CATCCGGT,CATTCGGT
CATGCGGT,CATTCGGT
CATNCGGT,CATTCGGT
CATTAGGT,CATTCGGT
CATTTGGT,CATTCGGT
CATTGGGT,CATTCGGT
CATTNGGT,CATTCGGT
CATTCAGT,CATTCGGT
CATTCCGT,CATTCGGT
CATTCTGT,CATTCGGT
CATTCNGT,CATTCGGT
CATTCGAT,CATTCGGT
CATTCGCT,CATTCGGT
CATTCGTT,CATTCGGT
CATTCGNT,CATTCGGT
CATTCGGA,CATTCGGT
CATTCGGC,CATTCGGT
CATTCGGG,CATTCGGT
CATTCGGN,CATTCGGT
AAGCGAGT,TAGCGAGT
CAGCGAGT,TAGCGAGT
TAGCGAGT,TAGCGAGT
GAGCGAGT,TAGCGAGT
NAGCGAGT,TAGCGAGT
TCGCGAGT,TAGCGAGT
TTGCGAGT,TAGCGAGT
TGGCGAGT,TAGCGAGT
TNGCGAGT,TAGCGAGT
TAACGAGT,TAGCGAGT
TACCGAGT,TAGCGAGT
TATCGAGT,TAGCGAGT
TANCGAGT,TAGCGAGT
TAGAGAGT,TAGCGAGT
TAGTGAGT,TAGCGAGT
TAGGGAGT,TAGCGAGT
TAGNGAGT,TAGCGAGT
TAGCAAGT,TAGCGAGT
TAGCCAGT,TAGCGAGT
TAGCTAGT,TAGCGAGT
TAGCNAGT,TAGCGAGT
TAGCGCGT,TAGCGAGT
TAGCGTGT,TAGCGAGT
TAGCGGGT,TAGCGAGT
TAGCGNGT,TAGCGAGT
TAGCGAAT,TAGCGAGT
TAGCGACT,TAGCGAGT
TAGCGATT,TAGCGAGT
TAGCGANT,TAGCGAGT
TAGCGAGA,TAGCGAGT
TAGCGAGC,TAGCGAGT
TAGCGAGG,TAGCGAGT
TAGCGAGN,TAGCGAGT
ACTCTTCT,GCTCTTCT
CCTCTTCT,GCTCTTCT
TCTCTTCT,GCTCTTCT
GCTCTTCT,GCTCTTCT
NCTCTTCT,GCTCTTCT
GATCTTCT,GCTCTTCT
GTTCTTCT,GCTCTTCT
GGTCTTCT,GCTCTTCT
GNTCTTCT,GCTCTTCT
GCACTTCT,GCTCTTCT
GCCCTTCT,GCTCTTCT
GCGCTTCT,GCTCTTCT
GCNCTTCT,GCTCTTCT
GCTATTCT,GCTCTTCT
GCTTTTCT,GCTCTTCT
GCTGTTCT,GCTCTTCT
GCTNTTCT,GCTCTTCT
GCTCATCT,GCTCTTCT
GCTCCTCT,GCTCTTCT
GCTCGTCT,GCTCTTCT
GCTCNTCT,GCTCTTCT
GCTCTACT,GCTCTTCT
GCTCTCCT,GCTCTTCT
GCTCTGCT,GCTCTTCT
GCTCTNCT,GCTCTTCT
GCTCTTAT,GCTCTTCT
GCTCTTTT,GCTCTTCT
GCTCTTGT,GCTCTTCT
GCTCTTNT,GCTCTTCT
GCTCTTCA,GCTCTTCT
GCTCTTCC,GCTCTTCT
GCTCTTCG,GCTCTTCT
GCTCTTCN,GCTCTTCT
AAGATTCT,GAGATTCT
CAGATTCT,GAGATTCT
TAGATTCT,GAGATTCT
GAGATTCT,GAGATTCT
NAGATTCT,GAGATTCT
GCGATTCT,GAGATTCT
GTGATTCT,GAGATTCT
GGGATTCT,GAGATTCT
GNGATTCT,GAGATTCT
GAAATTCT,GAGATTCT
GACATTCT,GAGATTCT
GATATTCT,GAGATTCT
GANATTCT,GAGATTCT
GAGCTTCT,GAGATTCT
GAGTTTCT,GAGATTCT
GAGGTTCT,GAGATTCT
GAGNTTCT,GAGATTCT
GAGAATCT,GAGATTCT
GAGACTCT,GAGATTCT
GAGAGTCT,GAGATTCT
GAGANTCT,GAGATTCT
GAGATACT,GAGATTCT
GAGATCCT,GAGATTCT
GAGATGCT,GAGATTCT
GAGATNCT,GAGATTCT
GAGATTAT,GAGATTCT
GAGATTTT,GAGATTCT
GAGATTGT,GAGATTCT
GAGATTNT,GAGATTCT
GAGATTCA,GAGATTCT
GAGATTCC,GAGATTCT
GAGATTCG,GAGATTCT
GAGATTCN,GAGATTCT
ATAAGCAT,CTAAGCAT
CTAAGCAT,CTAAGCAT
TTAAGCAT,CTAAGCAT
GTAAGCAT,CTAAGCAT
NTAAGCAT,CTAAGCAT
CAAAGCAT,CTAAGCAT
CCAAGCAT,CTAAGCAT
CGAAGCAT,CTAAGCAT
CNAAGCAT,CTAAGCAT
CTCAGCAT,CTAAGCAT
CTTAGCAT,CTAAGCAT
CTGAGCAT,CTAAGCAT
CTNAGCAT,CTAAGCAT
CTACGCAT,CTAAGCAT
CTATGCAT,CTAAGCAT
CTAGGCAT,CTAAGCAT
CTANGCAT,CTAAGCAT
CTAAACAT,CTAAGCAT
CTAACCAT,CTAAGCAT
CTAATCAT,CTAAGCAT
CTAANCAT,CTAAGCAT
CTAAGAAT,CTAAGCAT
CTAAGTAT,CTAAGCAT
CTAAGGAT,CTAAGCAT
CTAAGNAT,CTAAGCAT
CTAAGCCT,CTAAGCAT
CTAAGCTT,CTAAGCAT
CTAAGCGT,CTAAGCAT
CTAAGCNT,CTAAGCAT
CTAAGCAA,CTAAGCAT
CTAAGCAC,CTAAGCAT
CTAAGCAG,CTAAGCAT
CTAAGCAN,CTAAGCAT
AAGGTCTG,AAGGTCTG
CAGGTCTG,AAGGTCTG
TAGGTCTG,AAGGTCTG
GAGGTCTG,AAGGTCTG
NAGGTCTG,AAGGTCTG
ACGGTCTG,AAGGTCTG
ATGGTCTG,AAGGTCTG
AGGGTCTG,AAGGTCTG
ANGGTCTG,AAGGTCTG
AAAGTCTG,AAGGTCTG
AACGTCTG,AAGGTCTG
AATGTCTG,AAGGTCTG
AANGTCTG,AAGGTCTG
AAGATCTG,AAGGTCTG
AAGCTCTG,AAGGTCTG
AAGTTCTG,AAGGTCTG
AAGNTCTG,AAGGTCTG
AAGGACTG,AAGGTCTG
AAGGCCTG,AAGGTCTG
AAGGGCTG,AAGGTCTG
AAGGNCTG,AAGGTCTG
AAGGTATG,AAGGTCTG
AAGGTTTG,AAGGTCTG
AAGGTGTG,AAGGTCTG
AAGGTNTG,AAGGTCTG
AAGGTCAG,AAGGTCTG
AAGGTCCG,AAGGTCTG
AAGGTCGG,AAGGTCTG
AAGGTCNG,AAGGTCTG
AAGGTCTA,AAGGTCTG
AAGGTCTC,AAGGTCTG
AAGGTCTT,AAGGTCTG
AAGGTCTN,AAGGTCTG
ACTAGCGG,CCTAGCGG
CCTAGCGG,CCTAGCGG
TCTAGCGG,CCTAGCGG
GCTAGCGG,CCTAGCGG
NCTAGCGG,CCTAGCGG
CATAGCGG,CCTAGCGG
CTTAGCGG,CCTAGCGG
CGTAGCGG,CCTAGCGG
CNTAGCGG,CCTAGCGG
CCAAGCGG,CCTAGCGG
CCCAGCGG,CCTAGCGG
CCGAGCGG,CCTAGCGG
CCNAGCGG,CCTAGCGG
CCTCGCGG,CCTAGCGG
CCTTGCGG,CCTAGCGG
CCTGGCGG,CCTAGCGG
CCTNGCGG,CCTAGCGG
CCTAACGG,CCTAGCGG
CCTACCGG,CCTAGCGG
CCTATCGG,CCTAGCGG
CCTANCGG,CCTAGCGG
CCTAGAGG,CCTAGCGG
CCTAGTGG,CCTAGCGG
CCTAGGGG,CCTAGCGG
CCTAGNGG,CCTAGCGG
CCTAGCAG,CCTAGCGG
CCTAGCCG,CCTAGCGG
CCTAGCTG,CCTAGCGG
CCTAGCNG,CCTAGCGG
CCTAGCGA,CCTAGCGG
CCTAGCGC,CCTAGCGG
CCTAGCGT,CCTAGCGG
CCTAGCGN,CCTAGCGG
ATAACCGG,CTAACCGG
CTAACCGG,CTAACCGG
TTAACCGG,CTAACCGG
GTAACCGG,CTAACCGG
NTAACCGG,CTAACCGG
CAAACCGG,CTAACCGG
CCAACCGG,CTAACCGG
CGAACCGG,CTAACCGG
CNAACCGG,CTAACCGG
CTCACCGG,CTAACCGG
CTTACCGG,CTAACCGG
CTGACCGG,CTAACCGG
CTNACCGG,CTAACCGG
CTACCCGG,CTAACCGG
CTATCCGG,CTAACCGG
CTAGCCGG,CTAACCGG
CTANCCGG,CTAACCGG
CTAAACGG,CTAACCGG
CTAATCGG,CTAACCGG
CTAAGCGG,CTAACCGG
CTAANCGG,CTAACCGG
CTAACAGG,CTAACCGG
CTAACTGG,CTAACCGG
CTAACGGG,CTAACCGG
CTAACNGG,CTAACCGG
CTAACCAG,CTAACCGG
CTAACCCG,CTAACCGG
CTAACCTG,CTAACCGG
CTAACCNG,CTAACCGG
CTAACCGA,CTAACCGG
CTAACCGC,CTAACCGG
CTAACCGT,CTAACCGG
CTAACCGN,CTAACCGG
AGTCGAGG,CGTCGAGG
CGTCGAGG,CGTCGAGG
TGTCGAGG,CGTCGAGG
GGTCGAGG,CGTCGAGG
NGTCGAGG,CGTCGAGG
CATCGAGG,CGTCGAGG
CCTCGAGG,CGTCGAGG
CTTCGAGG,CGTCGAGG
CNTCGAGG,CGTCGAGG
CGACGAGG,CGTCGAGG
CGCCGAGG,CGTCGAGG
CGGCGAGG,CGTCGAGG
CGNCGAGG,CGTCGAGG
CGTAGAGG,CGTCGAGG
CGTTGAGG,CGTCGAGG
CGTGGAGG,CGTCGAGG
CGTNGAGG,CGTCGAGG
CGTCAAGG,CGTCGAGG
CGTCCAGG,CGTCGAGG
CGTCTAGG,CGTCGAGG
CGTCNAGG,CGTCGAGG
CGTCGCGG,CGTCGAGG
CGTCGTGG,CGTCGAGG
CGTCGGGG,CGTCGAGG
CGTCGNGG,CGTCGAGG
CGTCGAAG,CGTCGAGG
CGTCGACG,CGTCGAGG
CGTCGATG,CGTCGAGG
CGTCGANG,CGTCGAGG
CGTCGAGA,CGTCGAGG
CGTCGAGC,CGTCGAGG
CGTCGAGT,CGTCGAGG
CGTCGAGN,CGTCGAGG
AAGCTTCG,CAGCTTCG
CAGCTTCG,CAGCTTCG
TAGCTTCG,CAGCTTCG
GAGCTTCG,CAGCTTCG
NAGCTTCG,CAGCTTCG
CCGCTTCG,CAGCTTCG
CTGCTTCG,CAGCTTCG
CGGCTTCG,CAGCTTCG
CNGCTTCG,CAGCTTCG
CAACTTCG,CAGCTTCG
CACCTTCG,CAGCTTCG
CATCTTCG,CAGCTTCG
CANCTTCG,CAGCTTCG
CAGATTCG,CAGCTTCG
CAGTTTCG,CAGCTTCG
CAGGTTCG,CAGCTTCG
CAGNTTCG,CAGCTTCG
CAGCATCG,CAGCTTCG
CAGCCTCG,CAGCTTCG
CAGCGTCG,CAGCTTCG
CAGCNTCG,CAGCTTCG
CAGCTACG,CAGCTTCG
CAGCTCCG,CAGCTTCG
CAGCTGCG,CAGCTTCG
CAGCTNCG,CAGCTTCG
CAGCTTAG,CAGCTTCG
CAGCTTTG,CAGCTTCG
CAGCTTGG,CAGCTTCG
CAGCTTNG,CAGCTTCG
CAGCTTCA,CAGCTTCG
CAGCTTCC,CAGCTTCG
CAGCTTCT,CAGCTTCG
CAGCTTCN,CAGCTTCG
AGCGGTCG,CGCGGTCG
CGCGGTCG,CGCGGTCG
TGCGGTCG,CGCGGTCG
GGCGGTCG,CGCGGTCG
NGCGGTCG,CGCGGTCG
CACGGTCG,CGCGGTCG
CCCGGTCG,CGCGGTCG
CTCGGTCG,CGCGGTCG
CNCGGTCG,CGCGGTCG
CGAGGTCG,CGCGGTCG
CGTGGTCG,CGCGGTCG
CGGGGTCG,CGCGGTCG
CGNGGTCG,CGCGGTCG
CGCAGTCG,CGCGGTCG
CGCCGTCG,CGCGGTCG
CGCTGTCG,CGCGGTCG
CGCNGTCG,CGCGGTCG
CGCGATCG,CGCGGTCG
CGCGCTCG,CGCGGTCG
CGCGTTCG,CGCGGTCG
CGCGNTCG,CGCGGTCG
CGCGGACG,CGCGGTCG
CGCGGCCG,CGCGGTCG
CGCGGGCG,CGCGGTCG
CGCGGNCG,CGCGGTCG
CGCGGTAG,CGCGGTCG
CGCGGTTG,CGCGGTCG
CGCGGTGG,CGCGGTCG
CGCGGTNG,CGCGGTCG
CGCGGTCA,CGCGGTCG
CGCGGTCC,CGCGGTCG
CGCGGTCT,CGCGGTCG
CGCGGTCN,CGCGGTCG
ATATGACG,TTATGACG
CTATGACG,TTATGACG
TTATGACG,TTATGACG
GTATGACG,TTATGACG
NTATGACG,TTATGACG
TAATGACG,TTATGACG
TCATGACG,TTATGACG
TGATGACG,TTATGACG
TNATGACG,TTATGACG
TTCTGACG,TTATGACG
TTTTGACG,TTATGACG
TTGTGACG,TTATGACG
TTNTGACG,TTATGACG
TTAAGACG,TTATGACG
TTACGACG,TTATGACG
TTAGGACG,TTATGACG
TTANGACG,TTATGACG
TTATAACG,TTATGACG
TTATCACG,TTATGACG
TTATTACG,TTATGACG
TTATNACG,TTATGACG
TTATGCCG,TTATGACG
TTATGTCG,TTATGACG
TTATGGCG,TTATGACG
TTATGNCG,TTATGACG
TTATGAAG,TTATGACG
TTATGATG,TTATGACG
TTATGAGG,TTATGACG
TTATGANG,TTATGACG
TTATGACA,TTATGACG
TTATGACC,TTATGACG
TTATGACT,TTATGACG
TTATGACN,TTATGACG
ACTCCTAG,TCTCCTAG
CCTCCTAG,TCTCCTAG
TCTCCTAG,TCTCCTAG
GCTCCTAG,TCTCCTAG
NCTCCTAG,TCTCCTAG
TATCCTAG,TCTCCTAG
TTTCCTAG,TCTCCTAG
TGTCCTAG,TCTCCTAG
TNTCCTAG,TCTCCTAG
TCACCTAG,TCTCCTAG
TCCCCTAG,TCTCCTAG
TCGCCTAG,TCTCCTAG
TCNCCTAG,TCTCCTAG
TCTACTAG,TCTCCTAG
TCTTCTAG,TCTCCTAG
TCTGCTAG,TCTCCTAG
TCTNCTAG,TCTCCTAG
TCTCATAG,TCTCCTAG
TCTCTTAG,TCTCCTAG
TCTCGTAG,TCTCCTAG
TCTCNTAG,TCTCCTAG
TCTCCAAG,TCTCCTAG
TCTCCCAG,TCTCCTAG
TCTCCGAG,TCTCCTAG
TCTCCNAG,TCTCCTAG
TCTCCTCG,TCTCCTAG
TCTCCTTG,TCTCCTAG
TCTCCTGG,TCTCCTAG
TCTCCTNG,TCTCCTAG
TCTCCTAA,TCTCCTAG
TCTCCTAC,TCTCCTAG
TCTCCTAT,TCTCCTAG
TCTCCTAN,TCTCCTAG
ATGAATAG,ATGAATAG
CTGAATAG,ATGAATAG
TTGAATAG,ATGAATAG
GTGAATAG,ATGAATAG
NTGAATAG,ATGAATAG
AAGAATAG,ATGAATAG
ACGAATAG,ATGAATAG
AGGAATAG,ATGAATAG
ANGAATAG,ATGAATAG
ATAAATAG,ATGAATAG
ATCAATAG,ATGAATAG
ATTAATAG,ATGAATAG
ATNAATAG,ATGAATAG
ATGCATAG,ATGAATAG
ATGTATAG,ATGAATAG
ATGGATAG,ATGAATAG
ATGNATAG,ATGAATAG
ATGACTAG,ATGAATAG
ATGATTAG,ATGAATAG
ATGAGTAG,ATGAATAG
ATGANTAG,ATGAATAG
ATGAAAAG,ATGAATAG
ATGAACAG,ATGAATAG
ATGAAGAG,ATGAATAG
ATGAANAG,ATGAATAG
ATGAATCG,ATGAATAG
ATGAATTG,ATGAATAG
ATGAATGG,ATGAATAG
ATGAATNG,ATGAATAG
ATGAATAA,ATGAATAG
ATGAATAC,ATGAATAG
ATGAATAT,ATGAATAG
ATGAATAN,ATGAATAG
AAGTAGAG,AAGTAGAG
CAGTAGAG,AAGTAGAG
TAGTAGAG,AAGTAGAG
GAGTAGAG,AAGTAGAG
NAGTAGAG,AAGTAGAG
ACGTAGAG,AAGTAGAG
ATGTAGAG,AAGTAGAG
AGGTAGAG,AAGTAGAG
ANGTAGAG,AAGTAGAG
AAATAGAG,AAGTAGAG
AACTAGAG,AAGTAGAG
AATTAGAG,AAGTAGAG
AANTAGAG,AAGTAGAG
AAGAAGAG,AAGTAGAG
AAGCAGAG,AAGTAGAG
AAGGAGAG,AAGTAGAG
AAGNAGAG,AAGTAGAG
AAGTCGAG,AAGTAGAG
AAGTTGAG,AAGTAGAG
AAGTGGAG,AAGTAGAG
AAGTNGAG,AAGTAGAG
AAGTAAAG,AAGTAGAG
AAGTACAG,AAGTAGAG
AAGTATAG,AAGTAGAG
AAGTANAG,AAGTAGAG
AAGTAGCG,AAGTAGAG
AAGTAGTG,AAGTAGAG
AAGTAGGG,AAGTAGAG
AAGTAGNG,AAGTAGAG
AAGTAGAA,AAGTAGAG
AAGTAGAC,AAGTAGAG
AAGTAGAT,AAGTAGAG
AAGTAGAN,AAGTAGAG
ACAATCAG,TCAATCAG
CCAATCAG,TCAATCAG
TCAATCAG,TCAATCAG
GCAATCAG,TCAATCAG
NCAATCAG,TCAATCAG
TAAATCAG,TCAATCAG
TTAATCAG,TCAATCAG
TGAATCAG,TCAATCAG
TNAATCAG,TCAATCAG
TCCATCAG,TCAATCAG
TCTATCAG,TCAATCAG
TCGATCAG,TCAATCAG
TCNATCAG,TCAATCAG
TCACTCAG,TCAATCAG
TCATTCAG,TCAATCAG
TCAGTCAG,TCAATCAG
TCANTCAG,TCAATCAG
TCAAACAG,TCAATCAG
TCAACCAG,TCAATCAG
TCAAGCAG,TCAATCAG
TCAANCAG,TCAATCAG
TCAATAAG,TCAATCAG
TCAATTAG,TCAATCAG
TCAATGAG,TCAATCAG
TCAATNAG,TCAATCAG
TCAATCCG,TCAATCAG
TCAATCTG,TCAATCAG
TCAATCGG,TCAATCAG
TCAATCNG,TCAATCAG
TCAATCAA,TCAATCAG
TCAATCAC,TCAATCAG
TCAATCAT,TCAATCAG
TCAATCAN,TCAATCAG
AAACGAAG,TAACGAAG
CAACGAAG,TAACGAAG
TAACGAAG,TAACGAAG
GAACGAAG,TAACGAAG
NAACGAAG,TAACGAAG
TCACGAAG,TAACGAAG
TTACGAAG,TAACGAAG
TGACGAAG,TAACGAAG
TNACGAAG,TAACGAAG
TACCGAAG,TAACGAAG
TATCGAAG,TAACGAAG
TAGCGAAG,TAACGAAG
TANCGAAG,TAACGAAG
TAAAGAAG,TAACGAAG
TAATGAAG,TAACGAAG
TAAGGAAG,TAACGAAG
TAANGAAG,TAACGAAG
TAACAAAG,TAACGAAG
TAACCAAG,TAACGAAG
TAACTAAG,TAACGAAG
TAACNAAG,TAACGAAG
TAACGCAG,TAACGAAG
TAACGTAG,TAACGAAG
TAACGGAG,TAACGAAG
TAACGNAG,TAACGAAG
TAACGACG,TAACGAAG
TAACGATG,TAACGAAG
TAACGAGG,TAACGAAG
TAACGANG,TAACGAAG
TAACGAAA,TAACGAAG
TAACGAAC,TAACGAAG
TAACGAAT,TAACGAAG
TAACGAAN,TAACGAAG
ACTGCTTC,GCTGCTTC
CCTGCTTC,GCTGCTTC
TCTGCTTC,GCTGCTTC
GCTGCTTC,GCTGCTTC
NCTGCTTC,GCTGCTTC
GATGCTTC,GCTGCTTC
GTTGCTTC,GCTGCTTC
GGTGCTTC,GCTGCTTC
GNTGCTTC,GCTGCTTC
GCAGCTTC,GCTGCTTC
GCCGCTTC,GCTGCTTC
GCGGCTTC,GCTGCTTC
GCNGCTTC,GCTGCTTC
GCTACTTC,GCTGCTTC
GCTCCTTC,GCTGCTTC
GCTTCTTC,GCTGCTTC
GCTNCTTC,GCTGCTTC
GCTGATTC,GCTGCTTC
GCTGTTTC,GCTGCTTC
GCTGGTTC,GCTGCTTC
GCTGNTTC,GCTGCTTC
GCTGCATC,GCTGCTTC
GCTGCCTC,GCTGCTTC
GCTGCGTC,GCTGCTTC
GCTGCNTC,GCTGCTTC
GCTGCTAC,GCTGCTTC
GCTGCTCC,GCTGCTTC
GCTGCTGC,GCTGCTTC
GCTGCTNC,GCTGCTTC
GCTGCTTA,GCTGCTTC
GCTGCTTT,GCTGCTTC
GCTGCTTG,GCTGCTTC
GCTGCTTN,GCTGCTTC
ACCTATTC,GCCTATTC
CCCTATTC,GCCTATTC
TCCTATTC,GCCTATTC
GCCTATTC,GCCTATTC
NCCTATTC,GCCTATTC
GACTATTC,GCCTATTC
GTCTATTC,GCCTATTC
GGCTATTC,GCCTATTC
GNCTATTC,GCCTATTC
GCATATTC,GCCTATTC
GCTTATTC,GCCTATTC
GCGTATTC,GCCTATTC
GCNTATTC,GCCTATTC
GCCAATTC,GCCTATTC
GCCCATTC,GCCTATTC
GCCGATTC,GCCTATTC
GCCNATTC,GCCTATTC
GCCTCTTC,GCCTATTC
GCCTTTTC,GCCTATTC
GCCTGTTC,GCCTATTC
GCCTNTTC,GCCTATTC
GCCTAATC,GCCTATTC
GCCTACTC,GCCTATTC
GCCTAGTC,GCCTATTC
GCCTANTC,GCCTATTC
GCCTATAC,GCCTATTC
GCCTATCC,GCCTATTC
GCCTATGC,GCCTATTC
GCCTATNC,GCCTATTC
GCCTATTA,GCCTATTC
GCCTATTT,GCCTATTC
GCCTATTG,GCCTATTC
GCCTATTN,GCCTATTC
AGCAGAGC,AGCAGAGC
CGCAGAGC,AGCAGAGC
TGCAGAGC,AGCAGAGC
GGCAGAGC,AGCAGAGC
NGCAGAGC,AGCAGAGC
AACAGAGC,AGCAGAGC
ACCAGAGC,AGCAGAGC
ATCAGAGC,AGCAGAGC
ANCAGAGC,AGCAGAGC
AGAAGAGC,AGCAGAGC
AGTAGAGC,AGCAGAGC
AGGAGAGC,AGCAGAGC
AGNAGAGC,AGCAGAGC
AGCCGAGC,AGCAGAGC
AGCTGAGC,AGCAGAGC
AGCGGAGC,AGCAGAGC
AGCNGAGC,AGCAGAGC
AGCAAAGC,AGCAGAGC
AGCACAGC,AGCAGAGC
AGCATAGC,AGCAGAGC
AGCANAGC,AGCAGAGC
AGCAGCGC,AGCAGAGC
AGCAGTGC,AGCAGAGC
AGCAGGGC,AGCAGAGC
AGCAGNGC,AGCAGAGC
AGCAGAAC,AGCAGAGC
AGCAGACC,AGCAGAGC
AGCAGATC,AGCAGAGC
AGCAGANC,AGCAGAGC
AGCAGAGA,AGCAGAGC
AGCAGAGT,AGCAGAGC
AGCAGAGG,AGCAGAGC
AGCAGAGN,AGCAGAGC
AGCGCTCC,TGCGCTCC
CGCGCTCC,TGCGCTCC
TGCGCTCC,TGCGCTCC
GGCGCTCC,TGCGCTCC
NGCGCTCC,TGCGCTCC
TACGCTCC,TGCGCTCC
TCCGCTCC,TGCGCTCC
TTCGCTCC,TGCGCTCC
TNCGCTCC,TGCGCTCC
TGAGCTCC,TGCGCTCC
TGTGCTCC,TGCGCTCC
TGGGCTCC,TGCGCTCC
TGNGCTCC,TGCGCTCC
TGCACTCC,TGCGCTCC
TGCCCTCC,TGCGCTCC
TGCTCTCC,TGCGCTCC
TGCNCTCC,TGCGCTCC
TGCGATCC,TGCGCTCC
TGCGTTCC,TGCGCTCC
TGCGGTCC,TGCGCTCC
TGCGNTCC,TGCGCTCC
TGCGCACC,TGCGCTCC
TGCGCCCC,TGCGCTCC
TGCGCGCC,TGCGCTCC
TGCGCNCC,TGCGCTCC
TGCGCTAC,TGCGCTCC
TGCGCTTC,TGCGCTCC
TGCGCTGC,TGCGCTCC
TGCGCTNC,TGCGCTCC
TGCGCTCA,TGCGCTCC
TGCGCTCT,TGCGCTCC
TGCGCTCG,TGCGCTCC
TGCGCTCN,TGCGCTCC
ATACCGCC,ATACCGCC
CTACCGCC,ATACCGCC
TTACCGCC,ATACCGCC
GTACCGCC,ATACCGCC
NTACCGCC,ATACCGCC
AAACCGCC,ATACCGCC
ACACCGCC,ATACCGCC
AGACCGCC,ATACCGCC
ANACCGCC,ATACCGCC
ATCCCGCC,ATACCGCC
ATTCCGCC,ATACCGCC
ATGCCGCC,ATACCGCC
ATNCCGCC,ATACCGCC
ATAACGCC,ATACCGCC
ATATCGCC,ATACCGCC
ATAGCGCC,ATACCGCC
ATANCGCC,ATACCGCC
ATACAGCC,ATACCGCC
ATACTGCC,ATACCGCC
ATACGGCC,ATACCGCC
ATACNGCC,ATACCGCC
ATACCACC,ATACCGCC
ATACCCCC,ATACCGCC
ATACCTCC,ATACCGCC
ATACCNCC,ATACCGCC
ATACCGAC,ATACCGCC
ATACCGTC,ATACCGCC
ATACCGGC,ATACCGCC
ATACCGNC,ATACCGCC
ATACCGCA,ATACCGCC
ATACCGCT,ATACCGCC
ATACCGCG,ATACCGCC
ATACCGCN,ATACCGCC
ACGTTACC,GCGTTACC
CCGTTACC,GCGTTACC
TCGTTACC,GCGTTACC
GCGTTACC,GCGTTACC
NCGTTACC,GCGTTACC
GAGTTACC,GCGTTACC
GTGTTACC,GCGTTACC
GGGTTACC,GCGTTACC
GNGTTACC,GCGTTACC
GCATTACC,GCGTTACC
GCCTTACC,GCGTTACC
GCTTTACC,GCGTTACC
GCNTTACC,GCGTTACC
GCGATACC,GCGTTACC
GCGCTACC,GCGTTACC
GCGGTACC,GCGTTACC
GCGNTACC,GCGTTACC
GCGTAACC,GCGTTACC
GCGTCACC,GCGTTACC
GCGTGACC,GCGTTACC
GCGTNACC,GCGTTACC
GCGTTCCC,GCGTTACC
GCGTTTCC,GCGTTACC
GCGTTGCC,GCGTTACC
GCGTTNCC,GCGTTACC
GCGTTAAC,GCGTTACC
GCGTTATC,GCGTTACC
GCGTTAGC,GCGTTACC
GCGTTANC,GCGTTACC
GCGTTACA,GCGTTACC
GCGTTACT,GCGTTACC
GCGTTACG,GCGTTACC
GCGTTACN,GCGTTACC
AGCGTACC,GGCGTACC
CGCGTACC,GGCGTACC
TGCGTACC,GGCGTACC
GGCGTACC,GGCGTACC
NGCGTACC,GGCGTACC
GACGTACC,GGCGTACC
GCCGTACC,GGCGTACC
GTCGTACC,GGCGTACC
GNCGTACC,GGCGTACC
GGAGTACC,GGCGTACC
GGTGTACC,GGCGTACC
GGGGTACC,GGCGTACC
GGNGTACC,GGCGTACC
GGCATACC,GGCGTACC
GGCCTACC,GGCGTACC
GGCTTACC,GGCGTACC
GGCNTACC,GGCGTACC
GGCGAACC,GGCGTACC
GGCGCACC,GGCGTACC
GGCGGACC,GGCGTACC
GGCGNACC,GGCGTACC
GGCGTCCC,GGCGTACC
GGCGTTCC,GGCGTACC
GGCGTGCC,GGCGTACC
GGCGTNCC,GGCGTACC
GGCGTAAC,GGCGTACC
GGCGTATC,GGCGTACC
GGCGTAGC,GGCGTACC
GGCGTANC,GGCGTACC
GGCGTACA,GGCGTACC
GGCGTACT,GGCGTACC
GGCGTACG,GGCGTACC
GGCGTACN,GGCGTACC
ATTCTACC,ATTCTACC
CTTCTACC,ATTCTACC
TTTCTACC,ATTCTACC
GTTCTACC,ATTCTACC
NTTCTACC,ATTCTACC
AATCTACC,ATTCTACC
ACTCTACC,ATTCTACC
AGTCTACC,ATTCTACC
ANTCTACC,ATTCTACC
ATACTACC,ATTCTACC
ATCCTACC,ATTCTACC
ATGCTACC,ATTCTACC
ATNCTACC,ATTCTACC
ATTATACC,ATTCTACC
ATTTTACC,ATTCTACC
ATTGTACC,ATTCTACC
ATTNTACC,ATTCTACC
ATTCAACC,ATTCTACC
ATTCCACC,ATTCTACC
ATTCGACC,ATTCTACC
ATTCNACC,ATTCTACC
ATTCTCCC,ATTCTACC
ATTCTTCC,ATTCTACC
ATTCTGCC,ATTCTACC
ATTCTNCC,ATTCTACC
ATTCTAAC,ATTCTACC
ATTCTATC,ATTCTACC
ATTCTAGC,ATTCTACC
ATTCTANC,ATTCTACC
ATTCTACA,ATTCTACC
ATTCTACT,ATTCTACC
ATTCTACG,ATTCTACC
ATTCTACN,ATTCTACC
AACTAACC,GACTAACC
CACTAACC,GACTAACC
TACTAACC,GACTAACC
GACTAACC,GACTAACC
NACTAACC,GACTAACC
GCCTAACC,GACTAACC
GTCTAACC,GACTAACC
GGCTAACC,GACTAACC
GNCTAACC,GACTAACC
GAATAACC,GACTAACC
GATTAACC,GACTAACC
GAGTAACC,GACTAACC
GANTAACC,GACTAACC
GACAAACC,GACTAACC
GACCAACC,GACTAACC
GACGAACC,GACTAACC
GACNAACC,GACTAACC
GACTCACC,GACTAACC
GACTTACC,GACTAACC
GACTGACC,GACTAACC
GACTNACC,GACTAACC
GACTACCC,GACTAACC
GACTATCC,GACTAACC
GACTAGCC,GACTAACC
GACTANCC,GACTAACC
GACTAAAC,GACTAACC
GACTAATC,GACTAACC
GACTAAGC,GACTAACC
GACTAANC,GACTAACC
GACTAACA,GACTAACC
GACTAACT,GACTAACC
GACTAACG,GACTAACC
GACTAACN,GACTAACC
AGCGAGAC,CGCGAGAC
CGCGAGAC,CGCGAGAC
TGCGAGAC,CGCGAGAC
GGCGAGAC,CGCGAGAC
NGCGAGAC,CGCGAGAC
CACGAGAC,CGCGAGAC
CCCGAGAC,CGCGAGAC
CTCGAGAC,CGCGAGAC
CNCGAGAC,CGCGAGAC
CGAGAGAC,CGCGAGAC
CGTGAGAC,CGCGAGAC
CGGGAGAC,CGCGAGAC
CGNGAGAC,CGCGAGAC
CGCAAGAC,CGCGAGAC
CGCCAGAC,CGCGAGAC
CGCTAGAC,CGCGAGAC
CGCNAGAC,CGCGAGAC
CGCGCGAC,CGCGAGAC
CGCGTGAC,CGCGAGAC
CGCGGGAC,CGCGAGAC
CGCGNGAC,CGCGAGAC
CGCGAAAC,CGCGAGAC
CGCGACAC,CGCGAGAC
CGCGATAC,CGCGAGAC
CGCGANAC,CGCGAGAC
CGCGAGCC,CGCGAGAC
CGCGAGTC,CGCGAGAC
CGCGAGGC,CGCGAGAC
CGCGAGNC,CGCGAGAC
CGCGAGAA,CGCGAGAC
CGCGAGAT,CGCGAGAC
CGCGAGAG,CGCGAGAC
CGCGAGAN,CGCGAGAC
AGTAGAAC,CGTAGAAC
CGTAGAAC,CGTAGAAC
TGTAGAAC,CGTAGAAC
GGTAGAAC,CGTAGAAC
NGTAGAAC,CGTAGAAC
CATAGAAC,CGTAGAAC
CCTAGAAC,CGTAGAAC
CTTAGAAC,CGTAGAAC
CNTAGAAC,CGTAGAAC
CGAAGAAC,CGTAGAAC
CGCAGAAC,CGTAGAAC
CGGAGAAC,CGTAGAAC
CGNAGAAC,CGTAGAAC
CGTCGAAC,CGTAGAAC
CGTTGAAC,CGTAGAAC
CGTGGAAC,CGTAGAAC
CGTNGAAC,CGTAGAAC
CGTAAAAC,CGTAGAAC
CGTACAAC,CGTAGAAC
CGTATAAC,CGTAGAAC
CGTANAAC,CGTAGAAC
CGTAGCAC,CGTAGAAC
CGTAGTAC,CGTAGAAC
CGTAGGAC,CGTAGAAC
CGTAGNAC,CGTAGAAC
CGTAGACC,CGTAGAAC
CGTAGATC,CGTAGAAC
CGTAGAGC,CGTAGAAC
CGTAGANC,CGTAGAAC
CGTAGAAA,CGTAGAAC
CGTAGAAT,CGTAGAAC
CGTAGAAG,CGTAGAAC
CGTAGAAN,CGTAGAAC
AGATACTA,AGATACTA
CGATACTA,AGATACTA
TGATACTA,AGATACTA
GGATACTA,AGATACTA
NGATACTA,AGATACTA
AAATACTA,AGATACTA
ACATACTA,AGATACTA
ATATACTA,AGATACTA
ANATACTA,AGATACTA
AGCTACTA,AGATACTA
AGTTACTA,AGATACTA
AGGTACTA,AGATACTA
AGNTACTA,AGATACTA
AGAAACTA,AGATACTA
AGACACTA,AGATACTA
AGAGACTA,AGATACTA
AGANACTA,AGATACTA
AGATCCTA,AGATACTA
AGATTCTA,AGATACTA
AGATGCTA,AGATACTA
AGATNCTA,AGATACTA
AGATAATA,AGATACTA
AGATATTA,AGATACTA
AGATAGTA,AGATACTA
AGATANTA,AGATACTA
AGATACAA,AGATACTA
AGATACCA,AGATACTA
AGATACGA,AGATACTA
AGATACNA,AGATACTA
AGATACTC,AGATACTA
AGATACTT,AGATACTA
AGATACTG,AGATACTA
AGATACTN,AGATACTA
ACTAACTA,CCTAACTA
CCTAACTA,CCTAACTA
TCTAACTA,CCTAACTA
GCTAACTA,CCTAACTA
NCTAACTA,CCTAACTA
CATAACTA,CCTAACTA
CTTAACTA,CCTAACTA
CGTAACTA,CCTAACTA
CNTAACTA,CCTAACTA
CCAAACTA,CCTAACTA
CCCAACTA,CCTAACTA
CCGAACTA,CCTAACTA
CCNAACTA,CCTAACTA
CCTCACTA,CCTAACTA
CCTTACTA,CCTAACTA
CCTGACTA,CCTAACTA
CCTNACTA,CCTAACTA
CCTACCTA,CCTAACTA
CCTATCTA,CCTAACTA
CCTAGCTA,CCTAACTA
CCTANCTA,CCTAACTA
CCTAAATA,CCTAACTA
CCTAATTA,CCTAACTA
CCTAAGTA,CCTAACTA
CCTAANTA,CCTAACTA
CCTAACAA,CCTAACTA
CCTAACCA,CCTAACTA
CCTAACGA,CCTAACTA
CCTAACNA,CCTAACTA
CCTAACTC,CCTAACTA
CCTAACTT,CCTAACTA
CCTAACTG,CCTAACTA
CCTAACTN,CCTAACTA
ACGCAATA,GCGCAATA
CCGCAATA,GCGCAATA
TCGCAATA,GCGCAATA
GCGCAATA,GCGCAATA
NCGCAATA,GCGCAATA
GAGCAATA,GCGCAATA
GTGCAATA,GCGCAATA
GGGCAATA,GCGCAATA
GNGCAATA,GCGCAATA
GCACAATA,GCGCAATA
GCCCAATA,GCGCAATA
GCTCAATA,GCGCAATA
GCNCAATA,GCGCAATA
GCGAAATA,GCGCAATA
GCGTAATA,GCGCAATA
GCGGAATA,GCGCAATA
GCGNAATA,GCGCAATA
GCGCCATA,GCGCAATA
GCGCTATA,GCGCAATA
GCGCGATA,GCGCAATA
GCGCNATA,GCGCAATA
GCGCACTA,GCGCAATA
GCGCATTA,GCGCAATA
GCGCAGTA,GCGCAATA
GCGCANTA,GCGCAATA
GCGCAAAA,GCGCAATA
GCGCAACA,GCGCAATA
GCGCAAGA,GCGCAATA
GCGCAANA,GCGCAATA
GCGCAATC,GCGCAATA
GCGCAATT,GCGCAATA
GCGCAATG,GCGCAATA
GCGCAATN,GCGCAATA
ATAACTGA,TTAACTGA
CTAACTGA,TTAACTGA
TTAACTGA,TTAACTGA
GTAACTGA,TTAACTGA
NTAACTGA,TTAACTGA
TAAACTGA,TTAACTGA
TCAACTGA,TTAACTGA
TGAACTGA,TTAACTGA
TNAACTGA,TTAACTGA
TTCACTGA,TTAACTGA
TTTACTGA,TTAACTGA
TTGACTGA,TTAACTGA
TTNACTGA,TTAACTGA
TTACCTGA,TTAACTGA
TTATCTGA,TTAACTGA
TTAGCTGA,TTAACTGA
TTANCTGA,TTAACTGA
TTAAATGA,TTAACTGA
TTAATTGA,TTAACTGA
TTAAGTGA,TTAACTGA
TTAANTGA,TTAACTGA
TTAACAGA,TTAACTGA
TTAACCGA,TTAACTGA
TTAACGGA,TTAACTGA
TTAACNGA,TTAACTGA
TTAACTAA,TTAACTGA
TTAACTCA,TTAACTGA
TTAACTTA,TTAACTGA
TTAACTNA,TTAACTGA
TTAACTGC,TTAACTGA
TTAACTGT,TTAACTGA
TTAACTGG,TTAACTGA
TTAACTGN,TTAACTGA
AATACGGA,TATACGGA
CATACGGA,TATACGGA
TATACGGA,TATACGGA
GATACGGA,TATACGGA
NATACGGA,TATACGGA
TCTACGGA,TATACGGA
TTTACGGA,TATACGGA
TGTACGGA,TATACGGA
TNTACGGA,TATACGGA
TAAACGGA,TATACGGA
TACACGGA,TATACGGA
TAGACGGA,TATACGGA
TANACGGA,TATACGGA
TATCCGGA,TATACGGA
TATTCGGA,TATACGGA
TATGCGGA,TATACGGA
TATNCGGA,TATACGGA
TATAAGGA,TATACGGA
TATATGGA,TATACGGA
TATAGGGA,TATACGGA
TATANGGA,TATACGGA
TATACAGA,TATACGGA
TATACCGA,TATACGGA
TATACTGA,TATACGGA
TATACNGA,TATACGGA
TATACGAA,TATACGGA
TATACGCA,TATACGGA
TATACGTA,TATACGGA
TATACGNA,TATACGGA
TATACGGC,TATACGGA
TATACGGT,TATACGGA
TATACGGG,TATACGGA
TATACGGN,TATACGGA
ACTCAGGA,TCTCAGGA
CCTCAGGA,TCTCAGGA
TCTCAGGA,TCTCAGGA
GCTCAGGA,TCTCAGGA
NCTCAGGA,TCTCAGGA
TATCAGGA,TCTCAGGA
TTTCAGGA,TCTCAGGA
TGTCAGGA,TCTCAGGA
TNTCAGGA,TCTCAGGA
TCACAGGA,TCTCAGGA
TCCCAGGA,TCTCAGGA
TCGCAGGA,TCTCAGGA
TCNCAGGA,TCTCAGGA
TCTAAGGA,TCTCAGGA
TCTTAGGA,TCTCAGGA
TCTGAGGA,TCTCAGGA
TCTNAGGA,TCTCAGGA
TCTCCGGA,TCTCAGGA
TCTCTGGA,TCTCAGGA
TCTCGGGA,TCTCAGGA
TCTCNGGA,TCTCAGGA
TCTCAAGA,TCTCAGGA
TCTCACGA,TCTCAGGA
TCTCATGA,TCTCAGGA
TCTCANGA,TCTCAGGA
TCTCAGAA,TCTCAGGA
TCTCAGCA,TCTCAGGA
TCTCAGTA,TCTCAGGA
TCTCAGNA,TCTCAGGA
TCTCAGGC,TCTCAGGA
TCTCAGGT,TCTCAGGA
TCTCAGGG,TCTCAGGA
TCTCAGGN,TCTCAGGA
AGCGACGA,GGCGACGA
CGCGACGA,GGCGACGA
TGCGACGA,GGCGACGA
GGCGACGA,GGCGACGA
NGCGACGA,GGCGACGA
GACGACGA,GGCGACGA
GCCGACGA,GGCGACGA
GTCGACGA,GGCGACGA
GNCGACGA,GGCGACGA
GGAGACGA,GGCGACGA
GGTGACGA,GGCGACGA
GGGGACGA,GGCGACGA
GGNGACGA,GGCGACGA
GGCAACGA,GGCGACGA
GGCCACGA,GGCGACGA
GGCTACGA,GGCGACGA
GGCNACGA,GGCGACGA
GGCGCCGA,GGCGACGA
GGCGTCGA,GGCGACGA
GGCGGCGA,GGCGACGA
GGCGNCGA,GGCGACGA
GGCGAAGA,GGCGACGA
GGCGATGA,GGCGACGA
GGCGAGGA,GGCGACGA
GGCGANGA,GGCGACGA
GGCGACAA,GGCGACGA
GGCGACCA,GGCGACGA
GGCGACTA,GGCGACGA
GGCGACNA,GGCGACGA
GGCGACGC,GGCGACGA
GGCGACGT,GGCGACGA
GGCGACGG,GGCGACGA
GGCGACGN,GGCGACGA
AAACGCCA,TAACGCCA
CAACGCCA,TAACGCCA
TAACGCCA,TAACGCCA
GAACGCCA,TAACGCCA
NAACGCCA,TAACGCCA
TCACGCCA,TAACGCCA
TTACGCCA,TAACGCCA
TGACGCCA,TAACGCCA
TNACGCCA,TAACGCCA
TACCGCCA,TAACGCCA
TATCGCCA,TAACGCCA
TAGCGCCA,TAACGCCA
TANCGCCA,TAACGCCA
TAAAGCCA,TAACGCCA
TAATGCCA,TAACGCCA
TAAGGCCA,TAACGCCA
TAANGCCA,TAACGCCA
TAACACCA,TAACGCCA
TAACCCCA,TAACGCCA
TAACTCCA,TAACGCCA
TAACNCCA,TAACGCCA
TAACGACA,TAACGCCA
TAACGTCA,TAACGCCA
TAACGGCA,TAACGCCA
TAACGNCA,TAACGCCA
TAACGCAA,TAACGCCA
TAACGCTA,TAACGCCA
TAACGCGA,TAACGCCA
TAACGCNA,TAACGCCA
TAACGCCC,TAACGCCA
TAACGCCT,TAACGCCA
TAACGCCG,TAACGCCA
TAACGCCN,TAACGCCA
ACATACCA,TCATACCA
CCATACCA,TCATACCA
TCATACCA,TCATACCA
GCATACCA,TCATACCA
NCATACCA,TCATACCA
TAATACCA,TCATACCA
TTATACCA,TCATACCA
TGATACCA,TCATACCA
TNATACCA,TCATACCA
TCCTACCA,TCATACCA
TCTTACCA,TCATACCA
TCGTACCA,TCATACCA
TCNTACCA,TCATACCA
TCAAACCA,TCATACCA
TCACACCA,TCATACCA
TCAGACCA,TCATACCA
TCANACCA,TCATACCA
TCATCCCA,TCATACCA
TCATTCCA,TCATACCA
TCATGCCA,TCATACCA
TCATNCCA,TCATACCA
TCATAACA,TCATACCA
TCATATCA,TCATACCA
TCATAGCA,TCATACCA
TCATANCA,TCATACCA
TCATACAA,TCATACCA
TCATACTA,TCATACCA
TCATACGA,TCATACCA
TCATACNA,TCATACCA
TCATACCC,TCATACCA
TCATACCT,TCATACCA
TCATACCG,TCATACCA
TCATACCN,TCATACCA
ACGCTTAA,ACGCTTAA
CCGCTTAA,ACGCTTAA
TCGCTTAA,ACGCTTAA
GCGCTTAA,ACGCTTAA
NCGCTTAA,ACGCTTAA
AAGCTTAA,ACGCTTAA
ATGCTTAA,ACGCTTAA
AGGCTTAA,ACGCTTAA
ANGCTTAA,ACGCTTAA
ACACTTAA,ACGCTTAA
ACCCTTAA,ACGCTTAA
ACTCTTAA,ACGCTTAA
ACNCTTAA,ACGCTTAA
ACGATTAA,ACGCTTAA
ACGTTTAA,ACGCTTAA
ACGGTTAA,ACGCTTAA
ACGNTTAA,ACGCTTAA
ACGCATAA,ACGCTTAA
ACGCCTAA,ACGCTTAA
ACGCGTAA,ACGCTTAA
ACGCNTAA,ACGCTTAA
ACGCTAAA,ACGCTTAA
ACGCTCAA,ACGCTTAA
ACGCTGAA,ACGCTTAA
ACGCTNAA,ACGCTTAA
ACGCTTCA,ACGCTTAA
ACGCTTTA,ACGCTTAA
ACGCTTGA,ACGCTTAA
ACGCTTNA,ACGCTTAA
ACGCTTAC,ACGCTTAA
ACGCTTAT,ACGCTTAA
ACGCTTAG,ACGCTTAA
ACGCTTAN,ACGCTTAA
ATCGCGAA,GTCGCGAA
CTCGCGAA,GTCGCGAA
TTCGCGAA,GTCGCGAA
GTCGCGAA,GTCGCGAA
NTCGCGAA,GTCGCGAA
GACGCGAA,GTCGCGAA
GCCGCGAA,GTCGCGAA
GGCGCGAA,GTCGCGAA
GNCGCGAA,GTCGCGAA
GTAGCGAA,GTCGCGAA
GTTGCGAA,GTCGCGAA
GTGGCGAA,GTCGCGAA
GTNGCGAA,GTCGCGAA
GTCACGAA,GTCGCGAA
GTCCCGAA,GTCGCGAA
GTCTCGAA,GTCGCGAA
GTCNCGAA,GTCGCGAA
GTCGAGAA,GTCGCGAA
GTCGTGAA,GTCGCGAA
GTCGGGAA,GTCGCGAA
GTCGNGAA,GTCGCGAA
GTCGCAAA,GTCGCGAA
GTCGCCAA,GTCGCGAA
GTCGCTAA,GTCGCGAA
GTCGCNAA,GTCGCGAA
GTCGCGCA,GTCGCGAA
GTCGCGTA,GTCGCGAA
GTCGCGGA,GTCGCGAA
GTCGCGNA,GTCGCGAA
GTCGCGAC,GTCGCGAA
GTCGCGAT,GTCGCGAA
GTCGCGAG,GTCGCGAA
GTCGCGAN,GTCGCGAA
ATATGCAA,ATATGCAA
CTATGCAA,ATATGCAA
TTATGCAA,ATATGCAA
GTATGCAA,ATATGCAA
NTATGCAA,ATATGCAA
AAATGCAA,ATATGCAA
ACATGCAA,ATATGCAA
AGATGCAA,ATATGCAA
ANATGCAA,ATATGCAA
ATCTGCAA,ATATGCAA
ATTTGCAA,ATATGCAA
ATGTGCAA,ATATGCAA
ATNTGCAA,ATATGCAA
ATAAGCAA,ATATGCAA
ATACGCAA,ATATGCAA
ATAGGCAA,ATATGCAA
ATANGCAA,ATATGCAA
ATATACAA,ATATGCAA
ATATCCAA,ATATGCAA
ATATTCAA,ATATGCAA
ATATNCAA,ATATGCAA
ATATGAAA,ATATGCAA
ATATGTAA,ATATGCAA
ATATGGAA,ATATGCAA
ATATGNAA,ATATGCAA
ATATGCCA,ATATGCAA
ATATGCTA,ATATGCAA
ATATGCGA,ATATGCAA
ATATGCNA,ATATGCAA
ATATGCAC,ATATGCAA
ATATGCAT,ATATGCAA
ATATGCAG,ATATGCAA
ATATGCAN,ATATGCAA
