AGAGAGTT,GGAGAGTT
CGAGAGTT,GGAGAGTT
TGAGAGTT,GGAGAGTT
GGAGAGTT,GGAGAGTT
NGAGAGTT,GGAGAGTT
GAAGAGTT,GGAGAGTT
GCAGAGTT,GGAGAGTT
GTAGAGTT,GGAGAGTT
GNAGAGTT,GGAGAGTT
GGCGAGTT,GGAGAGTT
GGTGAGTT,GGAGAGTT
GGGGAGTT,GGAGAGTT
GGNGAGTT,GGAGAGTT
GGAAAGTT,GGAGAGTT
GGACAGTT,GGAGAGTT
GGATAGTT,GGAGAGTT
GGANAGTT,GGAGAGTT
GGAGCGTT,GGAGAGTT
GGAGTGTT,GGAGAGTT
GGAGGGTT,GGAGAGTT
GGAGNGTT,GGAGAGTT
GGAGAATT,GGAGAGTT
GGAGACTT,GGAGAGTT
GGAGATTT,GGAGAGTT
GGAGANTT,GGAGAGTT
GGAGAGAT,GGAGAGTT
GGAGAGCT,GGAGAGTT
GGAGAGGT,GGAGAGTT
GGAGAGNT,GGAGAGTT
GGAGAGTA,GGAGAGTT
GGAGAGTC,GGAGAGTT
GGAGAGTG,GGAGAGTT
GGAGAGTN,GGAGAGTT
AAGTTCGT,AAGTTCGT
CAGTTCGT,AAGTTCGT
TAGTTCGT,AAGTTCGT
GAGTTCGT,AAGTTCGT
NAGTTCGT,AAGTTCGT
ACGTTCGT,AAGTTCGT
ATGTTCGT,AAGTTCGT
AGGTTCGT,AAGTTCGT
ANGTTCGT,AAGTTCGT
AAATTCGT,AAGTTCGT
AACTTCGT,AAGTTCGT
AATTTCGT,AAGTTCGT
AANTTCGT,AAGTTCGT
AAGATCGT,AAGTTCGT
AAGCTCGT,AAGTTCGT
AAGGTCGT,AAGTTCGT
AAGNTCGT,AAGTTCGT
AAGTACGT,AAGTTCGT
AAGTCCGT,AAGTTCGT
AAGTGCGT,AAGTTCGT
AAGTNCGT,AAGTTCGT
AAGTTAGT,AAGTTCGT
AAGTTTGT,AAGTTCGT
AAGTTGGT,AAGTTCGT
AAGTTNGT,AAGTTCGT
AAGTTCAT,AAGTTCGT
AAGTTCCT,AAGTTCGT
AAGTTCTT,AAGTTCGT
AAGTTCNT,AAGTTCGT
AAGTTCGA,AAGTTCGT
AAGTTCGC,AAGTTCGT
AAGTTCGG,AAGTTCGT
AAGTTCGN,AAGTTCGT
ATAGAAGT,TTAGAAGT
CTAGAAGT,TTAGAAGT
TTAGAAGT,TTAGAAGT
GTAGAAGT,TTAGAAGT
NTAGAAGT,TTAGAAGT
TAAGAAGT,TTAGAAGT
TCAGAAGT,TTAGAAGT
TGAGAAGT,TTAGAAGT
TNAGAAGT,TTAGAAGT
TTCGAAGT,TTAGAAGT
TTTGAAGT,TTAGAAGT
TTGGAAGT,TTAGAAGT
TTNGAAGT,TTAGAAGT
TTAAAAGT,TTAGAAGT
TTACAAGT,TTAGAAGT
TTATAAGT,TTAGAAGT
TTANAAGT,TTAGAAGT
TTAGCAGT,TTAGAAGT
TTAGTAGT,TTAGAAGT
TTAGGAGT,TTAGAAGT
TTAGNAGT,TTAGAAGT
TTAGACGT,TTAGAAGT
TTAGATGT,TTAGAAGT
TTAGAGGT,TTAGAAGT
TTAGANGT,TTAGAAGT
TTAGAAAT,TTAGAAGT
TTAGAACT,TTAGAAGT
TTAGAATT,TTAGAAGT
TTAGAANT,TTAGAAGT
TTAGAAGA,TTAGAAGT
TTAGAAGC,TTAGAAGT
TTAGAAGG,TTAGAAGT
TTAGAAGN,TTAGAAGT
ACCTTGCT,GCCTTGCT
CCCTTGCT,GCCTTGCT
TCCTTGCT,GCCTTGCT
GCCTTGCT,GCCTTGCT
NCCTTGCT,GCCTTGCT
GACTTGCT,GCCTTGCT
GTCTTGCT,GCCTTGCT
GGCTTGCT,GCCTTGCT
GNCTTGCT,GCCTTGCT
GCATTGCT,GCCTTGCT
GCTTTGCT,GCCTTGCT
GCGTTGCT,GCCTTGCT
GCNTTGCT,GCCTTGCT
GCCATGCT,GCCTTGCT
GCCCTGCT,GCCTTGCT
GCCGTGCT,GCCTTGCT
GCCNTGCT,GCCTTGCT
GCCTAGCT,GCCTTGCT
GCCTCGCT,GCCTTGCT
GCCTGGCT,GCCTTGCT
GCCTNGCT,GCCTTGCT
GCCTTACT,GCCTTGCT
GCCTTCCT,GCCTTGCT
GCCTTTCT,GCCTTGCT
GCCTTNCT,GCCTTGCT
GCCTTGAT,GCCTTGCT
GCCTTGTT,GCCTTGCT
GCCTTGGT,GCCTTGCT
GCCTTGNT,GCCTTGCT
GCCTTGCA,GCCTTGCT
GCCTTGCC,GCCTTGCT
GCCTTGCG,GCCTTGCT
GCCTTGCN,GCCTTGCT
AGCCAGAG,GGCCAGAG
CGCCAGAG,GGCCAGAG
TGCCAGAG,GGCCAGAG
GGCCAGAG,GGCCAGAG
NGCCAGAG,GGCCAGAG
GACCAGAG,GGCCAGAG
GCCCAGAG,GGCCAGAG
GTCCAGAG,GGCCAGAG
GNCCAGAG,GGCCAGAG
GGACAGAG,GGCCAGAG
GGTCAGAG,GGCCAGAG
GGGCAGAG,GGCCAGAG
GGNCAGAG,GGCCAGAG
GGCAAGAG,GGCCAGAG
GGCTAGAG,GGCCAGAG
GGCGAGAG,GGCCAGAG
GGCNAGAG,GGCCAGAG
GGCCCGAG,GGCCAGAG
GGCCTGAG,GGCCAGAG
GGCCGGAG,GGCCAGAG
GGCCNGAG,GGCCAGAG
GGCCAAAG,GGCCAGAG
GGCCACAG,GGCCAGAG
GGCCATAG,GGCCAGAG
GGCCANAG,GGCCAGAG
GGCCAGCG,GGCCAGAG
GGCCAGTG,GGCCAGAG
GGCCAGGG,GGCCAGAG
GGCCAGNG,GGCCAGAG
GGCCAGAA,GGCCAGAG
GGCCAGAC,GGCCAGAG
GGCCAGAT,GGCCAGAG
GGCCAGAN,GGCCAGAG
ACGACTTC,ACGACTTC
CCGACTTC,ACGACTTC
TCGACTTC,ACGACTTC
GCGACTTC,ACGACTTC
NCGACTTC,ACGACTTC
AAGACTTC,ACGACTTC
ATGACTTC,ACGACTTC
AGGACTTC,ACGACTTC
ANGACTTC,ACGACTTC
ACAACTTC,ACGACTTC
ACCACTTC,ACGACTTC
ACTACTTC,ACGACTTC
ACNACTTC,ACGACTTC
ACGCCTTC,ACGACTTC
ACGTCTTC,ACGACTTC
ACGGCTTC,ACGACTTC
ACGNCTTC,ACGACTTC
ACGAATTC,ACGACTTC
ACGATTTC,ACGACTTC
ACGAGTTC,ACGACTTC
ACGANTTC,ACGACTTC
ACGACATC,ACGACTTC
ACGACCTC,ACGACTTC
ACGACGTC,ACGACTTC
ACGACNTC,ACGACTTC
ACGACTAC,ACGACTTC
ACGACTCC,ACGACTTC
ACGACTGC,ACGACTTC
ACGACTNC,ACGACTTC
ACGACTTA,ACGACTTC
ACGACTTT,ACGACTTC
ACGACTTG,ACGACTTC
ACGACTTN,ACGACTTC
ATGGCCTC,TTGGCCTC
CTGGCCTC,TTGGCCTC
TTGGCCTC,TTGGCCTC
GTGGCCTC,TTGGCCTC
NTGGCCTC,TTGGCCTC
TAGGCCTC,TTGGCCTC
TCGGCCTC,TTGGCCTC
TGGGCCTC,TTGGCCTC
TNGGCCTC,TTGGCCTC
TTAGCCTC,TTGGCCTC
TTCGCCTC,TTGGCCTC
TTTGCCTC,TTGGCCTC
TTNGCCTC,TTGGCCTC
TTGACCTC,TTGGCCTC
TTGCCCTC,TTGGCCTC
TTGTCCTC,TTGGCCTC
TTGNCCTC,TTGGCCTC
TTGGACTC,TTGGCCTC
TTGGTCTC,TTGGCCTC
TTGGGCTC,TTGGCCTC
TTGGNCTC,TTGGCCTC
TTGGCATC,TTGGCCTC
TTGGCTTC,TTGGCCTC
TTGGCGTC,TTGGCCTC
TTGGCNTC,TTGGCCTC
TTGGCCAC,TTGGCCTC
TTGGCCCC,TTGGCCTC
TTGGCCGC,TTGGCCTC
TTGGCCNC,TTGGCCTC
TTGGCCTA,TTGGCCTC
TTGGCCTT,TTGGCCTC
TTGGCCTG,TTGGCCTC
TTGGCCTN,TTGGCCTC
AAAGGCGC,GAAGGCGC
CAAGGCGC,GAAGGCGC
TAAGGCGC,GAAGGCGC
GAAGGCGC,GAAGGCGC
NAAGGCGC,GAAGGCGC
GCAGGCGC,GAAGGCGC
GTAGGCGC,GAAGGCGC
GGAGGCGC,GAAGGCGC
GNAGGCGC,GAAGGCGC
GACGGCGC,GAAGGCGC
GATGGCGC,GAAGGCGC
GAGGGCGC,GAAGGCGC
GANGGCGC,GAAGGCGC
GAAAGCGC,GAAGGCGC
GAACGCGC,GAAGGCGC
GAATGCGC,GAAGGCGC
GAANGCGC,GAAGGCGC
GAAGACGC,GAAGGCGC
GAAGCCGC,GAAGGCGC
GAAGTCGC,GAAGGCGC
GAAGNCGC,GAAGGCGC
GAAGGAGC,GAAGGCGC
GAAGGTGC,GAAGGCGC
GAAGGGGC,GAAGGCGC
GAAGGNGC,GAAGGCGC
GAAGGCAC,GAAGGCGC
GAAGGCCC,GAAGGCGC
GAAGGCTC,GAAGGCGC
GAAGGCNC,GAAGGCGC
GAAGGCGA,GAAGGCGC
GAAGGCGT,GAAGGCGC
GAAGGCGG,GAAGGCGC
GAAGGCGN,GAAGGCGC
ACTCTAGA,CCTCTAGA
CCTCTAGA,CCTCTAGA
TCTCTAGA,CCTCTAGA
GCTCTAGA,CCTCTAGA
NCTCTAGA,CCTCTAGA
CATCTAGA,CCTCTAGA
CTTCTAGA,CCTCTAGA
CGTCTAGA,CCTCTAGA
CNTCTAGA,CCTCTAGA
CCACTAGA,CCTCTAGA
CCCCTAGA,CCTCTAGA
CCGCTAGA,CCTCTAGA
CCNCTAGA,CCTCTAGA
CCTATAGA,CCTCTAGA
CCTTTAGA,CCTCTAGA
CCTGTAGA,CCTCTAGA
CCTNTAGA,CCTCTAGA
CCTCAAGA,CCTCTAGA
CCTCCAGA,CCTCTAGA
CCTCGAGA,CCTCTAGA
CCTCNAGA,CCTCTAGA
CCTCTCGA,CCTCTAGA
CCTCTTGA,CCTCTAGA
CCTCTGGA,CCTCTAGA
CCTCTNGA,CCTCTAGA
CCTCTAAA,CCTCTAGA
CCTCTACA,CCTCTAGA
CCTCTATA,CCTCTAGA
CCTCTANA,CCTCTAGA
CCTCTAGC,CCTCTAGA
CCTCTAGT,CCTCTAGA
CCTCTAGG,CCTCTAGA
CCTCTAGN,CCTCTAGA
AATCAGTT,TATCAGTT
CATCAGTT,TATCAGTT
TATCAGTT,TATCAGTT
GATCAGTT,TATCAGTT
NATCAGTT,TATCAGTT
TCTCAGTT,TATCAGTT
TTTCAGTT,TATCAGTT
TGTCAGTT,TATCAGTT
TNTCAGTT,TATCAGTT
TAACAGTT,TATCAGTT
TACCAGTT,TATCAGTT
TAGCAGTT,TATCAGTT
TANCAGTT,TATCAGTT
TATAAGTT,TATCAGTT
TATTAGTT,TATCAGTT
TATGAGTT,TATCAGTT
TATNAGTT,TATCAGTT
TATCCGTT,TATCAGTT
TATCTGTT,TATCAGTT
TATCGGTT,TATCAGTT
TATCNGTT,TATCAGTT
TATCAATT,TATCAGTT
TATCACTT,TATCAGTT
TATCATTT,TATCAGTT
TATCANTT,TATCAGTT
TATCAGAT,TATCAGTT
TATCAGCT,TATCAGTT
TATCAGGT,TATCAGTT
TATCAGNT,TATCAGTT
TATCAGTA,TATCAGTT
TATCAGTC,TATCAGTT
TATCAGTG,TATCAGTT
TATCAGTN,TATCAGTT
AGTTGCGT,GGTTGCGT
CGTTGCGT,GGTTGCGT
TGTTGCGT,GGTTGCGT
GGTTGCGT,GGTTGCGT
NGTTGCGT,GGTTGCGT
GATTGCGT,GGTTGCGT
GCTTGCGT,GGTTGCGT
GTTTGCGT,GGTTGCGT
GNTTGCGT,GGTTGCGT
GGATGCGT,GGTTGCGT
GGCTGCGT,GGTTGCGT
GGGTGCGT,GGTTGCGT
GGNTGCGT,GGTTGCGT
GGTAGCGT,GGTTGCGT
GGTCGCGT,GGTTGCGT
GGTGGCGT,GGTTGCGT
GGTNGCGT,GGTTGCGT
GGTTACGT,GGTTGCGT
GGTTCCGT,GGTTGCGT
GGTTTCGT,GGTTGCGT
GGTTNCGT,GGTTGCGT
GGTTGAGT,GGTTGCGT
GGTTGTGT,GGTTGCGT
GGTTGGGT,GGTTGCGT
GGTTGNGT,GGTTGCGT
GGTTGCAT,GGTTGCGT
GGTTGCCT,GGTTGCGT
GGTTGCTT,GGTTGCGT
GGTTGCNT,GGTTGCGT
GGTTGCGA,GGTTGCGT
GGTTGCGC,GGTTGCGT
GGTTGCGG,GGTTGCGT
GGTTGCGN,GGTTGCGT
ATCCGTCT,TTCCGTCT
CTCCGTCT,TTCCGTCT
TTCCGTCT,TTCCGTCT
GTCCGTCT,TTCCGTCT
NTCCGTCT,TTCCGTCT
TACCGTCT,TTCCGTCT
TCCCGTCT,TTCCGTCT
TGCCGTCT,TTCCGTCT
TNCCGTCT,TTCCGTCT
TTACGTCT,TTCCGTCT
TTTCGTCT,TTCCGTCT
TTGCGTCT,TTCCGTCT
TTNCGTCT,TTCCGTCT
TTCAGTCT,TTCCGTCT
TTCTGTCT,TTCCGTCT
TTCGGTCT,TTCCGTCT
TTCNGTCT,TTCCGTCT
TTCCATCT,TTCCGTCT
TTCCCTCT,TTCCGTCT
TTCCTTCT,TTCCGTCT
TTCCNTCT,TTCCGTCT
TTCCGACT,TTCCGTCT
TTCCGCCT,TTCCGTCT
TTCCGGCT,TTCCGTCT
TTCCGNCT,TTCCGTCT
TTCCGTAT,TTCCGTCT
TTCCGTTT,TTCCGTCT
TTCCGTGT,TTCCGTCT
TTCCGTNT,TTCCGTCT
TTCCGTCA,TTCCGTCT
TTCCGTCC,TTCCGTCT
TTCCGTCG,TTCCGTCT
TTCCGTCN,TTCCGTCT
AAAGGCCT,CAAGGCCT
CAAGGCCT,CAAGGCCT
TAAGGCCT,CAAGGCCT
GAAGGCCT,CAAGGCCT
NAAGGCCT,CAAGGCCT
CCAGGCCT,CAAGGCCT
CTAGGCCT,CAAGGCCT
CGAGGCCT,CAAGGCCT
CNAGGCCT,CAAGGCCT
CACGGCCT,CAAGGCCT
CATGGCCT,CAAGGCCT
CAGGGCCT,CAAGGCCT
CANGGCCT,CAAGGCCT
CAAAGCCT,CAAGGCCT
CAACGCCT,CAAGGCCT
CAATGCCT,CAAGGCCT
CAANGCCT,CAAGGCCT
CAAGACCT,CAAGGCCT
CAAGCCCT,CAAGGCCT
CAAGTCCT,CAAGGCCT
CAAGNCCT,CAAGGCCT
CAAGGACT,CAAGGCCT
CAAGGTCT,CAAGGCCT
CAAGGGCT,CAAGGCCT
CAAGGNCT,CAAGGCCT
CAAGGCAT,CAAGGCCT
CAAGGCTT,CAAGGCCT
CAAGGCGT,CAAGGCCT
CAAGGCNT,CAAGGCCT
CAAGGCCA,CAAGGCCT
CAAGGCCC,CAAGGCCT
CAAGGCCG,CAAGGCCT
CAAGGCCN,CAAGGCCT
AATTGCAG,CATTGCAG
CATTGCAG,CATTGCAG
TATTGCAG,CATTGCAG
GATTGCAG,CATTGCAG
NATTGCAG,CATTGCAG
CCTTGCAG,CATTGCAG
CTTTGCAG,CATTGCAG
CGTTGCAG,CATTGCAG
CNTTGCAG,CATTGCAG
CAATGCAG,CATTGCAG
CACTGCAG,CATTGCAG
CAGTGCAG,CATTGCAG
CANTGCAG,CATTGCAG
CATAGCAG,CATTGCAG
CATCGCAG,CATTGCAG
CATGGCAG,CATTGCAG
CATNGCAG,CATTGCAG
CATTACAG,CATTGCAG
CATTCCAG,CATTGCAG
CATTTCAG,CATTGCAG
CATTNCAG,CATTGCAG
CATTGAAG,CATTGCAG
CATTGTAG,CATTGCAG
CATTGGAG,CATTGCAG
CATTGNAG,CATTGCAG
CATTGCCG,CATTGCAG
CATTGCTG,CATTGCAG
CATTGCGG,CATTGCAG
CATTGCNG,CATTGCAG
CATTGCAA,CATTGCAG
CATTGCAC,CATTGCAG
CATTGCAT,CATTGCAG
CATTGCAN,CATTGCAG
AATGATTC,CATGATTC
CATGATTC,CATGATTC
TATGATTC,CATGATTC
GATGATTC,CATGATTC
NATGATTC,CATGATTC
CCTGATTC,CATGATTC
CTTGATTC,CATGATTC
CGTGATTC,CATGATTC
CNTGATTC,CATGATTC
CAAGATTC,CATGATTC
CACGATTC,CATGATTC
CAGGATTC,CATGATTC
CANGATTC,CATGATTC
CATAATTC,CATGATTC
CATCATTC,CATGATTC
CATTATTC,CATGATTC
CATNATTC,CATGATTC
CATGCTTC,CATGATTC
CATGTTTC,CATGATTC
CATGGTTC,CATGATTC
CATGNTTC,CATGATTC
CATGAATC,CATGATTC
CATGACTC,CATGATTC
CATGAGTC,CATGATTC
CATGANTC,CATGATTC
CATGATAC,CATGATTC
CATGATCC,CATGATTC
CATGATGC,CATGATTC
CATGATNC,CATGATTC
CATGATTA,CATGATTC
CATGATTT,CATGATTC
CATGATTG,CATGATTC
CATGATTN,CATGATTC
AATATATC,AATATATC
CATATATC,AATATATC
TATATATC,AATATATC
GATATATC,AATATATC
NATATATC,AATATATC
ACTATATC,AATATATC
ATTATATC,AATATATC
AGTATATC,AATATATC
ANTATATC,AATATATC
AAAATATC,AATATATC
AACATATC,AATATATC
AAGATATC,AATATATC
AANATATC,AATATATC
AATCTATC,AATATATC
AATTTATC,AATATATC
AATGTATC,AATATATC
AATNTATC,AATATATC
AATAAATC,AATATATC
AATACATC,AATATATC
AATAGATC,AATATATC
AATANATC,AATATATC
AATATCTC,AATATATC
AATATTTC,AATATATC
AATATGTC,AATATATC
AATATNTC,AATATATC
AATATAAC,AATATATC
AATATACC,AATATATC
AATATAGC,AATATATC
AATATANC,AATATATC
AATATATA,AATATATC
AATATATT,AATATATC
AATATATG,AATATATC
AATATATN,AATATATC
AAGAGCGC,AAGAGCGC
CAGAGCGC,AAGAGCGC
TAGAGCGC,AAGAGCGC
GAGAGCGC,AAGAGCGC
NAGAGCGC,AAGAGCGC
ACGAGCGC,AAGAGCGC
ATGAGCGC,AAGAGCGC
AGGAGCGC,AAGAGCGC
ANGAGCGC,AAGAGCGC
AAAAGCGC,AAGAGCGC
AACAGCGC,AAGAGCGC
AATAGCGC,AAGAGCGC
AANAGCGC,AAGAGCGC
AAGCGCGC,AAGAGCGC
AAGTGCGC,AAGAGCGC
AAGGGCGC,AAGAGCGC
AAGNGCGC,AAGAGCGC
AAGAACGC,AAGAGCGC
AAGACCGC,AAGAGCGC
AAGATCGC,AAGAGCGC
AAGANCGC,AAGAGCGC
AAGAGAGC,AAGAGCGC
AAGAGTGC,AAGAGCGC
AAGAGGGC,AAGAGCGC
AAGAGNGC,AAGAGCGC
AAGAGCAC,AAGAGCGC
AAGAGCCC,AAGAGCGC
AAGAGCTC,AAGAGCGC
AAGAGCNC,AAGAGCGC
AAGAGCGA,AAGAGCGC
AAGAGCGT,AAGAGCGC
AAGAGCGG,AAGAGCGC
AAGAGCGN,AAGAGCGC
AACGGAGA,GACGGAGA
CACGGAGA,GACGGAGA
TACGGAGA,GACGGAGA
GACGGAGA,GACGGAGA
NACGGAGA,GACGGAGA
GCCGGAGA,GACGGAGA
GTCGGAGA,GACGGAGA
GGCGGAGA,GACGGAGA
GNCGGAGA,GACGGAGA
GAAGGAGA,GACGGAGA
GATGGAGA,GACGGAGA
GAGGGAGA,GACGGAGA
GANGGAGA,GACGGAGA
GACAGAGA,GACGGAGA
GACCGAGA,GACGGAGA
GACTGAGA,GACGGAGA
GACNGAGA,GACGGAGA
GACGAAGA,GACGGAGA
GACGCAGA,GACGGAGA
GACGTAGA,GACGGAGA
GACGNAGA,GACGGAGA
GACGGCGA,GACGGAGA
GACGGTGA,GACGGAGA
GACGGGGA,GACGGAGA
GACGGNGA,GACGGAGA
GACGGAAA,GACGGAGA
GACGGACA,GACGGAGA
GACGGATA,GACGGAGA
GACGGANA,GACGGAGA
GACGGAGC,GACGGAGA
GACGGAGT,GACGGAGA
GACGGAGG,GACGGAGA
GACGGAGN,GACGGAGA
ATTCTCTT,ATTCTCTT
CTTCTCTT,ATTCTCTT
TTTCTCTT,ATTCTCTT
GTTCTCTT,ATTCTCTT
NTTCTCTT,ATTCTCTT
AATCTCTT,ATTCTCTT
ACTCTCTT,ATTCTCTT
AGTCTCTT,ATTCTCTT
ANTCTCTT,ATTCTCTT
ATACTCTT,ATTCTCTT
ATCCTCTT,ATTCTCTT
ATGCTCTT,ATTCTCTT
ATNCTCTT,ATTCTCTT
ATTATCTT,ATTCTCTT
ATTTTCTT,ATTCTCTT
ATTGTCTT,ATTCTCTT
ATTNTCTT,ATTCTCTT
ATTCACTT,ATTCTCTT
ATTCCCTT,ATTCTCTT
ATTCGCTT,ATTCTCTT
ATTCNCTT,ATTCTCTT
ATTCTATT,ATTCTCTT
ATTCTTTT,ATTCTCTT
ATTCTGTT,ATTCTCTT
ATTCTNTT,ATTCTCTT
ATTCTCAT,ATTCTCTT
ATTCTCCT,ATTCTCTT
ATTCTCGT,ATTCTCTT
ATTCTCNT,ATTCTCTT
ATTCTCTA,ATTCTCTT
ATTCTCTC,ATTCTCTT
ATTCTCTG,ATTCTCTT
ATTCTCTN,ATTCTCTT
ACCTCCGT,TCCTCCGT
CCCTCCGT,TCCTCCGT
TCCTCCGT,TCCTCCGT
GCCTCCGT,TCCTCCGT
NCCTCCGT,TCCTCCGT
TACTCCGT,TCCTCCGT
TTCTCCGT,TCCTCCGT
TGCTCCGT,TCCTCCGT
TNCTCCGT,TCCTCCGT
TCATCCGT,TCCTCCGT
TCTTCCGT,TCCTCCGT
TCGTCCGT,TCCTCCGT
TCNTCCGT,TCCTCCGT
TCCACCGT,TCCTCCGT
TCCCCCGT,TCCTCCGT
TCCGCCGT,TCCTCCGT
TCCNCCGT,TCCTCCGT
TCCTACGT,TCCTCCGT
TCCTTCGT,TCCTCCGT
TCCTGCGT,TCCTCCGT
TCCTNCGT,TCCTCCGT
TCCTCAGT,TCCTCCGT
TCCTCTGT,TCCTCCGT
TCCTCGGT,TCCTCCGT
TCCTCNGT,TCCTCCGT
TCCTCCAT,TCCTCCGT
TCCTCCCT,TCCTCCGT
TCCTCCTT,TCCTCCGT
TCCTCCNT,TCCTCCGT
TCCTCCGA,TCCTCCGT
TCCTCCGC,TCCTCCGT
TCCTCCGG,TCCTCCGT
TCCTCCGN,TCCTCCGT
AGACCTCT,GGACCTCT
CGACCTCT,GGACCTCT
TGACCTCT,GGACCTCT
GGACCTCT,GGACCTCT
NGACCTCT,GGACCTCT
GAACCTCT,GGACCTCT
GCACCTCT,GGACCTCT
GTACCTCT,GGACCTCT
GNACCTCT,GGACCTCT
GGCCCTCT,GGACCTCT
GGTCCTCT,GGACCTCT
GGGCCTCT,GGACCTCT
GGNCCTCT,GGACCTCT
GGAACTCT,GGACCTCT
GGATCTCT,GGACCTCT
GGAGCTCT,GGACCTCT
GGANCTCT,GGACCTCT
GGACATCT,GGACCTCT
GGACTTCT,GGACCTCT
GGACGTCT,GGACCTCT
GGACNTCT,GGACCTCT
GGACCACT,GGACCTCT
GGACCCCT,GGACCTCT
GGACCGCT,GGACCTCT
GGACCNCT,GGACCTCT
GGACCTAT,GGACCTCT
GGACCTTT,GGACCTCT
GGACCTGT,GGACCTCT
GGACCTNT,GGACCTCT
GGACCTCA,GGACCTCT
GGACCTCC,GGACCTCT
GGACCTCG,GGACCTCT
GGACCTCN,GGACCTCT
AATAACCT,CATAACCT
CATAACCT,CATAACCT
TATAACCT,CATAACCT
GATAACCT,CATAACCT
NATAACCT,CATAACCT
CCTAACCT,CATAACCT
CTTAACCT,CATAACCT
CGTAACCT,CATAACCT
CNTAACCT,CATAACCT
CAAAACCT,CATAACCT
CACAACCT,CATAACCT
CAGAACCT,CATAACCT
CANAACCT,CATAACCT
CATCACCT,CATAACCT
CATTACCT,CATAACCT
CATGACCT,CATAACCT
CATNACCT,CATAACCT
CATACCCT,CATAACCT
CATATCCT,CATAACCT
CATAGCCT,CATAACCT
CATANCCT,CATAACCT
CATAAACT,CATAACCT
CATAATCT,CATAACCT
CATAAGCT,CATAACCT
CATAANCT,CATAACCT
CATAACAT,CATAACCT
CATAACTT,CATAACCT
CATAACGT,CATAACCT
CATAACNT,CATAACCT
CATAACCA,CATAACCT
CATAACCC,CATAACCT
CATAACCG,CATAACCT
CATAACCN,CATAACCT
AGAGGCAG,CGAGGCAG
CGAGGCAG,CGAGGCAG
TGAGGCAG,CGAGGCAG
GGAGGCAG,CGAGGCAG
NGAGGCAG,CGAGGCAG
CAAGGCAG,CGAGGCAG
CCAGGCAG,CGAGGCAG
CTAGGCAG,CGAGGCAG
CNAGGCAG,CGAGGCAG
CGCGGCAG,CGAGGCAG
CGTGGCAG,CGAGGCAG
CGGGGCAG,CGAGGCAG
CGNGGCAG,CGAGGCAG
CGAAGCAG,CGAGGCAG
CGACGCAG,CGAGGCAG
CGATGCAG,CGAGGCAG
CGANGCAG,CGAGGCAG
CGAGACAG,CGAGGCAG
CGAGCCAG,CGAGGCAG
CGAGTCAG,CGAGGCAG
CGAGNCAG,CGAGGCAG
CGAGGAAG,CGAGGCAG
CGAGGTAG,CGAGGCAG
CGAGGGAG,CGAGGCAG
CGAGGNAG,CGAGGCAG
CGAGGCCG,CGAGGCAG
CGAGGCTG,CGAGGCAG
CGAGGCGG,CGAGGCAG
CGAGGCNG,CGAGGCAG
CGAGGCAA,CGAGGCAG
CGAGGCAC,CGAGGCAG
CGAGGCAT,CGAGGCAG
CGAGGCAN,CGAGGCAG
AATCCGTC,AATCCGTC
CATCCGTC,AATCCGTC
TATCCGTC,AATCCGTC
GATCCGTC,AATCCGTC
NATCCGTC,AATCCGTC
ACTCCGTC,AATCCGTC
ATTCCGTC,AATCCGTC
AGTCCGTC,AATCCGTC
ANTCCGTC,AATCCGTC
AAACCGTC,AATCCGTC
AACCCGTC,AATCCGTC
AAGCCGTC,AATCCGTC
AANCCGTC,AATCCGTC
AATACGTC,AATCCGTC
AATTCGTC,AATCCGTC
AATGCGTC,AATCCGTC
AATNCGTC,AATCCGTC
AATCAGTC,AATCCGTC
AATCTGTC,AATCCGTC
AATCGGTC,AATCCGTC
AATCNGTC,AATCCGTC
AATCCATC,AATCCGTC
AATCCCTC,AATCCGTC
AATCCTTC,AATCCGTC
AATCCNTC,AATCCGTC
AATCCGAC,AATCCGTC
AATCCGCC,AATCCGTC
AATCCGGC,AATCCGTC
AATCCGNC,AATCCGTC
AATCCGTA,AATCCGTC
AATCCGTT,AATCCGTC
AATCCGTG,AATCCGTC
AATCCGTN,AATCCGTC
ACCAATGC,ACCAATGC
CCCAATGC,ACCAATGC
TCCAATGC,ACCAATGC
GCCAATGC,ACCAATGC
NCCAATGC,ACCAATGC
AACAATGC,ACCAATGC
ATCAATGC,ACCAATGC
AGCAATGC,ACCAATGC
ANCAATGC,ACCAATGC
ACAAATGC,ACCAATGC
ACTAATGC,ACCAATGC
ACGAATGC,ACCAATGC
ACNAATGC,ACCAATGC
ACCCATGC,ACCAATGC
ACCTATGC,ACCAATGC
ACCGATGC,ACCAATGC
ACCNATGC,ACCAATGC
ACCACTGC,ACCAATGC
ACCATTGC,ACCAATGC
ACCAGTGC,ACCAATGC
ACCANTGC,ACCAATGC
ACCAAAGC,ACCAATGC
ACCAACGC,ACCAATGC
ACCAAGGC,ACCAATGC
ACCAANGC,ACCAATGC
ACCAATAC,ACCAATGC
ACCAATCC,ACCAATGC
ACCAATTC,ACCAATGC
ACCAATNC,ACCAATGC
ACCAATGA,ACCAATGC
ACCAATGT,ACCAATGC
ACCAATGG,ACCAATGC
ACCAATGN,ACCAATGC
ATCTTAGC,GTCTTAGC
CTCTTAGC,GTCTTAGC
TTCTTAGC,GTCTTAGC
GTCTTAGC,GTCTTAGC
NTCTTAGC,GTCTTAGC
GACTTAGC,GTCTTAGC
GCCTTAGC,GTCTTAGC
GGCTTAGC,GTCTTAGC
GNCTTAGC,GTCTTAGC
GTATTAGC,GTCTTAGC
GTTTTAGC,GTCTTAGC
GTGTTAGC,GTCTTAGC
GTNTTAGC,GTCTTAGC
GTCATAGC,GTCTTAGC
GTCCTAGC,GTCTTAGC
GTCGTAGC,GTCTTAGC
GTCNTAGC,GTCTTAGC
GTCTAAGC,GTCTTAGC
GTCTCAGC,GTCTTAGC
GTCTGAGC,GTCTTAGC
GTCTNAGC,GTCTTAGC
GTCTTCGC,GTCTTAGC
GTCTTTGC,GTCTTAGC
GTCTTGGC,GTCTTAGC
GTCTTNGC,GTCTTAGC
GTCTTAAC,GTCTTAGC
GTCTTACC,GTCTTAGC
GTCTTATC,GTCTTAGC
GTCTTANC,GTCTTAGC
GTCTTAGA,GTCTTAGC
GTCTTAGT,GTCTTAGC
GTCTTAGG,GTCTTAGC
GTCTTAGN,GTCTTAGC
AGTCCGCA,AGTCCGCA
CGTCCGCA,AGTCCGCA
TGTCCGCA,AGTCCGCA
GGTCCGCA,AGTCCGCA
NGTCCGCA,AGTCCGCA
AATCCGCA,AGTCCGCA
ACTCCGCA,AGTCCGCA
ATTCCGCA,AGTCCGCA
ANTCCGCA,AGTCCGCA
AGACCGCA,AGTCCGCA
AGCCCGCA,AGTCCGCA
AGGCCGCA,AGTCCGCA
AGNCCGCA,AGTCCGCA
AGTACGCA,AGTCCGCA
AGTTCGCA,AGTCCGCA
AGTGCGCA,AGTCCGCA
AGTNCGCA,AGTCCGCA
AGTCAGCA,AGTCCGCA
AGTCTGCA,AGTCCGCA
AGTCGGCA,AGTCCGCA
AGTCNGCA,AGTCCGCA
AGTCCACA,AGTCCGCA
AGTCCCCA,AGTCCGCA
AGTCCTCA,AGTCCGCA
AGTCCNCA,AGTCCGCA
AGTCCGAA,AGTCCGCA
AGTCCGTA,AGTCCGCA
AGTCCGGA,AGTCCGCA
AGTCCGNA,AGTCCGCA
AGTCCGCC,AGTCCGCA
AGTCCGCT,AGTCCGCA
AGTCCGCG,AGTCCGCA
AGTCCGCN,AGTCCGCA
ACCAACTT,TCCAACTT
CCCAACTT,TCCAACTT
TCCAACTT,TCCAACTT
GCCAACTT,TCCAACTT
NCCAACTT,TCCAACTT
TACAACTT,TCCAACTT
TTCAACTT,TCCAACTT
TGCAACTT,TCCAACTT
TNCAACTT,TCCAACTT
TCAAACTT,TCCAACTT
TCTAACTT,TCCAACTT
TCGAACTT,TCCAACTT
TCNAACTT,TCCAACTT
TCCCACTT,TCCAACTT
TCCTACTT,TCCAACTT
TCCGACTT,TCCAACTT
TCCNACTT,TCCAACTT
TCCACCTT,TCCAACTT
TCCATCTT,TCCAACTT
TCCAGCTT,TCCAACTT
TCCANCTT,TCCAACTT
TCCAAATT,TCCAACTT
TCCAATTT,TCCAACTT
TCCAAGTT,TCCAACTT
TCCAANTT,TCCAACTT
TCCAACAT,TCCAACTT
TCCAACCT,TCCAACTT
TCCAACGT,TCCAACTT
TCCAACNT,TCCAACTT
TCCAACTA,TCCAACTT
TCCAACTC,TCCAACTT
TCCAACTG,TCCAACTT
TCCAACTN,TCCAACTT
ACGTAAGT,ACGTAAGT
CCGTAAGT,ACGTAAGT
TCGTAAGT,ACGTAAGT
GCGTAAGT,ACGTAAGT
NCGTAAGT,ACGTAAGT
AAGTAAGT,ACGTAAGT
ATGTAAGT,ACGTAAGT
AGGTAAGT,ACGTAAGT
ANGTAAGT,ACGTAAGT
ACATAAGT,ACGTAAGT
ACCTAAGT,ACGTAAGT
ACTTAAGT,ACGTAAGT
ACNTAAGT,ACGTAAGT
ACGAAAGT,ACGTAAGT
ACGCAAGT,ACGTAAGT
ACGGAAGT,ACGTAAGT
ACGNAAGT,ACGTAAGT
ACGTCAGT,ACGTAAGT
ACGTTAGT,ACGTAAGT
ACGTGAGT,ACGTAAGT
ACGTNAGT,ACGTAAGT
ACGTACGT,ACGTAAGT
ACGTATGT,ACGTAAGT
ACGTAGGT,ACGTAAGT
ACGTANGT,ACGTAAGT
ACGTAAAT,ACGTAAGT
ACGTAACT,ACGTAAGT
ACGTAATT,ACGTAAGT
ACGTAANT,ACGTAAGT
ACGTAAGA,ACGTAAGT
ACGTAAGC,ACGTAAGT
ACGTAAGG,ACGTAAGT
ACGTAAGN,ACGTAAGT
ACGCATCT,TCGCATCT
CCGCATCT,TCGCATCT
TCGCATCT,TCGCATCT
GCGCATCT,TCGCATCT
NCGCATCT,TCGCATCT
TAGCATCT,TCGCATCT
TTGCATCT,TCGCATCT
TGGCATCT,TCGCATCT
TNGCATCT,TCGCATCT
TCACATCT,TCGCATCT
TCCCATCT,TCGCATCT
TCTCATCT,TCGCATCT
TCNCATCT,TCGCATCT
TCGAATCT,TCGCATCT
TCGTATCT,TCGCATCT
TCGGATCT,TCGCATCT
TCGNATCT,TCGCATCT
TCGCCTCT,TCGCATCT
TCGCTTCT,TCGCATCT
TCGCGTCT,TCGCATCT
TCGCNTCT,TCGCATCT
TCGCAACT,TCGCATCT
TCGCACCT,TCGCATCT
TCGCAGCT,TCGCATCT
TCGCANCT,TCGCATCT
TCGCATAT,TCGCATCT
TCGCATTT,TCGCATCT
TCGCATGT,TCGCATCT
TCGCATNT,TCGCATCT
TCGCATCA,TCGCATCT
TCGCATCC,TCGCATCT
TCGCATCG,TCGCATCT
TCGCATCN,TCGCATCT
ACTATACT,ACTATACT
CCTATACT,ACTATACT
TCTATACT,ACTATACT
GCTATACT,ACTATACT
NCTATACT,ACTATACT
AATATACT,ACTATACT
ATTATACT,ACTATACT
AGTATACT,ACTATACT
ANTATACT,ACTATACT
ACAATACT,ACTATACT
ACCATACT,ACTATACT
ACGATACT,ACTATACT
ACNATACT,ACTATACT
ACTCTACT,ACTATACT
ACTTTACT,ACTATACT
ACTGTACT,ACTATACT
ACTNTACT,ACTATACT
ACTAAACT,ACTATACT
ACTACACT,ACTATACT
ACTAGACT,ACTATACT
ACTANACT,ACTATACT
ACTATCCT,ACTATACT
ACTATTCT,ACTATACT
ACTATGCT,ACTATACT
ACTATNCT,ACTATACT
ACTATAAT,ACTATACT
ACTATATT,ACTATACT
ACTATAGT,ACTATACT
ACTATANT,ACTATACT
ACTATACA,ACTATACT
ACTATACC,ACTATACT
ACTATACG,ACTATACT
ACTATACN,ACTATACT
ACATGAAG,CCATGAAG
CCATGAAG,CCATGAAG
TCATGAAG,CCATGAAG
GCATGAAG,CCATGAAG
NCATGAAG,CCATGAAG
CAATGAAG,CCATGAAG
CTATGAAG,CCATGAAG
CGATGAAG,CCATGAAG
CNATGAAG,CCATGAAG
CCCTGAAG,CCATGAAG
CCTTGAAG,CCATGAAG
CCGTGAAG,CCATGAAG
CCNTGAAG,CCATGAAG
CCAAGAAG,CCATGAAG
CCACGAAG,CCATGAAG
CCAGGAAG,CCATGAAG
CCANGAAG,CCATGAAG
CCATAAAG,CCATGAAG
CCATCAAG,CCATGAAG
CCATTAAG,CCATGAAG
CCATNAAG,CCATGAAG
CCATGCAG,CCATGAAG
CCATGTAG,CCATGAAG
CCATGGAG,CCATGAAG
CCATGNAG,CCATGAAG
CCATGACG,CCATGAAG
CCATGATG,CCATGAAG
CCATGAGG,CCATGAAG
CCATGANG,CCATGAAG
CCATGAAA,CCATGAAG
CCATGAAC,CCATGAAG
CCATGAAT,CCATGAAG
CCATGAAN,CCATGAAG
AGTACGTC,CGTACGTC
CGTACGTC,CGTACGTC
TGTACGTC,CGTACGTC
GGTACGTC,CGTACGTC
NGTACGTC,CGTACGTC
CATACGTC,CGTACGTC
CCTACGTC,CGTACGTC
CTTACGTC,CGTACGTC
CNTACGTC,CGTACGTC
CGAACGTC,CGTACGTC
CGCACGTC,CGTACGTC
CGGACGTC,CGTACGTC
CGNACGTC,CGTACGTC
CGTCCGTC,CGTACGTC
CGTTCGTC,CGTACGTC
CGTGCGTC,CGTACGTC
CGTNCGTC,CGTACGTC
CGTAAGTC,CGTACGTC
CGTATGTC,CGTACGTC
CGTAGGTC,CGTACGTC
CGTANGTC,CGTACGTC
CGTACATC,CGTACGTC
CGTACCTC,CGTACGTC
CGTACTTC,CGTACGTC
CGTACNTC,CGTACGTC
CGTACGAC,CGTACGTC
CGTACGCC,CGTACGTC
CGTACGGC,CGTACGTC
CGTACGNC,CGTACGTC
CGTACGTA,CGTACGTC
CGTACGTT,CGTACGTC
CGTACGTG,CGTACGTC
CGTACGTN,CGTACGTC
AGCTTCGC,TGCTTCGC
CGCTTCGC,TGCTTCGC
TGCTTCGC,TGCTTCGC
GGCTTCGC,TGCTTCGC
NGCTTCGC,TGCTTCGC
TACTTCGC,TGCTTCGC
TCCTTCGC,TGCTTCGC
TTCTTCGC,TGCTTCGC
TNCTTCGC,TGCTTCGC
TGATTCGC,TGCTTCGC
TGTTTCGC,TGCTTCGC
TGGTTCGC,TGCTTCGC
TGNTTCGC,TGCTTCGC
TGCATCGC,TGCTTCGC
TGCCTCGC,TGCTTCGC
TGCGTCGC,TGCTTCGC
TGCNTCGC,TGCTTCGC
TGCTACGC,TGCTTCGC
TGCTCCGC,TGCTTCGC
TGCTGCGC,TGCTTCGC
TGCTNCGC,TGCTTCGC
TGCTTAGC,TGCTTCGC
TGCTTTGC,TGCTTCGC
TGCTTGGC,TGCTTCGC
TGCTTNGC,TGCTTCGC
TGCTTCAC,TGCTTCGC
TGCTTCCC,TGCTTCGC
TGCTTCTC,TGCTTCGC
TGCTTCNC,TGCTTCGC
TGCTTCGA,TGCTTCGC
TGCTTCGT,TGCTTCGC
TGCTTCGG,TGCTTCGC
TGCTTCGN,TGCTTCGC
ACAATTCC,CCAATTCC
CCAATTCC,CCAATTCC
TCAATTCC,CCAATTCC
GCAATTCC,CCAATTCC
NCAATTCC,CCAATTCC
CAAATTCC,CCAATTCC
CTAATTCC,CCAATTCC
CGAATTCC,CCAATTCC
CNAATTCC,CCAATTCC
CCCATTCC,CCAATTCC
CCTATTCC,CCAATTCC
CCGATTCC,CCAATTCC
CCNATTCC,CCAATTCC
CCACTTCC,CCAATTCC
CCATTTCC,CCAATTCC
CCAGTTCC,CCAATTCC
CCANTTCC,CCAATTCC
CCAAATCC,CCAATTCC
CCAACTCC,CCAATTCC
CCAAGTCC,CCAATTCC
CCAANTCC,CCAATTCC
CCAATACC,CCAATTCC
CCAATCCC,CCAATTCC
CCAATGCC,CCAATTCC
CCAATNCC,CCAATTCC
CCAATTAC,CCAATTCC
CCAATTTC,CCAATTCC
CCAATTGC,CCAATTCC
CCAATTNC,CCAATTCC
CCAATTCA,CCAATTCC
CCAATTCT,CCAATTCC
CCAATTCG,CCAATTCC
CCAATTCN,CCAATTCC
ATGGTTAA,TTGGTTAA
CTGGTTAA,TTGGTTAA
TTGGTTAA,TTGGTTAA
GTGGTTAA,TTGGTTAA
NTGGTTAA,TTGGTTAA
TAGGTTAA,TTGGTTAA
TCGGTTAA,TTGGTTAA
TGGGTTAA,TTGGTTAA
TNGGTTAA,TTGGTTAA
TTAGTTAA,TTGGTTAA
TTCGTTAA,TTGGTTAA
TTTGTTAA,TTGGTTAA
TTNGTTAA,TTGGTTAA
TTGATTAA,TTGGTTAA
TTGCTTAA,TTGGTTAA
TTGTTTAA,TTGGTTAA
TTGNTTAA,TTGGTTAA
TTGGATAA,TTGGTTAA
TTGGCTAA,TTGGTTAA
TTGGGTAA,TTGGTTAA
TTGGNTAA,TTGGTTAA
TTGGTAAA,TTGGTTAA
TTGGTCAA,TTGGTTAA
TTGGTGAA,TTGGTTAA
TTGGTNAA,TTGGTTAA
TTGGTTCA,TTGGTTAA
TTGGTTTA,TTGGTTAA
TTGGTTGA,TTGGTTAA
TTGGTTNA,TTGGTTAA
TTGGTTAC,TTGGTTAA
TTGGTTAT,TTGGTTAA
TTGGTTAG,TTGGTTAA
TTGGTTAN,TTGGTTAA
AGTACCAT,AGTACCAT
CGTACCAT,AGTACCAT
TGTACCAT,AGTACCAT
GGTACCAT,AGTACCAT
NGTACCAT,AGTACCAT
AATACCAT,AGTACCAT
ACTACCAT,AGTACCAT
ATTACCAT,AGTACCAT
ANTACCAT,AGTACCAT
AGAACCAT,AGTACCAT
AGCACCAT,AGTACCAT
AGGACCAT,AGTACCAT
AGNACCAT,AGTACCAT
AGTCCCAT,AGTACCAT
AGTTCCAT,AGTACCAT
AGTGCCAT,AGTACCAT
AGTNCCAT,AGTACCAT
AGTAACAT,AGTACCAT
AGTATCAT,AGTACCAT
AGTAGCAT,AGTACCAT
AGTANCAT,AGTACCAT
AGTACAAT,AGTACCAT
AGTACTAT,AGTACCAT
AGTACGAT,AGTACCAT
AGTACNAT,AGTACCAT
AGTACCCT,AGTACCAT
AGTACCTT,AGTACCAT
AGTACCGT,AGTACCAT
AGTACCNT,AGTACCAT
AGTACCAA,AGTACCAT
AGTACCAC,AGTACCAT
AGTACCAG,AGTACCAT
AGTACCAN,AGTACCAT
ATGCCTGG,ATGCCTGG
CTGCCTGG,ATGCCTGG
TTGCCTGG,ATGCCTGG
GTGCCTGG,ATGCCTGG
NTGCCTGG,ATGCCTGG
AAGCCTGG,ATGCCTGG
ACGCCTGG,ATGCCTGG
AGGCCTGG,ATGCCTGG
ANGCCTGG,ATGCCTGG
ATACCTGG,ATGCCTGG
ATCCCTGG,ATGCCTGG
ATTCCTGG,ATGCCTGG
ATNCCTGG,ATGCCTGG
ATGACTGG,ATGCCTGG
ATGTCTGG,ATGCCTGG
ATGGCTGG,ATGCCTGG
ATGNCTGG,ATGCCTGG
ATGCATGG,ATGCCTGG
ATGCTTGG,ATGCCTGG
ATGCGTGG,ATGCCTGG
ATGCNTGG,ATGCCTGG
ATGCCAGG,ATGCCTGG
ATGCCCGG,ATGCCTGG
ATGCCGGG,ATGCCTGG
ATGCCNGG,ATGCCTGG
ATGCCTAG,ATGCCTGG
ATGCCTCG,ATGCCTGG
ATGCCTTG,ATGCCTGG
ATGCCTNG,ATGCCTGG
ATGCCTGA,ATGCCTGG
ATGCCTGC,ATGCCTGG
ATGCCTGT,ATGCCTGG
ATGCCTGN,ATGCCTGG
ACAGAGCG,CCAGAGCG
CCAGAGCG,CCAGAGCG
TCAGAGCG,CCAGAGCG
GCAGAGCG,CCAGAGCG
NCAGAGCG,CCAGAGCG
CAAGAGCG,CCAGAGCG
CTAGAGCG,CCAGAGCG
CGAGAGCG,CCAGAGCG
CNAGAGCG,CCAGAGCG
CCCGAGCG,CCAGAGCG
CCTGAGCG,CCAGAGCG
CCGGAGCG,CCAGAGCG
CCNGAGCG,CCAGAGCG
CCAAAGCG,CCAGAGCG
CCACAGCG,CCAGAGCG
CCATAGCG,CCAGAGCG
CCANAGCG,CCAGAGCG
CCAGCGCG,CCAGAGCG
CCAGTGCG,CCAGAGCG
CCAGGGCG,CCAGAGCG
CCAGNGCG,CCAGAGCG
CCAGAACG,CCAGAGCG
CCAGACCG,CCAGAGCG
CCAGATCG,CCAGAGCG
CCAGANCG,CCAGAGCG
CCAGAGAG,CCAGAGCG
CCAGAGTG,CCAGAGCG
CCAGAGGG,CCAGAGCG
CCAGAGNG,CCAGAGCG
CCAGAGCA,CCAGAGCG
CCAGAGCC,CCAGAGCG
CCAGAGCT,CCAGAGCG
CCAGAGCN,CCAGAGCG
AGACGTAG,GGACGTAG
CGACGTAG,GGACGTAG
TGACGTAG,GGACGTAG
GGACGTAG,GGACGTAG
NGACGTAG,GGACGTAG
GAACGTAG,GGACGTAG
GCACGTAG,GGACGTAG
GTACGTAG,GGACGTAG
GNACGTAG,GGACGTAG
GGCCGTAG,GGACGTAG
GGTCGTAG,GGACGTAG
GGGCGTAG,GGACGTAG
GGNCGTAG,GGACGTAG
GGAAGTAG,GGACGTAG
GGATGTAG,GGACGTAG
GGAGGTAG,GGACGTAG
GGANGTAG,GGACGTAG
GGACATAG,GGACGTAG
GGACCTAG,GGACGTAG
GGACTTAG,GGACGTAG
GGACNTAG,GGACGTAG
GGACGAAG,GGACGTAG
GGACGCAG,GGACGTAG
GGACGGAG,GGACGTAG
GGACGNAG,GGACGTAG
GGACGTCG,GGACGTAG
GGACGTTG,GGACGTAG
GGACGTGG,GGACGTAG
GGACGTNG,GGACGTAG
GGACGTAA,GGACGTAG
GGACGTAC,GGACGTAG
GGACGTAT,GGACGTAG
GGACGTAN,GGACGTAG
ATCCTGCC,GTCCTGCC
CTCCTGCC,GTCCTGCC
TTCCTGCC,GTCCTGCC
GTCCTGCC,GTCCTGCC
NTCCTGCC,GTCCTGCC
GACCTGCC,GTCCTGCC
GCCCTGCC,GTCCTGCC
GGCCTGCC,GTCCTGCC
GNCCTGCC,GTCCTGCC
GTACTGCC,GTCCTGCC
GTTCTGCC,GTCCTGCC
GTGCTGCC,GTCCTGCC
GTNCTGCC,GTCCTGCC
GTCATGCC,GTCCTGCC
GTCTTGCC,GTCCTGCC
GTCGTGCC,GTCCTGCC
GTCNTGCC,GTCCTGCC
GTCCAGCC,GTCCTGCC
GTCCCGCC,GTCCTGCC
GTCCGGCC,GTCCTGCC
GTCCNGCC,GTCCTGCC
GTCCTACC,GTCCTGCC
GTCCTCCC,GTCCTGCC
GTCCTTCC,GTCCTGCC
GTCCTNCC,GTCCTGCC
GTCCTGAC,GTCCTGCC
GTCCTGTC,GTCCTGCC
GTCCTGGC,GTCCTGCC
GTCCTGNC,GTCCTGCC
GTCCTGCA,GTCCTGCC
GTCCTGCT,GTCCTGCC
GTCCTGCG,GTCCTGCC
GTCCTGCN,GTCCTGCC
ATTAGGAC,GTTAGGAC
CTTAGGAC,GTTAGGAC
TTTAGGAC,GTTAGGAC
GTTAGGAC,GTTAGGAC
NTTAGGAC,GTTAGGAC
GATAGGAC,GTTAGGAC
GCTAGGAC,GTTAGGAC
GGTAGGAC,GTTAGGAC
GNTAGGAC,GTTAGGAC
GTAAGGAC,GTTAGGAC
GTCAGGAC,GTTAGGAC
GTGAGGAC,GTTAGGAC
GTNAGGAC,GTTAGGAC
GTTCGGAC,GTTAGGAC
GTTTGGAC,GTTAGGAC
GTTGGGAC,GTTAGGAC
GTTNGGAC,GTTAGGAC
GTTAAGAC,GTTAGGAC
GTTACGAC,GTTAGGAC
GTTATGAC,GTTAGGAC
GTTANGAC,GTTAGGAC
GTTAGAAC,GTTAGGAC
GTTAGCAC,GTTAGGAC
GTTAGTAC,GTTAGGAC
GTTAGNAC,GTTAGGAC
GTTAGGCC,GTTAGGAC
GTTAGGTC,GTTAGGAC
GTTAGGGC,GTTAGGAC
GTTAGGNC,GTTAGGAC
GTTAGGAA,GTTAGGAC
GTTAGGAT,GTTAGGAC
GTTAGGAG,GTTAGGAC
GTTAGGAN,GTTAGGAC
ATACCGTA,GTACCGTA
CTACCGTA,GTACCGTA
TTACCGTA,GTACCGTA
GTACCGTA,GTACCGTA
NTACCGTA,GTACCGTA
GAACCGTA,GTACCGTA
GCACCGTA,GTACCGTA
GGACCGTA,GTACCGTA
GNACCGTA,GTACCGTA
GTCCCGTA,GTACCGTA
GTTCCGTA,GTACCGTA
GTGCCGTA,GTACCGTA
GTNCCGTA,GTACCGTA
GTAACGTA,GTACCGTA
GTATCGTA,GTACCGTA
GTAGCGTA,GTACCGTA
GTANCGTA,GTACCGTA
GTACAGTA,GTACCGTA
GTACTGTA,GTACCGTA
GTACGGTA,GTACCGTA
GTACNGTA,GTACCGTA
GTACCATA,GTACCGTA
GTACCCTA,GTACCGTA
GTACCTTA,GTACCGTA
GTACCNTA,GTACCGTA
GTACCGAA,GTACCGTA
GTACCGCA,GTACCGTA
GTACCGGA,GTACCGTA
GTACCGNA,GTACCGTA
GTACCGTC,GTACCGTA
GTACCGTT,GTACCGTA
GTACCGTG,GTACCGTA
GTACCGTN,GTACCGTA
ATTCATGA,CTTCATGA
CTTCATGA,CTTCATGA
TTTCATGA,CTTCATGA
GTTCATGA,CTTCATGA
NTTCATGA,CTTCATGA
CATCATGA,CTTCATGA
CCTCATGA,CTTCATGA
CGTCATGA,CTTCATGA
CNTCATGA,CTTCATGA
CTACATGA,CTTCATGA
CTCCATGA,CTTCATGA
CTGCATGA,CTTCATGA
CTNCATGA,CTTCATGA
CTTAATGA,CTTCATGA
CTTTATGA,CTTCATGA
CTTGATGA,CTTCATGA
CTTNATGA,CTTCATGA
CTTCCTGA,CTTCATGA
CTTCTTGA,CTTCATGA
CTTCGTGA,CTTCATGA
CTTCNTGA,CTTCATGA
CTTCAAGA,CTTCATGA
CTTCACGA,CTTCATGA
CTTCAGGA,CTTCATGA
CTTCANGA,CTTCATGA
CTTCATAA,CTTCATGA
CTTCATCA,CTTCATGA
CTTCATTA,CTTCATGA
CTTCATNA,CTTCATGA
CTTCATGC,CTTCATGA
CTTCATGT,CTTCATGA
CTTCATGG,CTTCATGA
CTTCATGN,CTTCATGA
AATGGTAA,AATGGTAA
CATGGTAA,AATGGTAA
TATGGTAA,AATGGTAA
GATGGTAA,AATGGTAA
NATGGTAA,AATGGTAA
ACTGGTAA,AATGGTAA
ATTGGTAA,AATGGTAA
AGTGGTAA,AATGGTAA
ANTGGTAA,AATGGTAA
AAAGGTAA,AATGGTAA
AACGGTAA,AATGGTAA
AAGGGTAA,AATGGTAA
AANGGTAA,AATGGTAA
AATAGTAA,AATGGTAA
AATCGTAA,AATGGTAA
AATTGTAA,AATGGTAA
AATNGTAA,AATGGTAA
AATGATAA,AATGGTAA
AATGCTAA,AATGGTAA
AATGTTAA,AATGGTAA
AATGNTAA,AATGGTAA
AATGGAAA,AATGGTAA
AATGGCAA,AATGGTAA
AATGGGAA,AATGGTAA
AATGGNAA,AATGGTAA
AATGGTCA,AATGGTAA
AATGGTTA,AATGGTAA
AATGGTGA,AATGGTAA
AATGGTNA,AATGGTAA
AATGGTAC,AATGGTAA
AATGGTAT,AATGGTAA
AATGGTAG,AATGGTAA
AATGGTAN,AATGGTAA
ATCGTAAT,TTCGTAAT
CTCGTAAT,TTCGTAAT
TTCGTAAT,TTCGTAAT
GTCGTAAT,TTCGTAAT
NTCGTAAT,TTCGTAAT
TACGTAAT,TTCGTAAT
TCCGTAAT,TTCGTAAT
TGCGTAAT,TTCGTAAT
TNCGTAAT,TTCGTAAT
TTAGTAAT,TTCGTAAT
TTTGTAAT,TTCGTAAT
TTGGTAAT,TTCGTAAT
TTNGTAAT,TTCGTAAT
TTCATAAT,TTCGTAAT
TTCCTAAT,TTCGTAAT
TTCTTAAT,TTCGTAAT
TTCNTAAT,TTCGTAAT
TTCGAAAT,TTCGTAAT
TTCGCAAT,TTCGTAAT
TTCGGAAT,TTCGTAAT
TTCGNAAT,TTCGTAAT
TTCGTCAT,TTCGTAAT
TTCGTTAT,TTCGTAAT
TTCGTGAT,TTCGTAAT
TTCGTNAT,TTCGTAAT
TTCGTACT,TTCGTAAT
TTCGTATT,TTCGTAAT
TTCGTAGT,TTCGTAAT
TTCGTANT,TTCGTAAT
TTCGTAAA,TTCGTAAT
TTCGTAAC,TTCGTAAT
TTCGTAAG,TTCGTAAT
TTCGTAAN,TTCGTAAT
AAGTACGG,TAGTACGG
CAGTACGG,TAGTACGG
TAGTACGG,TAGTACGG
GAGTACGG,TAGTACGG
NAGTACGG,TAGTACGG
TCGTACGG,TAGTACGG
TTGTACGG,TAGTACGG
TGGTACGG,TAGTACGG
TNGTACGG,TAGTACGG
TAATACGG,TAGTACGG
TACTACGG,TAGTACGG
TATTACGG,TAGTACGG
TANTACGG,TAGTACGG
TAGAACGG,TAGTACGG
TAGCACGG,TAGTACGG
TAGGACGG,TAGTACGG
TAGNACGG,TAGTACGG
TAGTCCGG,TAGTACGG
TAGTTCGG,TAGTACGG
TAGTGCGG,TAGTACGG
TAGTNCGG,TAGTACGG
TAGTAAGG,TAGTACGG
TAGTATGG,TAGTACGG
TAGTAGGG,TAGTACGG
TAGTANGG,TAGTACGG
TAGTACAG,TAGTACGG
TAGTACCG,TAGTACGG
TAGTACTG,TAGTACGG
TAGTACNG,TAGTACGG
TAGTACGA,TAGTACGG
TAGTACGC,TAGTACGG
TAGTACGT,TAGTACGG
TAGTACGN,TAGTACGG
ATTAGCCG,GTTAGCCG
CTTAGCCG,GTTAGCCG
TTTAGCCG,GTTAGCCG
GTTAGCCG,GTTAGCCG
NTTAGCCG,GTTAGCCG
GATAGCCG,GTTAGCCG
GCTAGCCG,GTTAGCCG
GGTAGCCG,GTTAGCCG
GNTAGCCG,GTTAGCCG
GTAAGCCG,GTTAGCCG
GTCAGCCG,GTTAGCCG
GTGAGCCG,GTTAGCCG
GTNAGCCG,GTTAGCCG
GTTCGCCG,GTTAGCCG
GTTTGCCG,GTTAGCCG
GTTGGCCG,GTTAGCCG
GTTNGCCG,GTTAGCCG
GTTAACCG,GTTAGCCG
GTTACCCG,GTTAGCCG
GTTATCCG,GTTAGCCG
GTTANCCG,GTTAGCCG
GTTAGACG,GTTAGCCG
GTTAGTCG,GTTAGCCG
GTTAGGCG,GTTAGCCG
GTTAGNCG,GTTAGCCG
GTTAGCAG,GTTAGCCG
GTTAGCTG,GTTAGCCG
GTTAGCGG,GTTAGCCG
GTTAGCNG,GTTAGCCG
GTTAGCCA,GTTAGCCG
GTTAGCCC,GTTAGCCG
GTTAGCCT,GTTAGCCG
GTTAGCCN,GTTAGCCG
ATTGATAG,CTTGATAG
CTTGATAG,CTTGATAG
TTTGATAG,CTTGATAG
GTTGATAG,CTTGATAG
NTTGATAG,CTTGATAG
CATGATAG,CTTGATAG
CCTGATAG,CTTGATAG
CGTGATAG,CTTGATAG
CNTGATAG,CTTGATAG
CTAGATAG,CTTGATAG
CTCGATAG,CTTGATAG
CTGGATAG,CTTGATAG
CTNGATAG,CTTGATAG
CTTAATAG,CTTGATAG
CTTCATAG,CTTGATAG
CTTTATAG,CTTGATAG
CTTNATAG,CTTGATAG
CTTGCTAG,CTTGATAG
CTTGTTAG,CTTGATAG
CTTGGTAG,CTTGATAG
CTTGNTAG,CTTGATAG
CTTGAAAG,CTTGATAG
CTTGACAG,CTTGATAG
CTTGAGAG,CTTGATAG
CTTGANAG,CTTGATAG
CTTGATCG,CTTGATAG
CTTGATTG,CTTGATAG
CTTGATGG,CTTGATAG
CTTGATNG,CTTGATAG
CTTGATAA,CTTGATAG
CTTGATAC,CTTGATAG
CTTGATAT,CTTGATAG
CTTGATAN,CTTGATAG
ATGGTACC,TTGGTACC
CTGGTACC,TTGGTACC
TTGGTACC,TTGGTACC
GTGGTACC,TTGGTACC
NTGGTACC,TTGGTACC
TAGGTACC,TTGGTACC
TCGGTACC,TTGGTACC
TGGGTACC,TTGGTACC
TNGGTACC,TTGGTACC
TTAGTACC,TTGGTACC
TTCGTACC,TTGGTACC
TTTGTACC,TTGGTACC
TTNGTACC,TTGGTACC
TTGATACC,TTGGTACC
TTGCTACC,TTGGTACC
TTGTTACC,TTGGTACC
TTGNTACC,TTGGTACC
TTGGAACC,TTGGTACC
TTGGCACC,TTGGTACC
TTGGGACC,TTGGTACC
TTGGNACC,TTGGTACC
TTGGTCCC,TTGGTACC
TTGGTTCC,TTGGTACC
TTGGTGCC,TTGGTACC
TTGGTNCC,TTGGTACC
TTGGTAAC,TTGGTACC
TTGGTATC,TTGGTACC
TTGGTAGC,TTGGTACC
TTGGTANC,TTGGTACC
TTGGTACA,TTGGTACC
TTGGTACT,TTGGTACC
TTGGTACG,TTGGTACC
TTGGTACN,TTGGTACC
ACCTGAAC,GCCTGAAC
CCCTGAAC,GCCTGAAC
TCCTGAAC,GCCTGAAC
GCCTGAAC,GCCTGAAC
NCCTGAAC,GCCTGAAC
GACTGAAC,GCCTGAAC
GTCTGAAC,GCCTGAAC
GGCTGAAC,GCCTGAAC
GNCTGAAC,GCCTGAAC
GCATGAAC,GCCTGAAC
GCTTGAAC,GCCTGAAC
GCGTGAAC,GCCTGAAC
GCNTGAAC,GCCTGAAC
GCCAGAAC,GCCTGAAC
GCCCGAAC,GCCTGAAC
GCCGGAAC,GCCTGAAC
GCCNGAAC,GCCTGAAC
GCCTAAAC,GCCTGAAC
GCCTCAAC,GCCTGAAC
GCCTTAAC,GCCTGAAC
GCCTNAAC,GCCTGAAC
GCCTGCAC,GCCTGAAC
GCCTGTAC,GCCTGAAC
GCCTGGAC,GCCTGAAC
GCCTGNAC,GCCTGAAC
GCCTGACC,GCCTGAAC
GCCTGATC,GCCTGAAC
GCCTGAGC,GCCTGAAC
GCCTGANC,GCCTGAAC
GCCTGAAA,GCCTGAAC
GCCTGAAT,GCCTGAAC
GCCTGAAG,GCCTGAAC
GCCTGAAN,GCCTGAAC
AGCATATA,GGCATATA
CGCATATA,GGCATATA
TGCATATA,GGCATATA
GGCATATA,GGCATATA
NGCATATA,GGCATATA
GACATATA,GGCATATA
GCCATATA,GGCATATA
GTCATATA,GGCATATA
GNCATATA,GGCATATA
GGAATATA,GGCATATA
GGTATATA,GGCATATA
GGGATATA,GGCATATA
GGNATATA,GGCATATA
GGCCTATA,GGCATATA
GGCTTATA,GGCATATA
GGCGTATA,GGCATATA
GGCNTATA,GGCATATA
GGCAAATA,GGCATATA
GGCACATA,GGCATATA
GGCAGATA,GGCATATA
GGCANATA,GGCATATA
GGCATCTA,GGCATATA
GGCATTTA,GGCATATA
GGCATGTA,GGCATATA
GGCATNTA,GGCATATA
GGCATAAA,GGCATATA
GGCATACA,GGCATATA
GGCATAGA,GGCATATA
GGCATANA,GGCATATA
GGCATATC,GGCATATA
GGCATATT,GGCATATA
GGCATATG,GGCATATA
GGCATATN,GGCATATA
AGGTCGGA,AGGTCGGA
CGGTCGGA,AGGTCGGA
TGGTCGGA,AGGTCGGA
GGGTCGGA,AGGTCGGA
NGGTCGGA,AGGTCGGA
AAGTCGGA,AGGTCGGA
ACGTCGGA,AGGTCGGA
ATGTCGGA,AGGTCGGA
ANGTCGGA,AGGTCGGA
AGATCGGA,AGGTCGGA
AGCTCGGA,AGGTCGGA
AGTTCGGA,AGGTCGGA
AGNTCGGA,AGGTCGGA
AGGACGGA,AGGTCGGA
AGGCCGGA,AGGTCGGA
AGGGCGGA,AGGTCGGA
AGGNCGGA,AGGTCGGA
AGGTAGGA,AGGTCGGA
AGGTTGGA,AGGTCGGA
AGGTGGGA,AGGTCGGA
AGGTNGGA,AGGTCGGA
AGGTCAGA,AGGTCGGA
AGGTCCGA,AGGTCGGA
AGGTCTGA,AGGTCGGA
AGGTCNGA,AGGTCGGA
AGGTCGAA,AGGTCGGA
AGGTCGCA,AGGTCGGA
AGGTCGTA,AGGTCGGA
AGGTCGNA,AGGTCGGA
AGGTCGGC,AGGTCGGA
AGGTCGGT,AGGTCGGA
AGGTCGGG,AGGTCGGA
AGGTCGGN,AGGTCGGA
AACGATAA,GACGATAA
CACGATAA,GACGATAA
TACGATAA,GACGATAA
GACGATAA,GACGATAA
NACGATAA,GACGATAA
GCCGATAA,GACGATAA
GTCGATAA,GACGATAA
GGCGATAA,GACGATAA
GNCGATAA,GACGATAA
GAAGATAA,GACGATAA
GATGATAA,GACGATAA
GAGGATAA,GACGATAA
GANGATAA,GACGATAA
GACAATAA,GACGATAA
GACCATAA,GACGATAA
GACTATAA,GACGATAA
GACNATAA,GACGATAA
GACGCTAA,GACGATAA
GACGTTAA,GACGATAA
GACGGTAA,GACGATAA
GACGNTAA,GACGATAA
GACGAAAA,GACGATAA
GACGACAA,GACGATAA
GACGAGAA,GACGATAA
GACGANAA,GACGATAA
GACGATCA,GACGATAA
GACGATTA,GACGATAA
GACGATGA,GACGATAA
GACGATNA,GACGATAA
GACGATAC,GACGATAA
GACGATAT,GACGATAA
GACGATAG,GACGATAA
GACGATAN,GACGATAA
ACGTTATG,ACGTTATG
CCGTTATG,ACGTTATG
TCGTTATG,ACGTTATG
GCGTTATG,ACGTTATG
NCGTTATG,ACGTTATG
AAGTTATG,ACGTTATG
ATGTTATG,ACGTTATG
AGGTTATG,ACGTTATG
ANGTTATG,ACGTTATG
ACATTATG,ACGTTATG
ACCTTATG,ACGTTATG
ACTTTATG,ACGTTATG
ACNTTATG,ACGTTATG
ACGATATG,ACGTTATG
ACGCTATG,ACGTTATG
ACGGTATG,ACGTTATG
ACGNTATG,ACGTTATG
ACGTAATG,ACGTTATG
ACGTCATG,ACGTTATG
ACGTGATG,ACGTTATG
ACGTNATG,ACGTTATG
ACGTTCTG,ACGTTATG
ACGTTTTG,ACGTTATG
ACGTTGTG,ACGTTATG
ACGTTNTG,ACGTTATG
ACGTTAAG,ACGTTATG
ACGTTACG,ACGTTATG
ACGTTAGG,ACGTTATG
ACGTTANG,ACGTTATG
ACGTTATA,ACGTTATG
ACGTTATC,ACGTTATG
ACGTTATT,ACGTTATG
ACGTTATN,ACGTTATG
AGAGCGCG,TGAGCGCG
CGAGCGCG,TGAGCGCG
TGAGCGCG,TGAGCGCG
GGAGCGCG,TGAGCGCG
NGAGCGCG,TGAGCGCG
TAAGCGCG,TGAGCGCG
TCAGCGCG,TGAGCGCG
TTAGCGCG,TGAGCGCG
TNAGCGCG,TGAGCGCG
TGCGCGCG,TGAGCGCG
TGTGCGCG,TGAGCGCG
TGGGCGCG,TGAGCGCG
TGNGCGCG,TGAGCGCG
TGAACGCG,TGAGCGCG
TGACCGCG,TGAGCGCG
TGATCGCG,TGAGCGCG
TGANCGCG,TGAGCGCG
TGAGAGCG,TGAGCGCG
TGAGTGCG,TGAGCGCG
TGAGGGCG,TGAGCGCG
TGAGNGCG,TGAGCGCG
TGAGCACG,TGAGCGCG
TGAGCCCG,TGAGCGCG
TGAGCTCG,TGAGCGCG
TGAGCNCG,TGAGCGCG
TGAGCGAG,TGAGCGCG
TGAGCGTG,TGAGCGCG
TGAGCGGG,TGAGCGCG
TGAGCGNG,TGAGCGCG
TGAGCGCA,TGAGCGCG
TGAGCGCC,TGAGCGCG
TGAGCGCT,TGAGCGCG
TGAGCGCN,TGAGCGCG
AGAGGACG,GGAGGACG
CGAGGACG,GGAGGACG
TGAGGACG,GGAGGACG
GGAGGACG,GGAGGACG
NGAGGACG,GGAGGACG
GAAGGACG,GGAGGACG
GCAGGACG,GGAGGACG
GTAGGACG,GGAGGACG
GNAGGACG,GGAGGACG
GGCGGACG,GGAGGACG
GGTGGACG,GGAGGACG
GGGGGACG,GGAGGACG
GGNGGACG,GGAGGACG
GGAAGACG,GGAGGACG
GGACGACG,GGAGGACG
GGATGACG,GGAGGACG
GGANGACG,GGAGGACG
GGAGAACG,GGAGGACG
GGAGCACG,GGAGGACG
GGAGTACG,GGAGGACG
GGAGNACG,GGAGGACG
GGAGGCCG,GGAGGACG
GGAGGTCG,GGAGGACG
GGAGGGCG,GGAGGACG
GGAGGNCG,GGAGGACG
GGAGGAAG,GGAGGACG
GGAGGATG,GGAGGACG
GGAGGAGG,GGAGGACG
GGAGGANG,GGAGGACG
GGAGGACA,GGAGGACG
GGAGGACC,GGAGGACG
GGAGGACT,GGAGGACG
GGAGGACN,GGAGGACG
ACCTCGAG,ACCTCGAG
CCCTCGAG,ACCTCGAG
TCCTCGAG,ACCTCGAG
GCCTCGAG,ACCTCGAG
NCCTCGAG,ACCTCGAG
AACTCGAG,ACCTCGAG
ATCTCGAG,ACCTCGAG
AGCTCGAG,ACCTCGAG
ANCTCGAG,ACCTCGAG
ACATCGAG,ACCTCGAG
ACTTCGAG,ACCTCGAG
ACGTCGAG,ACCTCGAG
ACNTCGAG,ACCTCGAG
ACCACGAG,ACCTCGAG
ACCCCGAG,ACCTCGAG
ACCGCGAG,ACCTCGAG
ACCNCGAG,ACCTCGAG
ACCTAGAG,ACCTCGAG
ACCTTGAG,ACCTCGAG
ACCTGGAG,ACCTCGAG
ACCTNGAG,ACCTCGAG
ACCTCAAG,ACCTCGAG
ACCTCCAG,ACCTCGAG
ACCTCTAG,ACCTCGAG
ACCTCNAG,ACCTCGAG
ACCTCGCG,ACCTCGAG
ACCTCGTG,ACCTCGAG
ACCTCGGG,ACCTCGAG
ACCTCGNG,ACCTCGAG
ACCTCGAA,ACCTCGAG
ACCTCGAC,ACCTCGAG
ACCTCGAT,ACCTCGAG
ACCTCGAN,ACCTCGAG
ATAGGACC,CTAGGACC
CTAGGACC,CTAGGACC
TTAGGACC,CTAGGACC
GTAGGACC,CTAGGACC
NTAGGACC,CTAGGACC
CAAGGACC,CTAGGACC
CCAGGACC,CTAGGACC
CGAGGACC,CTAGGACC
CNAGGACC,CTAGGACC
CTCGGACC,CTAGGACC
CTTGGACC,CTAGGACC
CTGGGACC,CTAGGACC
CTNGGACC,CTAGGACC
CTAAGACC,CTAGGACC
CTACGACC,CTAGGACC
CTATGACC,CTAGGACC
CTANGACC,CTAGGACC
CTAGAACC,CTAGGACC
CTAGCACC,CTAGGACC
CTAGTACC,CTAGGACC
CTAGNACC,CTAGGACC
CTAGGCCC,CTAGGACC
CTAGGTCC,CTAGGACC
CTAGGGCC,CTAGGACC
CTAGGNCC,CTAGGACC
CTAGGAAC,CTAGGACC
CTAGGATC,CTAGGACC
CTAGGAGC,CTAGGACC
CTAGGANC,CTAGGACC
CTAGGACA,CTAGGACC
CTAGGACT,CTAGGACC
CTAGGACG,CTAGGACC
CTAGGACN,CTAGGACC
ACGTATTA,ACGTATTA
CCGTATTA,ACGTATTA
TCGTATTA,ACGTATTA
GCGTATTA,ACGTATTA
NCGTATTA,ACGTATTA
AAGTATTA,ACGTATTA
ATGTATTA,ACGTATTA
AGGTATTA,ACGTATTA
ANGTATTA,ACGTATTA
ACATATTA,ACGTATTA
ACCTATTA,ACGTATTA
ACTTATTA,ACGTATTA
ACNTATTA,ACGTATTA
ACGAATTA,ACGTATTA
ACGCATTA,ACGTATTA
ACGGATTA,ACGTATTA
ACGNATTA,ACGTATTA
ACGTCTTA,ACGTATTA
ACGTTTTA,ACGTATTA
ACGTGTTA,ACGTATTA
ACGTNTTA,ACGTATTA
ACGTAATA,ACGTATTA
ACGTACTA,ACGTATTA
ACGTAGTA,ACGTATTA
ACGTANTA,ACGTATTA
ACGTATAA,ACGTATTA
ACGTATCA,ACGTATTA
ACGTATGA,ACGTATTA
ACGTATNA,ACGTATTA
ACGTATTC,ACGTATTA
ACGTATTT,ACGTATTA
ACGTATTG,ACGTATTA
ACGTATTN,ACGTATTA
ACAATATA,TCAATATA
CCAATATA,TCAATATA
TCAATATA,TCAATATA
GCAATATA,TCAATATA
NCAATATA,TCAATATA
TAAATATA,TCAATATA
TTAATATA,TCAATATA
TGAATATA,TCAATATA
TNAATATA,TCAATATA
TCCATATA,TCAATATA
TCTATATA,TCAATATA
TCGATATA,TCAATATA
TCNATATA,TCAATATA
TCACTATA,TCAATATA
TCATTATA,TCAATATA
TCAGTATA,TCAATATA
TCANTATA,TCAATATA
TCAAAATA,TCAATATA
TCAACATA,TCAATATA
TCAAGATA,TCAATATA
TCAANATA,TCAATATA
TCAATCTA,TCAATATA
TCAATTTA,TCAATATA
TCAATGTA,TCAATATA
TCAATNTA,TCAATATA
TCAATAAA,TCAATATA
TCAATACA,TCAATATA
TCAATAGA,TCAATATA
TCAATANA,TCAATATA
TCAATATC,TCAATATA
TCAATATT,TCAATATA
TCAATATG,TCAATATA
TCAATATN,TCAATATA
ATATTCGA,TTATTCGA
CTATTCGA,TTATTCGA
TTATTCGA,TTATTCGA
GTATTCGA,TTATTCGA
NTATTCGA,TTATTCGA
TAATTCGA,TTATTCGA
TCATTCGA,TTATTCGA
TGATTCGA,TTATTCGA
TNATTCGA,TTATTCGA
TTCTTCGA,TTATTCGA
TTTTTCGA,TTATTCGA
TTGTTCGA,TTATTCGA
TTNTTCGA,TTATTCGA
TTAATCGA,TTATTCGA
TTACTCGA,TTATTCGA
TTAGTCGA,TTATTCGA
TTANTCGA,TTATTCGA
TTATACGA,TTATTCGA
TTATCCGA,TTATTCGA
TTATGCGA,TTATTCGA
TTATNCGA,TTATTCGA
TTATTAGA,TTATTCGA
TTATTTGA,TTATTCGA
TTATTGGA,TTATTCGA
TTATTNGA,TTATTCGA
TTATTCAA,TTATTCGA
TTATTCCA,TTATTCGA
TTATTCTA,TTATTCGA
TTATTCNA,TTATTCGA
TTATTCGC,TTATTCGA
TTATTCGT,TTATTCGA
TTATTCGG,TTATTCGA
TTATTCGN,TTATTCGA
AGTATGAA,CGTATGAA
CGTATGAA,CGTATGAA
TGTATGAA,CGTATGAA
GGTATGAA,CGTATGAA
NGTATGAA,CGTATGAA
CATATGAA,CGTATGAA
CCTATGAA,CGTATGAA
CTTATGAA,CGTATGAA
CNTATGAA,CGTATGAA
CGAATGAA,CGTATGAA
CGCATGAA,CGTATGAA
CGGATGAA,CGTATGAA
CGNATGAA,CGTATGAA
CGTCTGAA,CGTATGAA
CGTTTGAA,CGTATGAA
CGTGTGAA,CGTATGAA
CGTNTGAA,CGTATGAA
CGTAAGAA,CGTATGAA
CGTACGAA,CGTATGAA
CGTAGGAA,CGTATGAA
CGTANGAA,CGTATGAA
CGTATAAA,CGTATGAA
CGTATCAA,CGTATGAA
CGTATTAA,CGTATGAA
CGTATNAA,CGTATGAA
CGTATGCA,CGTATGAA
CGTATGTA,CGTATGAA
CGTATGGA,CGTATGAA
CGTATGNA,CGTATGAA
CGTATGAC,CGTATGAA
CGTATGAT,CGTATGAA
CGTATGAG,CGTATGAA
CGTATGAN,CGTATGAA
ATCTAATG,TTCTAATG
CTCTAATG,TTCTAATG
TTCTAATG,TTCTAATG
GTCTAATG,TTCTAATG
NTCTAATG,TTCTAATG
TACTAATG,TTCTAATG
TCCTAATG,TTCTAATG
TGCTAATG,TTCTAATG
TNCTAATG,TTCTAATG
TTATAATG,TTCTAATG
TTTTAATG,TTCTAATG
TTGTAATG,TTCTAATG
TTNTAATG,TTCTAATG
TTCAAATG,TTCTAATG
TTCCAATG,TTCTAATG
TTCGAATG,TTCTAATG
TTCNAATG,TTCTAATG
TTCTCATG,TTCTAATG
TTCTTATG,TTCTAATG
TTCTGATG,TTCTAATG
TTCTNATG,TTCTAATG
TTCTACTG,TTCTAATG
TTCTATTG,TTCTAATG
TTCTAGTG,TTCTAATG
TTCTANTG,TTCTAATG
TTCTAAAG,TTCTAATG
TTCTAACG,TTCTAATG
TTCTAAGG,TTCTAATG
TTCTAANG,TTCTAATG
TTCTAATA,TTCTAATG
TTCTAATC,TTCTAATG
TTCTAATT,TTCTAATG
TTCTAATN,TTCTAATG
AAACCGCG,CAACCGCG
CAACCGCG,CAACCGCG
TAACCGCG,CAACCGCG
GAACCGCG,CAACCGCG
NAACCGCG,CAACCGCG
CCACCGCG,CAACCGCG
CTACCGCG,CAACCGCG
CGACCGCG,CAACCGCG
CNACCGCG,CAACCGCG
CACCCGCG,CAACCGCG
CATCCGCG,CAACCGCG
CAGCCGCG,CAACCGCG
CANCCGCG,CAACCGCG
CAAACGCG,CAACCGCG
CAATCGCG,CAACCGCG
CAAGCGCG,CAACCGCG
CAANCGCG,CAACCGCG
CAACAGCG,CAACCGCG
CAACTGCG,CAACCGCG
CAACGGCG,CAACCGCG
CAACNGCG,CAACCGCG
CAACCACG,CAACCGCG
CAACCCCG,CAACCGCG
CAACCTCG,CAACCGCG
CAACCNCG,CAACCGCG
CAACCGAG,CAACCGCG
CAACCGTG,CAACCGCG
CAACCGGG,CAACCGCG
CAACCGNG,CAACCGCG
CAACCGCA,CAACCGCG
CAACCGCC,CAACCGCG
CAACCGCT,CAACCGCG
CAACCGCN,CAACCGCG
ACGCAACG,CCGCAACG
CCGCAACG,CCGCAACG
TCGCAACG,CCGCAACG
GCGCAACG,CCGCAACG
NCGCAACG,CCGCAACG
CAGCAACG,CCGCAACG
CTGCAACG,CCGCAACG
CGGCAACG,CCGCAACG
CNGCAACG,CCGCAACG
CCACAACG,CCGCAACG
CCCCAACG,CCGCAACG
CCTCAACG,CCGCAACG
CCNCAACG,CCGCAACG
CCGAAACG,CCGCAACG
CCGTAACG,CCGCAACG
CCGGAACG,CCGCAACG
CCGNAACG,CCGCAACG
CCGCCACG,CCGCAACG
CCGCTACG,CCGCAACG
CCGCGACG,CCGCAACG
CCGCNACG,CCGCAACG
CCGCACCG,CCGCAACG
CCGCATCG,CCGCAACG
CCGCAGCG,CCGCAACG
CCGCANCG,CCGCAACG
CCGCAAAG,CCGCAACG
CCGCAATG,CCGCAACG
CCGCAAGG,CCGCAACG
CCGCAANG,CCGCAACG
CCGCAACA,CCGCAACG
CCGCAACC,CCGCAACG
CCGCAACT,CCGCAACG
CCGCAACN,CCGCAACG
AGGACGAG,TGGACGAG
CGGACGAG,TGGACGAG
TGGACGAG,TGGACGAG
GGGACGAG,TGGACGAG
NGGACGAG,TGGACGAG
TAGACGAG,TGGACGAG
TCGACGAG,TGGACGAG
TTGACGAG,TGGACGAG
TNGACGAG,TGGACGAG
TGAACGAG,TGGACGAG
TGCACGAG,TGGACGAG
TGTACGAG,TGGACGAG
TGNACGAG,TGGACGAG
TGGCCGAG,TGGACGAG
TGGTCGAG,TGGACGAG
TGGGCGAG,TGGACGAG
TGGNCGAG,TGGACGAG
TGGAAGAG,TGGACGAG
TGGATGAG,TGGACGAG
TGGAGGAG,TGGACGAG
TGGANGAG,TGGACGAG
TGGACAAG,TGGACGAG
TGGACCAG,TGGACGAG
TGGACTAG,TGGACGAG
TGGACNAG,TGGACGAG
TGGACGCG,TGGACGAG
TGGACGTG,TGGACGAG
TGGACGGG,TGGACGAG
TGGACGNG,TGGACGAG
TGGACGAA,TGGACGAG
TGGACGAC,TGGACGAG
TGGACGAT,TGGACGAG
TGGACGAN,TGGACGAG
AGGATTAC,CGGATTAC
CGGATTAC,CGGATTAC
TGGATTAC,CGGATTAC
GGGATTAC,CGGATTAC
NGGATTAC,CGGATTAC
CAGATTAC,CGGATTAC
CCGATTAC,CGGATTAC
CTGATTAC,CGGATTAC
CNGATTAC,CGGATTAC
CGAATTAC,CGGATTAC
CGCATTAC,CGGATTAC
CGTATTAC,CGGATTAC
CGNATTAC,CGGATTAC
CGGCTTAC,CGGATTAC
CGGTTTAC,CGGATTAC
CGGGTTAC,CGGATTAC
CGGNTTAC,CGGATTAC
CGGAATAC,CGGATTAC
CGGACTAC,CGGATTAC
CGGAGTAC,CGGATTAC
CGGANTAC,CGGATTAC
CGGATAAC,CGGATTAC
CGGATCAC,CGGATTAC
CGGATGAC,CGGATTAC
CGGATNAC,CGGATTAC
CGGATTCC,CGGATTAC
CGGATTTC,CGGATTAC
CGGATTGC,CGGATTAC
CGGATTNC,CGGATTAC
CGGATTAA,CGGATTAC
CGGATTAT,CGGATTAC
CGGATTAG,CGGATTAC
CGGATTAN,CGGATTAC
AACTCGTA,AACTCGTA
CACTCGTA,AACTCGTA
TACTCGTA,AACTCGTA
GACTCGTA,AACTCGTA
NACTCGTA,AACTCGTA
ACCTCGTA,AACTCGTA
ATCTCGTA,AACTCGTA
AGCTCGTA,AACTCGTA
ANCTCGTA,AACTCGTA
AAATCGTA,AACTCGTA
AATTCGTA,AACTCGTA
AAGTCGTA,AACTCGTA
AANTCGTA,AACTCGTA
AACACGTA,AACTCGTA
AACCCGTA,AACTCGTA
AACGCGTA,AACTCGTA
AACNCGTA,AACTCGTA
AACTAGTA,AACTCGTA
AACTTGTA,AACTCGTA
AACTGGTA,AACTCGTA
AACTNGTA,AACTCGTA
AACTCATA,AACTCGTA
AACTCCTA,AACTCGTA
AACTCTTA,AACTCGTA
AACTCNTA,AACTCGTA
AACTCGAA,AACTCGTA
AACTCGCA,AACTCGTA
AACTCGGA,AACTCGTA
AACTCGNA,AACTCGTA
AACTCGTC,AACTCGTA
AACTCGTT,AACTCGTA
AACTCGTG,AACTCGTA
AACTCGTN,AACTCGTA
ACGCCTGA,TCGCCTGA
CCGCCTGA,TCGCCTGA
TCGCCTGA,TCGCCTGA
GCGCCTGA,TCGCCTGA
NCGCCTGA,TCGCCTGA
TAGCCTGA,TCGCCTGA
TTGCCTGA,TCGCCTGA
TGGCCTGA,TCGCCTGA
TNGCCTGA,TCGCCTGA
TCACCTGA,TCGCCTGA
TCCCCTGA,TCGCCTGA
TCTCCTGA,TCGCCTGA
TCNCCTGA,TCGCCTGA
TCGACTGA,TCGCCTGA
TCGTCTGA,TCGCCTGA
TCGGCTGA,TCGCCTGA
TCGNCTGA,TCGCCTGA
TCGCATGA,TCGCCTGA
TCGCTTGA,TCGCCTGA
TCGCGTGA,TCGCCTGA
TCGCNTGA,TCGCCTGA
TCGCCAGA,TCGCCTGA
TCGCCCGA,TCGCCTGA
TCGCCGGA,TCGCCTGA
TCGCCNGA,TCGCCTGA
TCGCCTAA,TCGCCTGA
TCGCCTCA,TCGCCTGA
TCGCCTTA,TCGCCTGA
TCGCCTNA,TCGCCTGA
TCGCCTGC,TCGCCTGA
TCGCCTGT,TCGCCTGA
TCGCCTGG,TCGCCTGA
TCGCCTGN,TCGCCTGA
ATGACCGA,ATGACCGA
CTGACCGA,ATGACCGA
TTGACCGA,ATGACCGA
GTGACCGA,ATGACCGA
NTGACCGA,ATGACCGA
AAGACCGA,ATGACCGA
ACGACCGA,ATGACCGA
AGGACCGA,ATGACCGA
ANGACCGA,ATGACCGA
ATAACCGA,ATGACCGA
ATCACCGA,ATGACCGA
ATTACCGA,ATGACCGA
ATNACCGA,ATGACCGA
ATGCCCGA,ATGACCGA
ATGTCCGA,ATGACCGA
ATGGCCGA,ATGACCGA
ATGNCCGA,ATGACCGA
ATGAACGA,ATGACCGA
ATGATCGA,ATGACCGA
ATGAGCGA,ATGACCGA
ATGANCGA,ATGACCGA
ATGACAGA,ATGACCGA
ATGACTGA,ATGACCGA
ATGACGGA,ATGACCGA
ATGACNGA,ATGACCGA
ATGACCAA,ATGACCGA
ATGACCCA,ATGACCGA
ATGACCTA,ATGACCGA
ATGACCNA,ATGACCGA
ATGACCGC,ATGACCGA
ATGACCGT,ATGACCGA
ATGACCGG,ATGACCGA
ATGACCGN,ATGACCGA
AACCGGAA,GACCGGAA
CACCGGAA,GACCGGAA
TACCGGAA,GACCGGAA
GACCGGAA,GACCGGAA
NACCGGAA,GACCGGAA
GCCCGGAA,GACCGGAA
GTCCGGAA,GACCGGAA
GGCCGGAA,GACCGGAA
GNCCGGAA,GACCGGAA
GAACGGAA,GACCGGAA
GATCGGAA,GACCGGAA
GAGCGGAA,GACCGGAA
GANCGGAA,GACCGGAA
GACAGGAA,GACCGGAA
GACTGGAA,GACCGGAA
GACGGGAA,GACCGGAA
GACNGGAA,GACCGGAA
GACCAGAA,GACCGGAA
GACCCGAA,GACCGGAA
GACCTGAA,GACCGGAA
GACCNGAA,GACCGGAA
GACCGAAA,GACCGGAA
GACCGCAA,GACCGGAA
GACCGTAA,GACCGGAA
GACCGNAA,GACCGGAA
GACCGGCA,GACCGGAA
GACCGGTA,GACCGGAA
GACCGGGA,GACCGGAA
GACCGGNA,GACCGGAA
GACCGGAC,GACCGGAA
GACCGGAT,GACCGGAA
GACCGGAG,GACCGGAA
GACCGGAN,GACCGGAA
