Barcode,Name
GTAGCCAA,BC01
GGTTACTT,BC02
ACCTCTAT,BC03
TCTCTCAA,BC04
GACCTCTT,BC05
ACGACCTA,BC06
AACTCAAG,BC07
AGTACCTT,BC08
ACCTTAAT,BC09
AACCGATA,BC10
GCAACCTT,BC11
CCGACTAT,BC12
GTTACCAA,BC13
ATAACCTG,BC14
AACGCCAA,BC15
CATTAATT,BC16
GGTTATAG,BC17
TTGCCTAT,BC18
AACTTCAA,BC19
ACCGCCTG,BC20
CAACCGAA,BC21
TATCGCTT,BC22
TGGTCCTT,BC23
TTATTCAG,BC24
CAATCCTA,BC25
CAGAACTA,BC26
CTTGCCTA,BC27
GGTATCTA,BC28
TACTACTA,BC29
TATTACTT,BC30
AGGTCTAA,BC31
ACCGCCAT,BC32
TGATTCAA,BC33
ATTGGCTT,BC34
AGGTTCAA,BC35
CAGTATTA,BC36
AGACCTAA,BC37
TAACTCAA,BC38
GGACTATT,BC39
ACTATCTA,BC40
AACCGCTT,BC41
GTACCGTT,BC42
GTTGCTTA,BC43
GGAACTAT,BC44
ATCTATAA,BC45
ATCATCTA,BC46
AAGCAATA,BC47
TAGATTAA,BC48
TCATCCAA,BC49
TCATACTT,BC50
TACTCCAA,BC51
ATGACCTT,BC52
ATACTCTA,BC53
AGGCTATT,BC54
TTAACTTA,BC55
TATGCCAA,BC56
AGGTTAAG,BC57
ATATGCAG,BC58
AATCAATG,BC59
GAATCCAA,BC60
TTCTTCTA,BC61
ACTGATAA,BC62
AATGACTA,BC63
GGCTCAAT,BC64
TAATTCTG,BC65
CTCATCTT,BC66
ACGGCCAA,BC67
CGCAACTA,BC68
ATAGCCTA,BC69
AATCTCTA,BC70
CTAAGCAA,BC71
GAGACCTT,BC72
GACCTTAT,BC73
GACTCATT,BC74
TGGTTATT,BC75
AGGCTTAA,BC76
CTGAATTA,BC77
AATAGCAA,BC78
CTCGCCAT,BC79
TTGAACTA,BC80
AATCATAA,BC81
AGACTCAA,BC82
AACGCATG,BC83
TGGCTATA,BC84
CCGATCAT,BC85
CTACTCAA,BC86
ATCAACTT,BC87
TTGATATA,BC88
AATCTATT,BC89
GCCAACTT,BC90
AATACCTA,BC91
CTGCAATT,BC92
GTAGCTTG,BC93
TTCTGATT,BC94
CAGACCTG,BC95
ACCTAATA,BC96
TTAACCAT,BC97
