Barcode,Name
AACCAACG,rt_01
AACGATAG,rt_02
AAGAAGAC,rt_03
AGAGCCTA,rt_04
ATAGTCAA,rt_05
CAACTGCA,rt_06
CAGCATGA,rt_07
CCGCCTAA,rt_08
CCTAGCGA,rt_09
CGCAACGG,rt_10
CTTGGCCT,rt_11
GCGGTTCT,rt_12
GCTTGATG,rt_13
GGCTCTCT,rt_14
TCAATGCT,rt_15
TGGTAATT,rt_16
TTCTGAAC,rt_17
AACCAGAA,rt_18
AACCGAAC,rt_19
AACCGCCA,rt_20
AATAAGGA,rt_21
ACCTTATT,rt_22
TGGTCCTG,rt_23
CAACGAGG,rt_24
CCAATGGA,rt_25
CGCCTATG,rt_26
CTCTCCAA,rt_27
GGCTTGAA,rt_28
GTTAAGTT,rt_29
TCAAGTAT,rt_30
TCGCGGAT,rt_31
TGAGTCCT,rt_32
AGTTGAAC,rt_33
AACCTCAG,rt_34
AACGGTCT,rt_35
AACTCAAG,rt_36
AACTCCGA,rt_37
AAGGTTCA,rt_38
AATTCGGT,rt_39
ACCAGACC,rt_40
ACTTAGTA,rt_41
AGCGGCAA,rt_42
AGGTCGAA,rt_43
AGTCTGGA,rt_44
ATAATGGT,rt_45
ATCCATTG,rt_46
ATGAATCT,rt_47
CAAGATTG,rt_48
CCGAATTG,rt_49
CCGGAGTT,rt_50
CCTTCAGG,rt_51
CGAATATT,rt_52
CGGAGACT,rt_53
CGTAGGCA,rt_54
GAACTAAG,rt_55
GAAGCTCG,rt_56
GACTATTG,rt_57
GAGTAACG,rt_58
GCAGTCCA,rt_59
GCTCAAGG,rt_60
GGATATCG,rt_61
GGTCAGAT,rt_62
GTAAGAAG,rt_63
GTAGAAGT,rt_64
GTATCTGA,rt_65
GTCATCTA,rt_66
GTCCGCAA,rt_67
GTTCAATA,rt_68
TAACGTCG,rt_69
TCGGAACG,rt_70
CATTCTAC,rt_71
TTACTTCT,rt_72
AACTCTCC,rt_73
AACTGATA,rt_74
AAGAGAAT,rt_75
AAGTTGGA,rt_76
ACGAACTT,rt_77
ACGCAACC,rt_78
ACGGAGGA,rt_79
ACTTACGT,rt_80
ACTTCTAA,rt_81
AGACGGAA,rt_82
AGAGGTCC,rt_83
AGATGCGA,rt_84
AGCAAGGC,rt_85
AGGCCTTG,rt_86
AGGTTATG,rt_87
AGTATAGT,rt_88
ATGGTACT,rt_89
ATTACGAA,rt_90
CATAACGT,rt_91
CATTAGAA,rt_92
CCAGGCAT,rt_93
CCGTACTA,rt_94
CGCGCTCA,rt_95
CGCGGTTG,rt_96
