AGTTGGTT,CGTTGGTT
CGTTGGTT,CGTTGGTT
TGTTGGTT,CGTTGGTT
GGTTGGTT,CGTTGGTT
NGTTGGTT,CGTTGGTT
CATTGGTT,CGTTGGTT
CCTTGGTT,CGTTGGTT
CTTTGGTT,CGTTGGTT
CNTTGGTT,CGTTGGTT
CGATGGTT,CGTTGGTT
CGCTGGTT,CGTTGGTT
CGGTGGTT,CGTTGGTT
CGNTGGTT,CGTTGGTT
CGTAGGTT,CGTTGGTT
CGTCGGTT,CGTTGGTT
CGTGGGTT,CGTTGGTT
CGTNGGTT,CGTTGGTT
CGTTAGTT,CGTTGGTT
CGTTCGTT,CGTTGGTT
CGTTTGTT,CGTTGGTT
CGTTNGTT,CGTTGGTT
CGTTGATT,CGTTGGTT
CGTTGCTT,CGTTGGTT
CGTTGTTT,CGTTGGTT
CGTTGNTT,CGTTGGTT
CGTTGGAT,CGTTGGTT
CGTTGGCT,CGTTGGTT
CGTTGGGT,CGTTGGTT
CGTTGGNT,CGTTGGTT
CGTTGGTA,CGTTGGTT
CGTTGGTC,CGTTGGTT
CGTTGGTG,CGTTGGTT
CGTTGGTN,CGTTGGTT
ATATCGTT,CTATCGTT
CTATCGTT,CTATCGTT
TTATCGTT,CTATCGTT
GTATCGTT,CTATCGTT
NTATCGTT,CTATCGTT
CAATCGTT,CTATCGTT
CCATCGTT,CTATCGTT
CGATCGTT,CTATCGTT
CNATCGTT,CTATCGTT
CTCTCGTT,CTATCGTT
CTTTCGTT,CTATCGTT
CTGTCGTT,CTATCGTT
CTNTCGTT,CTATCGTT
CTAACGTT,CTATCGTT
CTACCGTT,CTATCGTT
CTAGCGTT,CTATCGTT
CTANCGTT,CTATCGTT
CTATAGTT,CTATCGTT
CTATTGTT,CTATCGTT
CTATGGTT,CTATCGTT
CTATNGTT,CTATCGTT
CTATCATT,CTATCGTT
CTATCCTT,CTATCGTT
CTATCTTT,CTATCGTT
CTATCNTT,CTATCGTT
CTATCGAT,CTATCGTT
CTATCGCT,CTATCGTT
CTATCGGT,CTATCGTT
CTATCGNT,CTATCGTT
CTATCGTA,CTATCGTT
CTATCGTC,CTATCGTT
CTATCGTG,CTATCGTT
CTATCGTN,CTATCGTT
ATCTTCTT,GTCTTCTT
CTCTTCTT,GTCTTCTT
TTCTTCTT,GTCTTCTT
GTCTTCTT,GTCTTCTT
NTCTTCTT,GTCTTCTT
GACTTCTT,GTCTTCTT
GCCTTCTT,GTCTTCTT
GGCTTCTT,GTCTTCTT
GNCTTCTT,GTCTTCTT
GTATTCTT,GTCTTCTT
GTTTTCTT,GTCTTCTT
GTGTTCTT,GTCTTCTT
GTNTTCTT,GTCTTCTT
GTCATCTT,GTCTTCTT
GTCCTCTT,GTCTTCTT
GTCGTCTT,GTCTTCTT
GTCNTCTT,GTCTTCTT
GTCTACTT,GTCTTCTT
GTCTCCTT,GTCTTCTT
GTCTGCTT,GTCTTCTT
GTCTNCTT,GTCTTCTT
GTCTTATT,GTCTTCTT
GTCTTTTT,GTCTTCTT
GTCTTGTT,GTCTTCTT
GTCTTNTT,GTCTTCTT
GTCTTCAT,GTCTTCTT
GTCTTCCT,GTCTTCTT
GTCTTCGT,GTCTTCTT
GTCTTCNT,GTCTTCTT
GTCTTCTA,GTCTTCTT
GTCTTCTC,GTCTTCTT
GTCTTCTG,GTCTTCTT
GTCTTCTN,GTCTTCTT
AAGGCTCT,TAGGCTCT
CAGGCTCT,TAGGCTCT
TAGGCTCT,TAGGCTCT
GAGGCTCT,TAGGCTCT
NAGGCTCT,TAGGCTCT
TCGGCTCT,TAGGCTCT
TTGGCTCT,TAGGCTCT
TGGGCTCT,TAGGCTCT
TNGGCTCT,TAGGCTCT
TAAGCTCT,TAGGCTCT
TACGCTCT,TAGGCTCT
TATGCTCT,TAGGCTCT
TANGCTCT,TAGGCTCT
TAGACTCT,TAGGCTCT
TAGCCTCT,TAGGCTCT
TAGTCTCT,TAGGCTCT
TAGNCTCT,TAGGCTCT
TAGGATCT,TAGGCTCT
TAGGTTCT,TAGGCTCT
TAGGGTCT,TAGGCTCT
TAGGNTCT,TAGGCTCT
TAGGCACT,TAGGCTCT
TAGGCCCT,TAGGCTCT
TAGGCGCT,TAGGCTCT
TAGGCNCT,TAGGCTCT
TAGGCTAT,TAGGCTCT
TAGGCTTT,TAGGCTCT
TAGGCTGT,TAGGCTCT
TAGGCTNT,TAGGCTCT
TAGGCTCA,TAGGCTCT
TAGGCTCC,TAGGCTCT
TAGGCTCG,TAGGCTCT
TAGGCTCN,TAGGCTCT
ATGACTAT,TTGACTAT
CTGACTAT,TTGACTAT
TTGACTAT,TTGACTAT
GTGACTAT,TTGACTAT
NTGACTAT,TTGACTAT
TAGACTAT,TTGACTAT
TCGACTAT,TTGACTAT
TGGACTAT,TTGACTAT
TNGACTAT,TTGACTAT
TTAACTAT,TTGACTAT
TTCACTAT,TTGACTAT
TTTACTAT,TTGACTAT
TTNACTAT,TTGACTAT
TTGCCTAT,TTGACTAT
TTGTCTAT,TTGACTAT
TTGGCTAT,TTGACTAT
TTGNCTAT,TTGACTAT
TTGAATAT,TTGACTAT
TTGATTAT,TTGACTAT
TTGAGTAT,TTGACTAT
TTGANTAT,TTGACTAT
TTGACAAT,TTGACTAT
TTGACCAT,TTGACTAT
TTGACGAT,TTGACTAT
TTGACNAT,TTGACTAT
TTGACTCT,TTGACTAT
TTGACTTT,TTGACTAT
TTGACTGT,TTGACTAT
TTGACTNT,TTGACTAT
TTGACTAA,TTGACTAT
TTGACTAC,TTGACTAT
TTGACTAG,TTGACTAT
TTGACTAN,TTGACTAT
AGCAGTTG,TGCAGTTG
CGCAGTTG,TGCAGTTG
TGCAGTTG,TGCAGTTG
GGCAGTTG,TGCAGTTG
NGCAGTTG,TGCAGTTG
TACAGTTG,TGCAGTTG
TCCAGTTG,TGCAGTTG
TTCAGTTG,TGCAGTTG
TNCAGTTG,TGCAGTTG
TGAAGTTG,TGCAGTTG
TGTAGTTG,TGCAGTTG
TGGAGTTG,TGCAGTTG
TGNAGTTG,TGCAGTTG
TGCCGTTG,TGCAGTTG
TGCTGTTG,TGCAGTTG
TGCGGTTG,TGCAGTTG
TGCNGTTG,TGCAGTTG
TGCAATTG,TGCAGTTG
TGCACTTG,TGCAGTTG
TGCATTTG,TGCAGTTG
TGCANTTG,TGCAGTTG
TGCAGATG,TGCAGTTG
TGCAGCTG,TGCAGTTG
TGCAGGTG,TGCAGTTG
TGCAGNTG,TGCAGTTG
TGCAGTAG,TGCAGTTG
TGCAGTCG,TGCAGTTG
TGCAGTGG,TGCAGTTG
TGCAGTNG,TGCAGTTG
TGCAGTTA,TGCAGTTG
TGCAGTTC,TGCAGTTG
TGCAGTTT,TGCAGTTG
TGCAGTTN,TGCAGTTG
ACATGCTG,TCATGCTG
CCATGCTG,TCATGCTG
TCATGCTG,TCATGCTG
GCATGCTG,TCATGCTG
NCATGCTG,TCATGCTG
TAATGCTG,TCATGCTG
TTATGCTG,TCATGCTG
TGATGCTG,TCATGCTG
TNATGCTG,TCATGCTG
TCCTGCTG,TCATGCTG
TCTTGCTG,TCATGCTG
TCGTGCTG,TCATGCTG
TCNTGCTG,TCATGCTG
TCAAGCTG,TCATGCTG
TCACGCTG,TCATGCTG
TCAGGCTG,TCATGCTG
TCANGCTG,TCATGCTG
TCATACTG,TCATGCTG
TCATCCTG,TCATGCTG
TCATTCTG,TCATGCTG
TCATNCTG,TCATGCTG
TCATGATG,TCATGCTG
TCATGTTG,TCATGCTG
TCATGGTG,TCATGCTG
TCATGNTG,TCATGCTG
TCATGCAG,TCATGCTG
TCATGCCG,TCATGCTG
TCATGCGG,TCATGCTG
TCATGCNG,TCATGCTG
TCATGCTA,TCATGCTG
TCATGCTC,TCATGCTG
TCATGCTT,TCATGCTG
TCATGCTN,TCATGCTG
ATAGGCGG,TTAGGCGG
CTAGGCGG,TTAGGCGG
TTAGGCGG,TTAGGCGG
GTAGGCGG,TTAGGCGG
NTAGGCGG,TTAGGCGG
TAAGGCGG,TTAGGCGG
TCAGGCGG,TTAGGCGG
TGAGGCGG,TTAGGCGG
TNAGGCGG,TTAGGCGG
TTCGGCGG,TTAGGCGG
TTTGGCGG,TTAGGCGG
TTGGGCGG,TTAGGCGG
TTNGGCGG,TTAGGCGG
TTAAGCGG,TTAGGCGG
TTACGCGG,TTAGGCGG
TTATGCGG,TTAGGCGG
TTANGCGG,TTAGGCGG
TTAGACGG,TTAGGCGG
TTAGCCGG,TTAGGCGG
TTAGTCGG,TTAGGCGG
TTAGNCGG,TTAGGCGG
TTAGGAGG,TTAGGCGG
TTAGGTGG,TTAGGCGG
TTAGGGGG,TTAGGCGG
TTAGGNGG,TTAGGCGG
TTAGGCAG,TTAGGCGG
TTAGGCCG,TTAGGCGG
TTAGGCTG,TTAGGCGG
TTAGGCNG,TTAGGCGG
TTAGGCGA,TTAGGCGG
TTAGGCGC,TTAGGCGG
TTAGGCGT,TTAGGCGG
TTAGGCGN,TTAGGCGG
ACGCTAGG,TCGCTAGG
CCGCTAGG,TCGCTAGG
TCGCTAGG,TCGCTAGG
GCGCTAGG,TCGCTAGG
NCGCTAGG,TCGCTAGG
TAGCTAGG,TCGCTAGG
TTGCTAGG,TCGCTAGG
TGGCTAGG,TCGCTAGG
TNGCTAGG,TCGCTAGG
TCACTAGG,TCGCTAGG
TCCCTAGG,TCGCTAGG
TCTCTAGG,TCGCTAGG
TCNCTAGG,TCGCTAGG
TCGATAGG,TCGCTAGG
TCGTTAGG,TCGCTAGG
TCGGTAGG,TCGCTAGG
TCGNTAGG,TCGCTAGG
TCGCAAGG,TCGCTAGG
TCGCCAGG,TCGCTAGG
TCGCGAGG,TCGCTAGG
TCGCNAGG,TCGCTAGG
TCGCTCGG,TCGCTAGG
TCGCTTGG,TCGCTAGG
TCGCTGGG,TCGCTAGG
TCGCTNGG,TCGCTAGG
TCGCTAAG,TCGCTAGG
TCGCTACG,TCGCTAGG
TCGCTATG,TCGCTAGG
TCGCTANG,TCGCTAGG
TCGCTAGA,TCGCTAGG
TCGCTAGC,TCGCTAGG
TCGCTAGT,TCGCTAGG
TCGCTAGN,TCGCTAGG
ACGTTGCG,CCGTTGCG
CCGTTGCG,CCGTTGCG
TCGTTGCG,CCGTTGCG
GCGTTGCG,CCGTTGCG
NCGTTGCG,CCGTTGCG
CAGTTGCG,CCGTTGCG
CTGTTGCG,CCGTTGCG
CGGTTGCG,CCGTTGCG
CNGTTGCG,CCGTTGCG
CCATTGCG,CCGTTGCG
CCCTTGCG,CCGTTGCG
CCTTTGCG,CCGTTGCG
CCNTTGCG,CCGTTGCG
CCGATGCG,CCGTTGCG
CCGCTGCG,CCGTTGCG
CCGGTGCG,CCGTTGCG
CCGNTGCG,CCGTTGCG
CCGTAGCG,CCGTTGCG
CCGTCGCG,CCGTTGCG
CCGTGGCG,CCGTTGCG
CCGTNGCG,CCGTTGCG
CCGTTACG,CCGTTGCG
CCGTTCCG,CCGTTGCG
CCGTTTCG,CCGTTGCG
CCGTTNCG,CCGTTGCG
CCGTTGAG,CCGTTGCG
CCGTTGTG,CCGTTGCG
CCGTTGGG,CCGTTGCG
CCGTTGNG,CCGTTGCG
CCGTTGCA,CCGTTGCG
CCGTTGCC,CCGTTGCG
CCGTTGCT,CCGTTGCG
CCGTTGCN,CCGTTGCG
AGGCCAAG,AGGCCAAG
CGGCCAAG,AGGCCAAG
TGGCCAAG,AGGCCAAG
GGGCCAAG,AGGCCAAG
NGGCCAAG,AGGCCAAG
AAGCCAAG,AGGCCAAG
ACGCCAAG,AGGCCAAG
ATGCCAAG,AGGCCAAG
ANGCCAAG,AGGCCAAG
AGACCAAG,AGGCCAAG
AGCCCAAG,AGGCCAAG
AGTCCAAG,AGGCCAAG
AGNCCAAG,AGGCCAAG
AGGACAAG,AGGCCAAG
AGGTCAAG,AGGCCAAG
AGGGCAAG,AGGCCAAG
AGGNCAAG,AGGCCAAG
AGGCAAAG,AGGCCAAG
AGGCTAAG,AGGCCAAG
AGGCGAAG,AGGCCAAG
AGGCNAAG,AGGCCAAG
AGGCCCAG,AGGCCAAG
AGGCCTAG,AGGCCAAG
AGGCCGAG,AGGCCAAG
AGGCCNAG,AGGCCAAG
AGGCCACG,AGGCCAAG
AGGCCATG,AGGCCAAG
AGGCCAGG,AGGCCAAG
AGGCCANG,AGGCCAAG
AGGCCAAA,AGGCCAAG
AGGCCAAC,AGGCCAAG
AGGCCAAT,AGGCCAAG
AGGCCAAN,AGGCCAAG
AGAACCGC,AGAACCGC
CGAACCGC,AGAACCGC
TGAACCGC,AGAACCGC
GGAACCGC,AGAACCGC
NGAACCGC,AGAACCGC
AAAACCGC,AGAACCGC
ACAACCGC,AGAACCGC
ATAACCGC,AGAACCGC
ANAACCGC,AGAACCGC
AGCACCGC,AGAACCGC
AGTACCGC,AGAACCGC
AGGACCGC,AGAACCGC
AGNACCGC,AGAACCGC
AGACCCGC,AGAACCGC
AGATCCGC,AGAACCGC
AGAGCCGC,AGAACCGC
AGANCCGC,AGAACCGC
AGAAACGC,AGAACCGC
AGAATCGC,AGAACCGC
AGAAGCGC,AGAACCGC
AGAANCGC,AGAACCGC
AGAACAGC,AGAACCGC
AGAACTGC,AGAACCGC
AGAACGGC,AGAACCGC
AGAACNGC,AGAACCGC
AGAACCAC,AGAACCGC
AGAACCCC,AGAACCGC
AGAACCTC,AGAACCGC
AGAACCNC,AGAACCGC
AGAACCGA,AGAACCGC
AGAACCGT,AGAACCGC
AGAACCGG,AGAACCGC
AGAACCGN,AGAACCGC
AATCAAGC,CATCAAGC
CATCAAGC,CATCAAGC
TATCAAGC,CATCAAGC
GATCAAGC,CATCAAGC
NATCAAGC,CATCAAGC
CCTCAAGC,CATCAAGC
CTTCAAGC,CATCAAGC
CGTCAAGC,CATCAAGC
CNTCAAGC,CATCAAGC
CAACAAGC,CATCAAGC
CACCAAGC,CATCAAGC
CAGCAAGC,CATCAAGC
CANCAAGC,CATCAAGC
CATAAAGC,CATCAAGC
CATTAAGC,CATCAAGC
CATGAAGC,CATCAAGC
CATNAAGC,CATCAAGC
CATCCAGC,CATCAAGC
CATCTAGC,CATCAAGC
CATCGAGC,CATCAAGC
CATCNAGC,CATCAAGC
CATCACGC,CATCAAGC
CATCATGC,CATCAAGC
CATCAGGC,CATCAAGC
CATCANGC,CATCAAGC
CATCAAAC,CATCAAGC
CATCAACC,CATCAAGC
CATCAATC,CATCAAGC
CATCAANC,CATCAAGC
CATCAAGA,CATCAAGC
CATCAAGT,CATCAAGC
CATCAAGG,CATCAAGC
CATCAAGN,CATCAAGC
AGAGAGCC,AGAGAGCC
CGAGAGCC,AGAGAGCC
TGAGAGCC,AGAGAGCC
GGAGAGCC,AGAGAGCC
NGAGAGCC,AGAGAGCC
AAAGAGCC,AGAGAGCC
ACAGAGCC,AGAGAGCC
ATAGAGCC,AGAGAGCC
ANAGAGCC,AGAGAGCC
AGCGAGCC,AGAGAGCC
AGTGAGCC,AGAGAGCC
AGGGAGCC,AGAGAGCC
AGNGAGCC,AGAGAGCC
AGAAAGCC,AGAGAGCC
AGACAGCC,AGAGAGCC
AGATAGCC,AGAGAGCC
AGANAGCC,AGAGAGCC
AGAGCGCC,AGAGAGCC
AGAGTGCC,AGAGAGCC
AGAGGGCC,AGAGAGCC
AGAGNGCC,AGAGAGCC
AGAGAACC,AGAGAGCC
AGAGACCC,AGAGAGCC
AGAGATCC,AGAGAGCC
AGAGANCC,AGAGAGCC
AGAGAGAC,AGAGAGCC
AGAGAGTC,AGAGAGCC
AGAGAGGC,AGAGAGCC
AGAGAGNC,AGAGAGCC
AGAGAGCA,AGAGAGCC
AGAGAGCT,AGAGAGCC
AGAGAGCG,AGAGAGCC
AGAGAGCN,AGAGAGCC
AGCATTGA,AGCATTGA
CGCATTGA,AGCATTGA
TGCATTGA,AGCATTGA
GGCATTGA,AGCATTGA
NGCATTGA,AGCATTGA
AACATTGA,AGCATTGA
ACCATTGA,AGCATTGA
ATCATTGA,AGCATTGA
ANCATTGA,AGCATTGA
AGAATTGA,AGCATTGA
AGTATTGA,AGCATTGA
AGGATTGA,AGCATTGA
AGNATTGA,AGCATTGA
AGCCTTGA,AGCATTGA
AGCTTTGA,AGCATTGA
AGCGTTGA,AGCATTGA
AGCNTTGA,AGCATTGA
AGCAATGA,AGCATTGA
AGCACTGA,AGCATTGA
AGCAGTGA,AGCATTGA
AGCANTGA,AGCATTGA
AGCATAGA,AGCATTGA
AGCATCGA,AGCATTGA
AGCATGGA,AGCATTGA
AGCATNGA,AGCATTGA
AGCATTAA,AGCATTGA
AGCATTCA,AGCATTGA
AGCATTTA,AGCATTGA
AGCATTNA,AGCATTGA
AGCATTGC,AGCATTGA
AGCATTGT,AGCATTGA
AGCATTGG,AGCATTGA
AGCATTGN,AGCATTGA
AATTACCA,AATTACCA
CATTACCA,AATTACCA
TATTACCA,AATTACCA
GATTACCA,AATTACCA
NATTACCA,AATTACCA
ACTTACCA,AATTACCA
ATTTACCA,AATTACCA
AGTTACCA,AATTACCA
ANTTACCA,AATTACCA
AAATACCA,AATTACCA
AACTACCA,AATTACCA
AAGTACCA,AATTACCA
AANTACCA,AATTACCA
AATAACCA,AATTACCA
AATCACCA,AATTACCA
AATGACCA,AATTACCA
AATNACCA,AATTACCA
AATTCCCA,AATTACCA
AATTTCCA,AATTACCA
AATTGCCA,AATTACCA
AATTNCCA,AATTACCA
AATTAACA,AATTACCA
AATTATCA,AATTACCA
AATTAGCA,AATTACCA
AATTANCA,AATTACCA
AATTACAA,AATTACCA
AATTACTA,AATTACCA
AATTACGA,AATTACCA
AATTACNA,AATTACCA
AATTACCC,AATTACCA
AATTACCT,AATTACCA
AATTACCG,AATTACCA
AATTACCN,AATTACCA
ATTCAGAA,GTTCAGAA
CTTCAGAA,GTTCAGAA
TTTCAGAA,GTTCAGAA
GTTCAGAA,GTTCAGAA
NTTCAGAA,GTTCAGAA
GATCAGAA,GTTCAGAA
GCTCAGAA,GTTCAGAA
GGTCAGAA,GTTCAGAA
GNTCAGAA,GTTCAGAA
GTACAGAA,GTTCAGAA
GTCCAGAA,GTTCAGAA
GTGCAGAA,GTTCAGAA
GTNCAGAA,GTTCAGAA
GTTAAGAA,GTTCAGAA
GTTTAGAA,GTTCAGAA
GTTGAGAA,GTTCAGAA
GTTNAGAA,GTTCAGAA
GTTCCGAA,GTTCAGAA
GTTCTGAA,GTTCAGAA
GTTCGGAA,GTTCAGAA
GTTCNGAA,GTTCAGAA
GTTCAAAA,GTTCAGAA
GTTCACAA,GTTCAGAA
GTTCATAA,GTTCAGAA
GTTCANAA,GTTCAGAA
GTTCAGCA,GTTCAGAA
GTTCAGTA,GTTCAGAA
GTTCAGGA,GTTCAGAA
GTTCAGNA,GTTCAGAA
GTTCAGAC,GTTCAGAA
GTTCAGAT,GTTCAGAA
GTTCAGAG,GTTCAGAA
GTTCAGAN,GTTCAGAA
ATCTGGTT,TTCTGGTT
CTCTGGTT,TTCTGGTT
TTCTGGTT,TTCTGGTT
GTCTGGTT,TTCTGGTT
NTCTGGTT,TTCTGGTT
TACTGGTT,TTCTGGTT
TCCTGGTT,TTCTGGTT
TGCTGGTT,TTCTGGTT
TNCTGGTT,TTCTGGTT
TTATGGTT,TTCTGGTT
TTTTGGTT,TTCTGGTT
TTGTGGTT,TTCTGGTT
TTNTGGTT,TTCTGGTT
TTCAGGTT,TTCTGGTT
TTCCGGTT,TTCTGGTT
TTCGGGTT,TTCTGGTT
TTCNGGTT,TTCTGGTT
TTCTAGTT,TTCTGGTT
TTCTCGTT,TTCTGGTT
TTCTTGTT,TTCTGGTT
TTCTNGTT,TTCTGGTT
TTCTGATT,TTCTGGTT
TTCTGCTT,TTCTGGTT
TTCTGTTT,TTCTGGTT
TTCTGNTT,TTCTGGTT
TTCTGGAT,TTCTGGTT
TTCTGGCT,TTCTGGTT
TTCTGGGT,TTCTGGTT
TTCTGGNT,TTCTGGTT
TTCTGGTA,TTCTGGTT
TTCTGGTC,TTCTGGTT
TTCTGGTG,TTCTGGTT
TTCTGGTN,TTCTGGTT
ATTCGGTT,GTTCGGTT
CTTCGGTT,GTTCGGTT
TTTCGGTT,GTTCGGTT
GTTCGGTT,GTTCGGTT
NTTCGGTT,GTTCGGTT
GATCGGTT,GTTCGGTT
GCTCGGTT,GTTCGGTT
GGTCGGTT,GTTCGGTT
GNTCGGTT,GTTCGGTT
GTACGGTT,GTTCGGTT
GTCCGGTT,GTTCGGTT
GTGCGGTT,GTTCGGTT
GTNCGGTT,GTTCGGTT
GTTAGGTT,GTTCGGTT
GTTTGGTT,GTTCGGTT
GTTGGGTT,GTTCGGTT
GTTNGGTT,GTTCGGTT
GTTCAGTT,GTTCGGTT
GTTCCGTT,GTTCGGTT
GTTCTGTT,GTTCGGTT
GTTCNGTT,GTTCGGTT
GTTCGATT,GTTCGGTT
GTTCGCTT,GTTCGGTT
GTTCGTTT,GTTCGGTT
GTTCGNTT,GTTCGGTT
GTTCGGAT,GTTCGGTT
GTTCGGCT,GTTCGGTT
GTTCGGGT,GTTCGGTT
GTTCGGNT,GTTCGGTT
GTTCGGTA,GTTCGGTT
GTTCGGTC,GTTCGGTT
GTTCGGTG,GTTCGGTT
GTTCGGTN,GTTCGGTT
AGGCGGTT,TGGCGGTT
CGGCGGTT,TGGCGGTT
TGGCGGTT,TGGCGGTT
GGGCGGTT,TGGCGGTT
NGGCGGTT,TGGCGGTT
TAGCGGTT,TGGCGGTT
TCGCGGTT,TGGCGGTT
TTGCGGTT,TGGCGGTT
TNGCGGTT,TGGCGGTT
TGACGGTT,TGGCGGTT
TGCCGGTT,TGGCGGTT
TGTCGGTT,TGGCGGTT
TGNCGGTT,TGGCGGTT
TGGAGGTT,TGGCGGTT
TGGTGGTT,TGGCGGTT
TGGGGGTT,TGGCGGTT
TGGNGGTT,TGGCGGTT
TGGCAGTT,TGGCGGTT
TGGCCGTT,TGGCGGTT
TGGCTGTT,TGGCGGTT
TGGCNGTT,TGGCGGTT
TGGCGATT,TGGCGGTT
TGGCGCTT,TGGCGGTT
TGGCGTTT,TGGCGGTT
TGGCGNTT,TGGCGGTT
TGGCGGAT,TGGCGGTT
TGGCGGCT,TGGCGGTT
TGGCGGGT,TGGCGGTT
TGGCGGNT,TGGCGGTT
TGGCGGTA,TGGCGGTT
TGGCGGTC,TGGCGGTT
TGGCGGTG,TGGCGGTT
TGGCGGTN,TGGCGGTT
ACCTTATT,TCCTTATT
CCCTTATT,TCCTTATT
TCCTTATT,TCCTTATT
GCCTTATT,TCCTTATT
NCCTTATT,TCCTTATT
TACTTATT,TCCTTATT
TTCTTATT,TCCTTATT
TGCTTATT,TCCTTATT
TNCTTATT,TCCTTATT
TCATTATT,TCCTTATT
TCTTTATT,TCCTTATT
TCGTTATT,TCCTTATT
TCNTTATT,TCCTTATT
TCCATATT,TCCTTATT
TCCCTATT,TCCTTATT
TCCGTATT,TCCTTATT
TCCNTATT,TCCTTATT
TCCTAATT,TCCTTATT
TCCTCATT,TCCTTATT
TCCTGATT,TCCTTATT
TCCTNATT,TCCTTATT
TCCTTCTT,TCCTTATT
TCCTTTTT,TCCTTATT
TCCTTGTT,TCCTTATT
TCCTTNTT,TCCTTATT
TCCTTAAT,TCCTTATT
TCCTTACT,TCCTTATT
TCCTTAGT,TCCTTATT
TCCTTANT,TCCTTATT
TCCTTATA,TCCTTATT
TCCTTATC,TCCTTATT
TCCTTATG,TCCTTATT
TCCTTATN,TCCTTATT
AATAAGGT,AATAAGGT
CATAAGGT,AATAAGGT
TATAAGGT,AATAAGGT
GATAAGGT,AATAAGGT
NATAAGGT,AATAAGGT
ACTAAGGT,AATAAGGT
ATTAAGGT,AATAAGGT
AGTAAGGT,AATAAGGT
ANTAAGGT,AATAAGGT
AAAAAGGT,AATAAGGT
AACAAGGT,AATAAGGT
AAGAAGGT,AATAAGGT
AANAAGGT,AATAAGGT
AATCAGGT,AATAAGGT
AATTAGGT,AATAAGGT
AATGAGGT,AATAAGGT
AATNAGGT,AATAAGGT
AATACGGT,AATAAGGT
AATATGGT,AATAAGGT
AATAGGGT,AATAAGGT
AATANGGT,AATAAGGT
AATAAAGT,AATAAGGT
AATAACGT,AATAAGGT
AATAATGT,AATAAGGT
AATAANGT,AATAAGGT
AATAAGAT,AATAAGGT
AATAAGCT,AATAAGGT
AATAAGTT,AATAAGGT
AATAAGNT,AATAAGGT
AATAAGGA,AATAAGGT
AATAAGGC,AATAAGGT
AATAAGGG,AATAAGGT
AATAAGGN,AATAAGGT
AAGGACCA,CAGGACCA
CAGGACCA,CAGGACCA
TAGGACCA,CAGGACCA
GAGGACCA,CAGGACCA
NAGGACCA,CAGGACCA
CCGGACCA,CAGGACCA
CTGGACCA,CAGGACCA
CGGGACCA,CAGGACCA
CNGGACCA,CAGGACCA
CAAGACCA,CAGGACCA
CACGACCA,CAGGACCA
CATGACCA,CAGGACCA
CANGACCA,CAGGACCA
CAGAACCA,CAGGACCA
CAGCACCA,CAGGACCA
CAGTACCA,CAGGACCA
CAGNACCA,CAGGACCA
CAGGCCCA,CAGGACCA
CAGGTCCA,CAGGACCA
CAGGGCCA,CAGGACCA
CAGGNCCA,CAGGACCA
CAGGAACA,CAGGACCA
CAGGATCA,CAGGACCA
CAGGAGCA,CAGGACCA
CAGGANCA,CAGGACCA
CAGGACAA,CAGGACCA
CAGGACTA,CAGGACCA
CAGGACGA,CAGGACCA
CAGGACNA,CAGGACCA
CAGGACCC,CAGGACCA
CAGGACCT,CAGGACCA
CAGGACCG,CAGGACCA
CAGGACCN,CAGGACCA
ACTCGTTG,CCTCGTTG
CCTCGTTG,CCTCGTTG
TCTCGTTG,CCTCGTTG
GCTCGTTG,CCTCGTTG
NCTCGTTG,CCTCGTTG
CATCGTTG,CCTCGTTG
CTTCGTTG,CCTCGTTG
CGTCGTTG,CCTCGTTG
CNTCGTTG,CCTCGTTG
CCACGTTG,CCTCGTTG
CCCCGTTG,CCTCGTTG
CCGCGTTG,CCTCGTTG
CCNCGTTG,CCTCGTTG
CCTAGTTG,CCTCGTTG
CCTTGTTG,CCTCGTTG
CCTGGTTG,CCTCGTTG
CCTNGTTG,CCTCGTTG
CCTCATTG,CCTCGTTG
CCTCCTTG,CCTCGTTG
CCTCTTTG,CCTCGTTG
CCTCNTTG,CCTCGTTG
CCTCGATG,CCTCGTTG
CCTCGCTG,CCTCGTTG
CCTCGGTG,CCTCGTTG
CCTCGNTG,CCTCGTTG
CCTCGTAG,CCTCGTTG
CCTCGTCG,CCTCGTTG
CCTCGTGG,CCTCGTTG
CCTCGTNG,CCTCGTTG
CCTCGTTA,CCTCGTTG
CCTCGTTC,CCTCGTTG
CCTCGTTT,CCTCGTTG
CCTCGTTN,CCTCGTTG
ACCATTGG,TCCATTGG
CCCATTGG,TCCATTGG
TCCATTGG,TCCATTGG
GCCATTGG,TCCATTGG
NCCATTGG,TCCATTGG
TACATTGG,TCCATTGG
TTCATTGG,TCCATTGG
TGCATTGG,TCCATTGG
TNCATTGG,TCCATTGG
TCAATTGG,TCCATTGG
TCTATTGG,TCCATTGG
TCGATTGG,TCCATTGG
TCNATTGG,TCCATTGG
TCCCTTGG,TCCATTGG
TCCTTTGG,TCCATTGG
TCCGTTGG,TCCATTGG
TCCNTTGG,TCCATTGG
TCCAATGG,TCCATTGG
TCCACTGG,TCCATTGG
TCCAGTGG,TCCATTGG
TCCANTGG,TCCATTGG
TCCATAGG,TCCATTGG
TCCATCGG,TCCATTGG
TCCATGGG,TCCATTGG
TCCATNGG,TCCATTGG
TCCATTAG,TCCATTGG
TCCATTCG,TCCATTGG
TCCATTTG,TCCATTGG
TCCATTNG,TCCATTGG
TCCATTGA,TCCATTGG
TCCATTGC,TCCATTGG
TCCATTGT,TCCATTGG
TCCATTGN,TCCATTGG
AATAGGCG,CATAGGCG
CATAGGCG,CATAGGCG
TATAGGCG,CATAGGCG
GATAGGCG,CATAGGCG
NATAGGCG,CATAGGCG
CCTAGGCG,CATAGGCG
CTTAGGCG,CATAGGCG
CGTAGGCG,CATAGGCG
CNTAGGCG,CATAGGCG
CAAAGGCG,CATAGGCG
CACAGGCG,CATAGGCG
CAGAGGCG,CATAGGCG
CANAGGCG,CATAGGCG
CATCGGCG,CATAGGCG
CATTGGCG,CATAGGCG
CATGGGCG,CATAGGCG
CATNGGCG,CATAGGCG
CATAAGCG,CATAGGCG
CATACGCG,CATAGGCG
CATATGCG,CATAGGCG
CATANGCG,CATAGGCG
CATAGACG,CATAGGCG
CATAGCCG,CATAGGCG
CATAGTCG,CATAGGCG
CATAGNCG,CATAGGCG
CATAGGAG,CATAGGCG
CATAGGTG,CATAGGCG
CATAGGGG,CATAGGCG
CATAGGNG,CATAGGCG
CATAGGCA,CATAGGCG
CATAGGCC,CATAGGCG
CATAGGCT,CATAGGCG
CATAGGCN,CATAGGCG
ATGGAGAG,TTGGAGAG
CTGGAGAG,TTGGAGAG
TTGGAGAG,TTGGAGAG
GTGGAGAG,TTGGAGAG
NTGGAGAG,TTGGAGAG
TAGGAGAG,TTGGAGAG
TCGGAGAG,TTGGAGAG
TGGGAGAG,TTGGAGAG
TNGGAGAG,TTGGAGAG
TTAGAGAG,TTGGAGAG
TTCGAGAG,TTGGAGAG
TTTGAGAG,TTGGAGAG
TTNGAGAG,TTGGAGAG
TTGAAGAG,TTGGAGAG
TTGCAGAG,TTGGAGAG
TTGTAGAG,TTGGAGAG
TTGNAGAG,TTGGAGAG
TTGGCGAG,TTGGAGAG
TTGGTGAG,TTGGAGAG
TTGGGGAG,TTGGAGAG
TTGGNGAG,TTGGAGAG
TTGGAAAG,TTGGAGAG
TTGGACAG,TTGGAGAG
TTGGATAG,TTGGAGAG
TTGGANAG,TTGGAGAG
TTGGAGCG,TTGGAGAG
TTGGAGTG,TTGGAGAG
TTGGAGGG,TTGGAGAG
TTGGAGNG,TTGGAGAG
TTGGAGAA,TTGGAGAG
TTGGAGAC,TTGGAGAG
TTGGAGAT,TTGGAGAG
TTGGAGAN,TTGGAGAG
ATCAAGCC,TTCAAGCC
CTCAAGCC,TTCAAGCC
TTCAAGCC,TTCAAGCC
GTCAAGCC,TTCAAGCC
NTCAAGCC,TTCAAGCC
TACAAGCC,TTCAAGCC
TCCAAGCC,TTCAAGCC
TGCAAGCC,TTCAAGCC
TNCAAGCC,TTCAAGCC
TTAAAGCC,TTCAAGCC
TTTAAGCC,TTCAAGCC
TTGAAGCC,TTCAAGCC
TTNAAGCC,TTCAAGCC
TTCCAGCC,TTCAAGCC
TTCTAGCC,TTCAAGCC
TTCGAGCC,TTCAAGCC
TTCNAGCC,TTCAAGCC
TTCACGCC,TTCAAGCC
TTCATGCC,TTCAAGCC
TTCAGGCC,TTCAAGCC
TTCANGCC,TTCAAGCC
TTCAAACC,TTCAAGCC
TTCAACCC,TTCAAGCC
TTCAATCC,TTCAAGCC
TTCAANCC,TTCAAGCC
TTCAAGAC,TTCAAGCC
TTCAAGTC,TTCAAGCC
TTCAAGGC,TTCAAGCC
TTCAAGNC,TTCAAGCC
TTCAAGCA,TTCAAGCC
TTCAAGCT,TTCAAGCC
TTCAAGCG,TTCAAGCC
TTCAAGCN,TTCAAGCC
AACTTAAC,AACTTAAC
CACTTAAC,AACTTAAC
TACTTAAC,AACTTAAC
GACTTAAC,AACTTAAC
NACTTAAC,AACTTAAC
ACCTTAAC,AACTTAAC
ATCTTAAC,AACTTAAC
AGCTTAAC,AACTTAAC
ANCTTAAC,AACTTAAC
AAATTAAC,AACTTAAC
AATTTAAC,AACTTAAC
AAGTTAAC,AACTTAAC
AANTTAAC,AACTTAAC
AACATAAC,AACTTAAC
AACCTAAC,AACTTAAC
AACGTAAC,AACTTAAC
AACNTAAC,AACTTAAC
AACTAAAC,AACTTAAC
AACTCAAC,AACTTAAC
AACTGAAC,AACTTAAC
AACTNAAC,AACTTAAC
AACTTCAC,AACTTAAC
AACTTTAC,AACTTAAC
AACTTGAC,AACTTAAC
AACTTNAC,AACTTAAC
AACTTACC,AACTTAAC
AACTTATC,AACTTAAC
AACTTAGC,AACTTAAC
AACTTANC,AACTTAAC
AACTTAAA,AACTTAAC
AACTTAAT,AACTTAAC
AACTTAAG,AACTTAAC
AACTTAAN,AACTTAAC
ATACTTGA,ATACTTGA
CTACTTGA,ATACTTGA
TTACTTGA,ATACTTGA
GTACTTGA,ATACTTGA
NTACTTGA,ATACTTGA
AAACTTGA,ATACTTGA
ACACTTGA,ATACTTGA
AGACTTGA,ATACTTGA
ANACTTGA,ATACTTGA
ATCCTTGA,ATACTTGA
ATTCTTGA,ATACTTGA
ATGCTTGA,ATACTTGA
ATNCTTGA,ATACTTGA
ATAATTGA,ATACTTGA
ATATTTGA,ATACTTGA
ATAGTTGA,ATACTTGA
ATANTTGA,ATACTTGA
ATACATGA,ATACTTGA
ATACCTGA,ATACTTGA
ATACGTGA,ATACTTGA
ATACNTGA,ATACTTGA
ATACTAGA,ATACTTGA
ATACTCGA,ATACTTGA
ATACTGGA,ATACTTGA
ATACTNGA,ATACTTGA
ATACTTAA,ATACTTGA
ATACTTCA,ATACTTGA
ATACTTTA,ATACTTGA
ATACTTNA,ATACTTGA
ATACTTGC,ATACTTGA
ATACTTGT,ATACTTGA
ATACTTGG,ATACTTGA
ATACTTGN,ATACTTGA
ATCCGCGA,ATCCGCGA
CTCCGCGA,ATCCGCGA
TTCCGCGA,ATCCGCGA
GTCCGCGA,ATCCGCGA
NTCCGCGA,ATCCGCGA
AACCGCGA,ATCCGCGA
ACCCGCGA,ATCCGCGA
AGCCGCGA,ATCCGCGA
ANCCGCGA,ATCCGCGA
ATACGCGA,ATCCGCGA
ATTCGCGA,ATCCGCGA
ATGCGCGA,ATCCGCGA
ATNCGCGA,ATCCGCGA
ATCAGCGA,ATCCGCGA
ATCTGCGA,ATCCGCGA
ATCGGCGA,ATCCGCGA
ATCNGCGA,ATCCGCGA
ATCCACGA,ATCCGCGA
ATCCCCGA,ATCCGCGA
ATCCTCGA,ATCCGCGA
ATCCNCGA,ATCCGCGA
ATCCGAGA,ATCCGCGA
ATCCGTGA,ATCCGCGA
ATCCGGGA,ATCCGCGA
ATCCGNGA,ATCCGCGA
ATCCGCAA,ATCCGCGA
ATCCGCCA,ATCCGCGA
ATCCGCTA,ATCCGCGA
ATCCGCNA,ATCCGCGA
ATCCGCGC,ATCCGCGA
ATCCGCGT,ATCCGCGA
ATCCGCGG,ATCCGCGA
ATCCGCGN,ATCCGCGA
AGGACTCA,AGGACTCA
CGGACTCA,AGGACTCA
TGGACTCA,AGGACTCA
GGGACTCA,AGGACTCA
NGGACTCA,AGGACTCA
AAGACTCA,AGGACTCA
ACGACTCA,AGGACTCA
ATGACTCA,AGGACTCA
ANGACTCA,AGGACTCA
AGAACTCA,AGGACTCA
AGCACTCA,AGGACTCA
AGTACTCA,AGGACTCA
AGNACTCA,AGGACTCA
AGGCCTCA,AGGACTCA
AGGTCTCA,AGGACTCA
AGGGCTCA,AGGACTCA
AGGNCTCA,AGGACTCA
AGGAATCA,AGGACTCA
AGGATTCA,AGGACTCA
AGGAGTCA,AGGACTCA
AGGANTCA,AGGACTCA
AGGACACA,AGGACTCA
AGGACCCA,AGGACTCA
AGGACGCA,AGGACTCA
AGGACNCA,AGGACTCA
AGGACTAA,AGGACTCA
AGGACTTA,AGGACTCA
AGGACTGA,AGGACTCA
AGGACTNA,AGGACTCA
AGGACTCC,AGGACTCA
AGGACTCT,AGGACTCA
AGGACTCG,AGGACTCA
AGGACTCN,AGGACTCA
ATTCAACT,GTTCAACT
CTTCAACT,GTTCAACT
TTTCAACT,GTTCAACT
GTTCAACT,GTTCAACT
NTTCAACT,GTTCAACT
GATCAACT,GTTCAACT
GCTCAACT,GTTCAACT
GGTCAACT,GTTCAACT
GNTCAACT,GTTCAACT
GTACAACT,GTTCAACT
GTCCAACT,GTTCAACT
GTGCAACT,GTTCAACT
GTNCAACT,GTTCAACT
GTTAAACT,GTTCAACT
GTTTAACT,GTTCAACT
GTTGAACT,GTTCAACT
GTTNAACT,GTTCAACT
GTTCCACT,GTTCAACT
GTTCTACT,GTTCAACT
GTTCGACT,GTTCAACT
GTTCNACT,GTTCAACT
GTTCACCT,GTTCAACT
GTTCATCT,GTTCAACT
GTTCAGCT,GTTCAACT
GTTCANCT,GTTCAACT
GTTCAAAT,GTTCAACT
GTTCAATT,GTTCAACT
GTTCAAGT,GTTCAACT
GTTCAANT,GTTCAACT
GTTCAACA,GTTCAACT
GTTCAACC,GTTCAACT
GTTCAACG,GTTCAACT
GTTCAACN,GTTCAACT
ATGAGGTT,CTGAGGTT
CTGAGGTT,CTGAGGTT
TTGAGGTT,CTGAGGTT
GTGAGGTT,CTGAGGTT
NTGAGGTT,CTGAGGTT
CAGAGGTT,CTGAGGTT
CCGAGGTT,CTGAGGTT
CGGAGGTT,CTGAGGTT
CNGAGGTT,CTGAGGTT
CTAAGGTT,CTGAGGTT
CTCAGGTT,CTGAGGTT
CTTAGGTT,CTGAGGTT
CTNAGGTT,CTGAGGTT
CTGCGGTT,CTGAGGTT
CTGTGGTT,CTGAGGTT
CTGGGGTT,CTGAGGTT
CTGNGGTT,CTGAGGTT
CTGAAGTT,CTGAGGTT
CTGACGTT,CTGAGGTT
CTGATGTT,CTGAGGTT
CTGANGTT,CTGAGGTT
CTGAGATT,CTGAGGTT
CTGAGCTT,CTGAGGTT
CTGAGTTT,CTGAGGTT
CTGAGNTT,CTGAGGTT
CTGAGGAT,CTGAGGTT
CTGAGGCT,CTGAGGTT
CTGAGGGT,CTGAGGTT
CTGAGGNT,CTGAGGTT
CTGAGGTA,CTGAGGTT
CTGAGGTC,CTGAGGTT
CTGAGGTG,CTGAGGTT
CTGAGGTN,CTGAGGTT
AGACCGTT,AGACCGTT
CGACCGTT,AGACCGTT
TGACCGTT,AGACCGTT
GGACCGTT,AGACCGTT
NGACCGTT,AGACCGTT
AAACCGTT,AGACCGTT
ACACCGTT,AGACCGTT
ATACCGTT,AGACCGTT
ANACCGTT,AGACCGTT
AGCCCGTT,AGACCGTT
AGTCCGTT,AGACCGTT
AGGCCGTT,AGACCGTT
AGNCCGTT,AGACCGTT
AGAACGTT,AGACCGTT
AGATCGTT,AGACCGTT
AGAGCGTT,AGACCGTT
AGANCGTT,AGACCGTT
AGACAGTT,AGACCGTT
AGACTGTT,AGACCGTT
AGACGGTT,AGACCGTT
AGACNGTT,AGACCGTT
AGACCATT,AGACCGTT
AGACCCTT,AGACCGTT
AGACCTTT,AGACCGTT
AGACCNTT,AGACCGTT
AGACCGAT,AGACCGTT
AGACCGCT,AGACCGTT
AGACCGGT,AGACCGTT
AGACCGNT,AGACCGTT
AGACCGTA,AGACCGTT
AGACCGTC,AGACCGTT
AGACCGTG,AGACCGTT
AGACCGTN,AGACCGTT
ATTGAGTT,CTTGAGTT
CTTGAGTT,CTTGAGTT
TTTGAGTT,CTTGAGTT
GTTGAGTT,CTTGAGTT
NTTGAGTT,CTTGAGTT
CATGAGTT,CTTGAGTT
CCTGAGTT,CTTGAGTT
CGTGAGTT,CTTGAGTT
CNTGAGTT,CTTGAGTT
CTAGAGTT,CTTGAGTT
CTCGAGTT,CTTGAGTT
CTGGAGTT,CTTGAGTT
CTNGAGTT,CTTGAGTT
CTTAAGTT,CTTGAGTT
CTTCAGTT,CTTGAGTT
CTTTAGTT,CTTGAGTT
CTTNAGTT,CTTGAGTT
CTTGCGTT,CTTGAGTT
CTTGTGTT,CTTGAGTT
CTTGGGTT,CTTGAGTT
CTTGNGTT,CTTGAGTT
CTTGAATT,CTTGAGTT
CTTGACTT,CTTGAGTT
CTTGATTT,CTTGAGTT
CTTGANTT,CTTGAGTT
CTTGAGAT,CTTGAGTT
CTTGAGCT,CTTGAGTT
CTTGAGGT,CTTGAGTT
CTTGAGNT,CTTGAGTT
CTTGAGTA,CTTGAGTT
CTTGAGTC,CTTGAGTT
CTTGAGTG,CTTGAGTT
CTTGAGTN,CTTGAGTT
ACGGAGTT,TCGGAGTT
CCGGAGTT,TCGGAGTT
TCGGAGTT,TCGGAGTT
GCGGAGTT,TCGGAGTT
NCGGAGTT,TCGGAGTT
TAGGAGTT,TCGGAGTT
TTGGAGTT,TCGGAGTT
TGGGAGTT,TCGGAGTT
TNGGAGTT,TCGGAGTT
TCAGAGTT,TCGGAGTT
TCCGAGTT,TCGGAGTT
TCTGAGTT,TCGGAGTT
TCNGAGTT,TCGGAGTT
TCGAAGTT,TCGGAGTT
TCGCAGTT,TCGGAGTT
TCGTAGTT,TCGGAGTT
TCGNAGTT,TCGGAGTT
TCGGCGTT,TCGGAGTT
TCGGTGTT,TCGGAGTT
TCGGGGTT,TCGGAGTT
TCGGNGTT,TCGGAGTT
TCGGAATT,TCGGAGTT
TCGGACTT,TCGGAGTT
TCGGATTT,TCGGAGTT
TCGGANTT,TCGGAGTT
TCGGAGAT,TCGGAGTT
TCGGAGCT,TCGGAGTT
TCGGAGGT,TCGGAGTT
TCGGAGNT,TCGGAGTT
TCGGAGTA,TCGGAGTT
TCGGAGTC,TCGGAGTT
TCGGAGTG,TCGGAGTT
TCGGAGTN,TCGGAGTT
AGAACCTT,TGAACCTT
CGAACCTT,TGAACCTT
TGAACCTT,TGAACCTT
GGAACCTT,TGAACCTT
NGAACCTT,TGAACCTT
TAAACCTT,TGAACCTT
TCAACCTT,TGAACCTT
TTAACCTT,TGAACCTT
TNAACCTT,TGAACCTT
TGCACCTT,TGAACCTT
TGTACCTT,TGAACCTT
TGGACCTT,TGAACCTT
TGNACCTT,TGAACCTT
TGACCCTT,TGAACCTT
TGATCCTT,TGAACCTT
TGAGCCTT,TGAACCTT
TGANCCTT,TGAACCTT
TGAAACTT,TGAACCTT
TGAATCTT,TGAACCTT
TGAAGCTT,TGAACCTT
TGAANCTT,TGAACCTT
TGAACATT,TGAACCTT
TGAACTTT,TGAACCTT
TGAACGTT,TGAACCTT
TGAACNTT,TGAACCTT
TGAACCAT,TGAACCTT
TGAACCCT,TGAACCTT
TGAACCGT,TGAACCTT
TGAACCNT,TGAACCTT
TGAACCTA,TGAACCTT
TGAACCTC,TGAACCTT
TGAACCTG,TGAACCTT
TGAACCTN,TGAACCTT
ACCGAATT,ACCGAATT
CCCGAATT,ACCGAATT
TCCGAATT,ACCGAATT
GCCGAATT,ACCGAATT
NCCGAATT,ACCGAATT
AACGAATT,ACCGAATT
ATCGAATT,ACCGAATT
AGCGAATT,ACCGAATT
ANCGAATT,ACCGAATT
ACAGAATT,ACCGAATT
ACTGAATT,ACCGAATT
ACGGAATT,ACCGAATT
ACNGAATT,ACCGAATT
ACCAAATT,ACCGAATT
ACCCAATT,ACCGAATT
ACCTAATT,ACCGAATT
ACCNAATT,ACCGAATT
ACCGCATT,ACCGAATT
ACCGTATT,ACCGAATT
ACCGGATT,ACCGAATT
ACCGNATT,ACCGAATT
ACCGACTT,ACCGAATT
ACCGATTT,ACCGAATT
ACCGAGTT,ACCGAATT
ACCGANTT,ACCGAATT
ACCGAAAT,ACCGAATT
ACCGAACT,ACCGAATT
ACCGAAGT,ACCGAATT
ACCGAANT,ACCGAATT
ACCGAATA,ACCGAATT
ACCGAATC,ACCGAATT
ACCGAATG,ACCGAATT
ACCGAATN,ACCGAATT
AGTCTGGT,GGTCTGGT
CGTCTGGT,GGTCTGGT
TGTCTGGT,GGTCTGGT
GGTCTGGT,GGTCTGGT
NGTCTGGT,GGTCTGGT
GATCTGGT,GGTCTGGT
GCTCTGGT,GGTCTGGT
GTTCTGGT,GGTCTGGT
GNTCTGGT,GGTCTGGT
GGACTGGT,GGTCTGGT
GGCCTGGT,GGTCTGGT
GGGCTGGT,GGTCTGGT
GGNCTGGT,GGTCTGGT
GGTATGGT,GGTCTGGT
GGTTTGGT,GGTCTGGT
GGTGTGGT,GGTCTGGT
GGTNTGGT,GGTCTGGT
GGTCAGGT,GGTCTGGT
GGTCCGGT,GGTCTGGT
GGTCGGGT,GGTCTGGT
GGTCNGGT,GGTCTGGT
GGTCTAGT,GGTCTGGT
GGTCTCGT,GGTCTGGT
GGTCTTGT,GGTCTGGT
GGTCTNGT,GGTCTGGT
GGTCTGAT,GGTCTGGT
GGTCTGCT,GGTCTGGT
GGTCTGTT,GGTCTGGT
GGTCTGNT,GGTCTGGT
GGTCTGGA,GGTCTGGT
GGTCTGGC,GGTCTGGT
GGTCTGGG,GGTCTGGT
GGTCTGGN,GGTCTGGT
AACTAAGT,TACTAAGT
CACTAAGT,TACTAAGT
TACTAAGT,TACTAAGT
GACTAAGT,TACTAAGT
NACTAAGT,TACTAAGT
TCCTAAGT,TACTAAGT
TTCTAAGT,TACTAAGT
TGCTAAGT,TACTAAGT
TNCTAAGT,TACTAAGT
TAATAAGT,TACTAAGT
TATTAAGT,TACTAAGT
TAGTAAGT,TACTAAGT
TANTAAGT,TACTAAGT
TACAAAGT,TACTAAGT
TACCAAGT,TACTAAGT
TACGAAGT,TACTAAGT
TACNAAGT,TACTAAGT
TACTCAGT,TACTAAGT
TACTTAGT,TACTAAGT
TACTGAGT,TACTAAGT
TACTNAGT,TACTAAGT
TACTACGT,TACTAAGT
TACTATGT,TACTAAGT
TACTAGGT,TACTAAGT
TACTANGT,TACTAAGT
TACTAAAT,TACTAAGT
TACTAACT,TACTAAGT
TACTAATT,TACTAAGT
TACTAANT,TACTAAGT
TACTAAGA,TACTAAGT
TACTAAGC,TACTAAGT
TACTAAGG,TACTAAGT
TACTAAGN,TACTAAGT
ATGCCGCT,TTGCCGCT
CTGCCGCT,TTGCCGCT
TTGCCGCT,TTGCCGCT
GTGCCGCT,TTGCCGCT
NTGCCGCT,TTGCCGCT
TAGCCGCT,TTGCCGCT
TCGCCGCT,TTGCCGCT
TGGCCGCT,TTGCCGCT
TNGCCGCT,TTGCCGCT
TTACCGCT,TTGCCGCT
TTCCCGCT,TTGCCGCT
TTTCCGCT,TTGCCGCT
TTNCCGCT,TTGCCGCT
TTGACGCT,TTGCCGCT
TTGTCGCT,TTGCCGCT
TTGGCGCT,TTGCCGCT
TTGNCGCT,TTGCCGCT
TTGCAGCT,TTGCCGCT
TTGCTGCT,TTGCCGCT
TTGCGGCT,TTGCCGCT
TTGCNGCT,TTGCCGCT
TTGCCACT,TTGCCGCT
TTGCCCCT,TTGCCGCT
TTGCCTCT,TTGCCGCT
TTGCCNCT,TTGCCGCT
TTGCCGAT,TTGCCGCT
TTGCCGTT,TTGCCGCT
TTGCCGGT,TTGCCGCT
TTGCCGNT,TTGCCGCT
TTGCCGCA,TTGCCGCT
TTGCCGCC,TTGCCGCT
TTGCCGCG,TTGCCGCT
TTGCCGCN,TTGCCGCT
ATCGACCT,TTCGACCT
CTCGACCT,TTCGACCT
TTCGACCT,TTCGACCT
GTCGACCT,TTCGACCT
NTCGACCT,TTCGACCT
TACGACCT,TTCGACCT
TCCGACCT,TTCGACCT
TGCGACCT,TTCGACCT
TNCGACCT,TTCGACCT
TTAGACCT,TTCGACCT
TTTGACCT,TTCGACCT
TTGGACCT,TTCGACCT
TTNGACCT,TTCGACCT
TTCAACCT,TTCGACCT
TTCCACCT,TTCGACCT
TTCTACCT,TTCGACCT
TTCNACCT,TTCGACCT
TTCGCCCT,TTCGACCT
TTCGTCCT,TTCGACCT
TTCGGCCT,TTCGACCT
TTCGNCCT,TTCGACCT
TTCGAACT,TTCGACCT
TTCGATCT,TTCGACCT
TTCGAGCT,TTCGACCT
TTCGANCT,TTCGACCT
TTCGACAT,TTCGACCT
TTCGACTT,TTCGACCT
TTCGACGT,TTCGACCT
TTCGACNT,TTCGACCT
TTCGACCA,TTCGACCT
TTCGACCC,TTCGACCT
TTCGACCG,TTCGACCT
TTCGACCN,TTCGACCT
ACCAGACT,TCCAGACT
CCCAGACT,TCCAGACT
TCCAGACT,TCCAGACT
GCCAGACT,TCCAGACT
NCCAGACT,TCCAGACT
TACAGACT,TCCAGACT
TTCAGACT,TCCAGACT
TGCAGACT,TCCAGACT
TNCAGACT,TCCAGACT
TCAAGACT,TCCAGACT
TCTAGACT,TCCAGACT
TCGAGACT,TCCAGACT
TCNAGACT,TCCAGACT
TCCCGACT,TCCAGACT
TCCTGACT,TCCAGACT
TCCGGACT,TCCAGACT
TCCNGACT,TCCAGACT
TCCAAACT,TCCAGACT
TCCACACT,TCCAGACT
TCCATACT,TCCAGACT
TCCANACT,TCCAGACT
TCCAGCCT,TCCAGACT
TCCAGTCT,TCCAGACT
TCCAGGCT,TCCAGACT
TCCAGNCT,TCCAGACT
TCCAGAAT,TCCAGACT
TCCAGATT,TCCAGACT
TCCAGAGT,TCCAGACT
TCCAGANT,TCCAGACT
TCCAGACA,TCCAGACT
TCCAGACC,TCCAGACT
TCCAGACG,TCCAGACT
TCCAGACN,TCCAGACT
ACCATTAT,ACCATTAT
CCCATTAT,ACCATTAT
TCCATTAT,ACCATTAT
GCCATTAT,ACCATTAT
NCCATTAT,ACCATTAT
AACATTAT,ACCATTAT
ATCATTAT,ACCATTAT
AGCATTAT,ACCATTAT
ANCATTAT,ACCATTAT
ACAATTAT,ACCATTAT
ACTATTAT,ACCATTAT
ACGATTAT,ACCATTAT
ACNATTAT,ACCATTAT
ACCCTTAT,ACCATTAT
ACCTTTAT,ACCATTAT
ACCGTTAT,ACCATTAT
ACCNTTAT,ACCATTAT
ACCAATAT,ACCATTAT
ACCACTAT,ACCATTAT
ACCAGTAT,ACCATTAT
ACCANTAT,ACCATTAT
ACCATAAT,ACCATTAT
ACCATCAT,ACCATTAT
ACCATGAT,ACCATTAT
ACCATNAT,ACCATTAT
ACCATTCT,ACCATTAT
ACCATTTT,ACCATTAT
ACCATTGT,ACCATTAT
ACCATTNT,ACCATTAT
ACCATTAA,ACCATTAT
ACCATTAC,ACCATTAT
ACCATTAG,ACCATTAT
ACCATTAN,ACCATTAT
AAATGGAT,CAATGGAT
CAATGGAT,CAATGGAT
TAATGGAT,CAATGGAT
GAATGGAT,CAATGGAT
NAATGGAT,CAATGGAT
CCATGGAT,CAATGGAT
CTATGGAT,CAATGGAT
CGATGGAT,CAATGGAT
CNATGGAT,CAATGGAT
CACTGGAT,CAATGGAT
CATTGGAT,CAATGGAT
CAGTGGAT,CAATGGAT
CANTGGAT,CAATGGAT
CAAAGGAT,CAATGGAT
CAACGGAT,CAATGGAT
CAAGGGAT,CAATGGAT
CAANGGAT,CAATGGAT
CAATAGAT,CAATGGAT
CAATCGAT,CAATGGAT
CAATTGAT,CAATGGAT
CAATNGAT,CAATGGAT
CAATGAAT,CAATGGAT
CAATGCAT,CAATGGAT
CAATGTAT,CAATGGAT
CAATGNAT,CAATGGAT
CAATGGCT,CAATGGAT
CAATGGTT,CAATGGAT
CAATGGGT,CAATGGAT
CAATGGNT,CAATGGAT
CAATGGAA,CAATGGAT
CAATGGAC,CAATGGAT
CAATGGAG,CAATGGAT
CAATGGAN,CAATGGAT
AGATTCAT,AGATTCAT
CGATTCAT,AGATTCAT
TGATTCAT,AGATTCAT
GGATTCAT,AGATTCAT
NGATTCAT,AGATTCAT
AAATTCAT,AGATTCAT
ACATTCAT,AGATTCAT
ATATTCAT,AGATTCAT
ANATTCAT,AGATTCAT
AGCTTCAT,AGATTCAT
AGTTTCAT,AGATTCAT
AGGTTCAT,AGATTCAT
AGNTTCAT,AGATTCAT
AGAATCAT,AGATTCAT
AGACTCAT,AGATTCAT
AGAGTCAT,AGATTCAT
AGANTCAT,AGATTCAT
AGATACAT,AGATTCAT
AGATCCAT,AGATTCAT
AGATGCAT,AGATTCAT
AGATNCAT,AGATTCAT
AGATTAAT,AGATTCAT
AGATTTAT,AGATTCAT
AGATTGAT,AGATTCAT
AGATTNAT,AGATTCAT
AGATTCCT,AGATTCAT
AGATTCTT,AGATTCAT
AGATTCGT,AGATTCAT
AGATTCNT,AGATTCAT
AGATTCAA,AGATTCAT
AGATTCAC,AGATTCAT
AGATTCAG,AGATTCAT
AGATTCAN,AGATTCAT
AAATCTTG,CAATCTTG
CAATCTTG,CAATCTTG
TAATCTTG,CAATCTTG
GAATCTTG,CAATCTTG
NAATCTTG,CAATCTTG
CCATCTTG,CAATCTTG
CTATCTTG,CAATCTTG
CGATCTTG,CAATCTTG
CNATCTTG,CAATCTTG
CACTCTTG,CAATCTTG
CATTCTTG,CAATCTTG
CAGTCTTG,CAATCTTG
CANTCTTG,CAATCTTG
CAAACTTG,CAATCTTG
CAACCTTG,CAATCTTG
CAAGCTTG,CAATCTTG
CAANCTTG,CAATCTTG
CAATATTG,CAATCTTG
CAATTTTG,CAATCTTG
CAATGTTG,CAATCTTG
CAATNTTG,CAATCTTG
CAATCATG,CAATCTTG
CAATCCTG,CAATCTTG
CAATCGTG,CAATCTTG
CAATCNTG,CAATCTTG
CAATCTAG,CAATCTTG
CAATCTCG,CAATCTTG
CAATCTGG,CAATCTTG
CAATCTNG,CAATCTTG
CAATCTTA,CAATCTTG
CAATCTTC,CAATCTTG
CAATCTTT,CAATCTTG
CAATCTTN,CAATCTTG
AAATTCGG,CAATTCGG
CAATTCGG,CAATTCGG
TAATTCGG,CAATTCGG
GAATTCGG,CAATTCGG
NAATTCGG,CAATTCGG
CCATTCGG,CAATTCGG
CTATTCGG,CAATTCGG
CGATTCGG,CAATTCGG
CNATTCGG,CAATTCGG
CACTTCGG,CAATTCGG
CATTTCGG,CAATTCGG
CAGTTCGG,CAATTCGG
CANTTCGG,CAATTCGG
CAAATCGG,CAATTCGG
CAACTCGG,CAATTCGG
CAAGTCGG,CAATTCGG
CAANTCGG,CAATTCGG
CAATACGG,CAATTCGG
CAATCCGG,CAATTCGG
CAATGCGG,CAATTCGG
CAATNCGG,CAATTCGG
CAATTAGG,CAATTCGG
CAATTTGG,CAATTCGG
CAATTGGG,CAATTCGG
CAATTNGG,CAATTCGG
CAATTCAG,CAATTCGG
CAATTCCG,CAATTCGG
CAATTCTG,CAATTCGG
CAATTCNG,CAATTCGG
CAATTCGA,CAATTCGG
CAATTCGC,CAATTCGG
CAATTCGT,CAATTCGG
CAATTCGN,CAATTCGG
AACTCCGG,AACTCCGG
CACTCCGG,AACTCCGG
TACTCCGG,AACTCCGG
GACTCCGG,AACTCCGG
NACTCCGG,AACTCCGG
ACCTCCGG,AACTCCGG
ATCTCCGG,AACTCCGG
AGCTCCGG,AACTCCGG
ANCTCCGG,AACTCCGG
AAATCCGG,AACTCCGG
AATTCCGG,AACTCCGG
AAGTCCGG,AACTCCGG
AANTCCGG,AACTCCGG
AACACCGG,AACTCCGG
AACCCCGG,AACTCCGG
AACGCCGG,AACTCCGG
AACNCCGG,AACTCCGG
AACTACGG,AACTCCGG
AACTTCGG,AACTCCGG
AACTGCGG,AACTCCGG
AACTNCGG,AACTCCGG
AACTCAGG,AACTCCGG
AACTCTGG,AACTCCGG
AACTCGGG,AACTCCGG
AACTCNGG,AACTCCGG
AACTCCAG,AACTCCGG
AACTCCCG,AACTCCGG
AACTCCTG,AACTCCGG
AACTCCNG,AACTCCGG
AACTCCGA,AACTCCGG
AACTCCGC,AACTCCGG
AACTCCGT,AACTCCGG
AACTCCGN,AACTCCGG
ACTGAAGG,CCTGAAGG
CCTGAAGG,CCTGAAGG
TCTGAAGG,CCTGAAGG
GCTGAAGG,CCTGAAGG
NCTGAAGG,CCTGAAGG
CATGAAGG,CCTGAAGG
CTTGAAGG,CCTGAAGG
CGTGAAGG,CCTGAAGG
CNTGAAGG,CCTGAAGG
CCAGAAGG,CCTGAAGG
CCCGAAGG,CCTGAAGG
CCGGAAGG,CCTGAAGG
CCNGAAGG,CCTGAAGG
CCTAAAGG,CCTGAAGG
CCTCAAGG,CCTGAAGG
CCTTAAGG,CCTGAAGG
CCTNAAGG,CCTGAAGG
CCTGCAGG,CCTGAAGG
CCTGTAGG,CCTGAAGG
CCTGGAGG,CCTGAAGG
CCTGNAGG,CCTGAAGG
CCTGACGG,CCTGAAGG
CCTGATGG,CCTGAAGG
CCTGAGGG,CCTGAAGG
CCTGANGG,CCTGAAGG
CCTGAAAG,CCTGAAGG
CCTGAACG,CCTGAAGG
CCTGAATG,CCTGAAGG
CCTGAANG,CCTGAAGG
CCTGAAGA,CCTGAAGG
CCTGAAGC,CCTGAAGG
CCTGAAGT,CCTGAAGG
CCTGAAGN,CCTGAAGG
AATATTCG,AATATTCG
CATATTCG,AATATTCG
TATATTCG,AATATTCG
GATATTCG,AATATTCG
NATATTCG,AATATTCG
ACTATTCG,AATATTCG
ATTATTCG,AATATTCG
AGTATTCG,AATATTCG
ANTATTCG,AATATTCG
AAAATTCG,AATATTCG
AACATTCG,AATATTCG
AAGATTCG,AATATTCG
AANATTCG,AATATTCG
AATCTTCG,AATATTCG
AATTTTCG,AATATTCG
AATGTTCG,AATATTCG
AATNTTCG,AATATTCG
AATAATCG,AATATTCG
AATACTCG,AATATTCG
AATAGTCG,AATATTCG
AATANTCG,AATATTCG
AATATACG,AATATTCG
AATATCCG,AATATTCG
AATATGCG,AATATTCG
AATATNCG,AATATTCG
AATATTAG,AATATTCG
AATATTTG,AATATTCG
AATATTGG,AATATTCG
AATATTNG,AATATTCG
AATATTCA,AATATTCG
AATATTCC,AATATTCG
AATATTCT,AATATTCG
AATATTCN,AATATTCG
AGTCTCCG,AGTCTCCG
CGTCTCCG,AGTCTCCG
TGTCTCCG,AGTCTCCG
GGTCTCCG,AGTCTCCG
NGTCTCCG,AGTCTCCG
AATCTCCG,AGTCTCCG
ACTCTCCG,AGTCTCCG
ATTCTCCG,AGTCTCCG
ANTCTCCG,AGTCTCCG
AGACTCCG,AGTCTCCG
AGCCTCCG,AGTCTCCG
AGGCTCCG,AGTCTCCG
AGNCTCCG,AGTCTCCG
AGTATCCG,AGTCTCCG
AGTTTCCG,AGTCTCCG
AGTGTCCG,AGTCTCCG
AGTNTCCG,AGTCTCCG
AGTCACCG,AGTCTCCG
AGTCCCCG,AGTCTCCG
AGTCGCCG,AGTCTCCG
AGTCNCCG,AGTCTCCG
AGTCTACG,AGTCTCCG
AGTCTTCG,AGTCTCCG
AGTCTGCG,AGTCTCCG
AGTCTNCG,AGTCTCCG
AGTCTCAG,AGTCTCCG
AGTCTCTG,AGTCTCCG
AGTCTCGG,AGTCTCCG
AGTCTCNG,AGTCTCCG
AGTCTCCA,AGTCTCCG
AGTCTCCC,AGTCTCCG
AGTCTCCT,AGTCTCCG
AGTCTCCN,AGTCTCCG
AGCCTACG,TGCCTACG
CGCCTACG,TGCCTACG
TGCCTACG,TGCCTACG
GGCCTACG,TGCCTACG
NGCCTACG,TGCCTACG
TACCTACG,TGCCTACG
TCCCTACG,TGCCTACG
TTCCTACG,TGCCTACG
TNCCTACG,TGCCTACG
TGACTACG,TGCCTACG
TGTCTACG,TGCCTACG
TGGCTACG,TGCCTACG
TGNCTACG,TGCCTACG
TGCATACG,TGCCTACG
TGCTTACG,TGCCTACG
TGCGTACG,TGCCTACG
TGCNTACG,TGCCTACG
TGCCAACG,TGCCTACG
TGCCCACG,TGCCTACG
TGCCGACG,TGCCTACG
TGCCNACG,TGCCTACG
TGCCTCCG,TGCCTACG
TGCCTTCG,TGCCTACG
TGCCTGCG,TGCCTACG
TGCCTNCG,TGCCTACG
TGCCTAAG,TGCCTACG
TGCCTATG,TGCCTACG
TGCCTAGG,TGCCTACG
TGCCTANG,TGCCTACG
TGCCTACA,TGCCTACG
TGCCTACC,TGCCTACG
TGCCTACT,TGCCTACG
TGCCTACN,TGCCTACG
ATTAGTTC,CTTAGTTC
CTTAGTTC,CTTAGTTC
TTTAGTTC,CTTAGTTC
GTTAGTTC,CTTAGTTC
NTTAGTTC,CTTAGTTC
CATAGTTC,CTTAGTTC
CCTAGTTC,CTTAGTTC
CGTAGTTC,CTTAGTTC
CNTAGTTC,CTTAGTTC
CTAAGTTC,CTTAGTTC
CTCAGTTC,CTTAGTTC
CTGAGTTC,CTTAGTTC
CTNAGTTC,CTTAGTTC
CTTCGTTC,CTTAGTTC
CTTTGTTC,CTTAGTTC
CTTGGTTC,CTTAGTTC
CTTNGTTC,CTTAGTTC
CTTAATTC,CTTAGTTC
CTTACTTC,CTTAGTTC
CTTATTTC,CTTAGTTC
CTTANTTC,CTTAGTTC
CTTAGATC,CTTAGTTC
CTTAGCTC,CTTAGTTC
CTTAGGTC,CTTAGTTC
CTTAGNTC,CTTAGTTC
CTTAGTAC,CTTAGTTC
CTTAGTCC,CTTAGTTC
CTTAGTGC,CTTAGTTC
CTTAGTNC,CTTAGTTC
CTTAGTTA,CTTAGTTC
CTTAGTTT,CTTAGTTC
CTTAGTTG,CTTAGTTC
CTTAGTTN,CTTAGTTC
AGAGCTTC,CGAGCTTC
CGAGCTTC,CGAGCTTC
TGAGCTTC,CGAGCTTC
GGAGCTTC,CGAGCTTC
NGAGCTTC,CGAGCTTC
CAAGCTTC,CGAGCTTC
CCAGCTTC,CGAGCTTC
CTAGCTTC,CGAGCTTC
CNAGCTTC,CGAGCTTC
CGCGCTTC,CGAGCTTC
CGTGCTTC,CGAGCTTC
CGGGCTTC,CGAGCTTC
CGNGCTTC,CGAGCTTC
CGAACTTC,CGAGCTTC
CGACCTTC,CGAGCTTC
CGATCTTC,CGAGCTTC
CGANCTTC,CGAGCTTC
CGAGATTC,CGAGCTTC
CGAGTTTC,CGAGCTTC
CGAGGTTC,CGAGCTTC
CGAGNTTC,CGAGCTTC
CGAGCATC,CGAGCTTC
CGAGCCTC,CGAGCTTC
CGAGCGTC,CGAGCTTC
CGAGCNTC,CGAGCTTC
CGAGCTAC,CGAGCTTC
CGAGCTCC,CGAGCTTC
CGAGCTGC,CGAGCTTC
CGAGCTNC,CGAGCTTC
CGAGCTTA,CGAGCTTC
CGAGCTTT,CGAGCTTC
CGAGCTTG,CGAGCTTC
CGAGCTTN,CGAGCTTC
AAATAGTC,CAATAGTC
CAATAGTC,CAATAGTC
TAATAGTC,CAATAGTC
GAATAGTC,CAATAGTC
NAATAGTC,CAATAGTC
CCATAGTC,CAATAGTC
CTATAGTC,CAATAGTC
CGATAGTC,CAATAGTC
CNATAGTC,CAATAGTC
CACTAGTC,CAATAGTC
CATTAGTC,CAATAGTC
CAGTAGTC,CAATAGTC
CANTAGTC,CAATAGTC
CAAAAGTC,CAATAGTC
CAACAGTC,CAATAGTC
CAAGAGTC,CAATAGTC
CAANAGTC,CAATAGTC
CAATCGTC,CAATAGTC
CAATTGTC,CAATAGTC
CAATGGTC,CAATAGTC
CAATNGTC,CAATAGTC
CAATAATC,CAATAGTC
CAATACTC,CAATAGTC
CAATATTC,CAATAGTC
CAATANTC,CAATAGTC
CAATAGAC,CAATAGTC
CAATAGCC,CAATAGTC
CAATAGGC,CAATAGTC
CAATAGNC,CAATAGTC
CAATAGTA,CAATAGTC
CAATAGTT,CAATAGTC
CAATAGTG,CAATAGTC
CAATAGTN,CAATAGTC
AGTTACTC,CGTTACTC
CGTTACTC,CGTTACTC
TGTTACTC,CGTTACTC
GGTTACTC,CGTTACTC
NGTTACTC,CGTTACTC
CATTACTC,CGTTACTC
CCTTACTC,CGTTACTC
CTTTACTC,CGTTACTC
CNTTACTC,CGTTACTC
CGATACTC,CGTTACTC
CGCTACTC,CGTTACTC
CGGTACTC,CGTTACTC
CGNTACTC,CGTTACTC
CGTAACTC,CGTTACTC
CGTCACTC,CGTTACTC
CGTGACTC,CGTTACTC
CGTNACTC,CGTTACTC
CGTTCCTC,CGTTACTC
CGTTTCTC,CGTTACTC
CGTTGCTC,CGTTACTC
CGTTNCTC,CGTTACTC
CGTTAATC,CGTTACTC
CGTTATTC,CGTTACTC
CGTTAGTC,CGTTACTC
CGTTANTC,CGTTACTC
CGTTACAC,CGTTACTC
CGTTACCC,CGTTACTC
CGTTACGC,CGTTACTC
CGTTACNC,CGTTACTC
CGTTACTA,CGTTACTC
CGTTACTT,CGTTACTC
CGTTACTG,CGTTACTC
CGTTACTN,CGTTACTC
AGGACTGC,TGGACTGC
CGGACTGC,TGGACTGC
TGGACTGC,TGGACTGC
GGGACTGC,TGGACTGC
NGGACTGC,TGGACTGC
TAGACTGC,TGGACTGC
TCGACTGC,TGGACTGC
TTGACTGC,TGGACTGC
TNGACTGC,TGGACTGC
TGAACTGC,TGGACTGC
TGCACTGC,TGGACTGC
TGTACTGC,TGGACTGC
TGNACTGC,TGGACTGC
TGGCCTGC,TGGACTGC
TGGTCTGC,TGGACTGC
TGGGCTGC,TGGACTGC
TGGNCTGC,TGGACTGC
TGGAATGC,TGGACTGC
TGGATTGC,TGGACTGC
TGGAGTGC,TGGACTGC
TGGANTGC,TGGACTGC
TGGACAGC,TGGACTGC
TGGACCGC,TGGACTGC
TGGACGGC,TGGACTGC
TGGACNGC,TGGACTGC
TGGACTAC,TGGACTGC
TGGACTCC,TGGACTGC
TGGACTTC,TGGACTGC
TGGACTNC,TGGACTGC
TGGACTGA,TGGACTGC
TGGACTGT,TGGACTGC
TGGACTGG,TGGACTGC
TGGACTGN,TGGACTGC
ACTTGAGC,CCTTGAGC
CCTTGAGC,CCTTGAGC
TCTTGAGC,CCTTGAGC
GCTTGAGC,CCTTGAGC
NCTTGAGC,CCTTGAGC
CATTGAGC,CCTTGAGC
CTTTGAGC,CCTTGAGC
CGTTGAGC,CCTTGAGC
CNTTGAGC,CCTTGAGC
CCATGAGC,CCTTGAGC
CCCTGAGC,CCTTGAGC
CCGTGAGC,CCTTGAGC
CCNTGAGC,CCTTGAGC
CCTAGAGC,CCTTGAGC
CCTCGAGC,CCTTGAGC
CCTGGAGC,CCTTGAGC
CCTNGAGC,CCTTGAGC
CCTTAAGC,CCTTGAGC
CCTTCAGC,CCTTGAGC
CCTTTAGC,CCTTGAGC
CCTTNAGC,CCTTGAGC
CCTTGCGC,CCTTGAGC
CCTTGTGC,CCTTGAGC
CCTTGGGC,CCTTGAGC
CCTTGNGC,CCTTGAGC
CCTTGAAC,CCTTGAGC
CCTTGACC,CCTTGAGC
CCTTGATC,CCTTGAGC
CCTTGANC,CCTTGAGC
CCTTGAGA,CCTTGAGC
CCTTGAGT,CCTTGAGC
CCTTGAGG,CCTTGAGC
CCTTGAGN,CCTTGAGC
AGATATCC,CGATATCC
CGATATCC,CGATATCC
TGATATCC,CGATATCC
GGATATCC,CGATATCC
NGATATCC,CGATATCC
CAATATCC,CGATATCC
CCATATCC,CGATATCC
CTATATCC,CGATATCC
CNATATCC,CGATATCC
CGCTATCC,CGATATCC
CGTTATCC,CGATATCC
CGGTATCC,CGATATCC
CGNTATCC,CGATATCC
CGAAATCC,CGATATCC
CGACATCC,CGATATCC
CGAGATCC,CGATATCC
CGANATCC,CGATATCC
CGATCTCC,CGATATCC
CGATTTCC,CGATATCC
CGATGTCC,CGATATCC
CGATNTCC,CGATATCC
CGATAACC,CGATATCC
CGATACCC,CGATATCC
CGATAGCC,CGATATCC
CGATANCC,CGATATCC
CGATATAC,CGATATCC
CGATATTC,CGATATCC
CGATATGC,CGATATCC
CGATATNC,CGATATCC
CGATATCA,CGATATCC
CGATATCT,CGATATCC
CGATATCG,CGATATCC
CGATATCN,CGATATCC
ATCTGACC,ATCTGACC
CTCTGACC,ATCTGACC
TTCTGACC,ATCTGACC
GTCTGACC,ATCTGACC
NTCTGACC,ATCTGACC
AACTGACC,ATCTGACC
ACCTGACC,ATCTGACC
AGCTGACC,ATCTGACC
ANCTGACC,ATCTGACC
ATATGACC,ATCTGACC
ATTTGACC,ATCTGACC
ATGTGACC,ATCTGACC
ATNTGACC,ATCTGACC
ATCAGACC,ATCTGACC
ATCCGACC,ATCTGACC
ATCGGACC,ATCTGACC
ATCNGACC,ATCTGACC
ATCTAACC,ATCTGACC
ATCTCACC,ATCTGACC
ATCTTACC,ATCTGACC
ATCTNACC,ATCTGACC
ATCTGCCC,ATCTGACC
ATCTGTCC,ATCTGACC
ATCTGGCC,ATCTGACC
ATCTGNCC,ATCTGACC
ATCTGAAC,ATCTGACC
ATCTGATC,ATCTGACC
ATCTGAGC,ATCTGACC
ATCTGANC,ATCTGACC
ATCTGACA,ATCTGACC
ATCTGACT,ATCTGACC
ATCTGACG,ATCTGACC
ATCTGACN,ATCTGACC
ATTCTTAC,CTTCTTAC
CTTCTTAC,CTTCTTAC
TTTCTTAC,CTTCTTAC
GTTCTTAC,CTTCTTAC
NTTCTTAC,CTTCTTAC
CATCTTAC,CTTCTTAC
CCTCTTAC,CTTCTTAC
CGTCTTAC,CTTCTTAC
CNTCTTAC,CTTCTTAC
CTACTTAC,CTTCTTAC
CTCCTTAC,CTTCTTAC
CTGCTTAC,CTTCTTAC
CTNCTTAC,CTTCTTAC
CTTATTAC,CTTCTTAC
CTTTTTAC,CTTCTTAC
CTTGTTAC,CTTCTTAC
CTTNTTAC,CTTCTTAC
CTTCATAC,CTTCTTAC
CTTCCTAC,CTTCTTAC
CTTCGTAC,CTTCTTAC
CTTCNTAC,CTTCTTAC
CTTCTAAC,CTTCTTAC
CTTCTCAC,CTTCTTAC
CTTCTGAC,CTTCTTAC
CTTCTNAC,CTTCTTAC
CTTCTTCC,CTTCTTAC
CTTCTTTC,CTTCTTAC
CTTCTTGC,CTTCTTAC
CTTCTTNC,CTTCTTAC
CTTCTTAA,CTTCTTAC
CTTCTTAT,CTTCTTAC
CTTCTTAG,CTTCTTAC
CTTCTTAN,CTTCTTAC
ACTTCTAC,ACTTCTAC
CCTTCTAC,ACTTCTAC
TCTTCTAC,ACTTCTAC
GCTTCTAC,ACTTCTAC
NCTTCTAC,ACTTCTAC
AATTCTAC,ACTTCTAC
ATTTCTAC,ACTTCTAC
AGTTCTAC,ACTTCTAC
ANTTCTAC,ACTTCTAC
ACATCTAC,ACTTCTAC
ACCTCTAC,ACTTCTAC
ACGTCTAC,ACTTCTAC
ACNTCTAC,ACTTCTAC
ACTACTAC,ACTTCTAC
ACTCCTAC,ACTTCTAC
ACTGCTAC,ACTTCTAC
ACTNCTAC,ACTTCTAC
ACTTATAC,ACTTCTAC
ACTTTTAC,ACTTCTAC
ACTTGTAC,ACTTCTAC
ACTTNTAC,ACTTCTAC
ACTTCAAC,ACTTCTAC
ACTTCCAC,ACTTCTAC
ACTTCGAC,ACTTCTAC
ACTTCNAC,ACTTCTAC
ACTTCTCC,ACTTCTAC
ACTTCTTC,ACTTCTAC
ACTTCTGC,ACTTCTAC
ACTTCTNC,ACTTCTAC
ACTTCTAA,ACTTCTAC
ACTTCTAT,ACTTCTAC
ACTTCTAG,ACTTCTAC
ACTTCTAN,ACTTCTAC
ACAGATAC,TCAGATAC
CCAGATAC,TCAGATAC
TCAGATAC,TCAGATAC
GCAGATAC,TCAGATAC
NCAGATAC,TCAGATAC
TAAGATAC,TCAGATAC
TTAGATAC,TCAGATAC
TGAGATAC,TCAGATAC
TNAGATAC,TCAGATAC
TCCGATAC,TCAGATAC
TCTGATAC,TCAGATAC
TCGGATAC,TCAGATAC
TCNGATAC,TCAGATAC
TCAAATAC,TCAGATAC
TCACATAC,TCAGATAC
TCATATAC,TCAGATAC
TCANATAC,TCAGATAC
TCAGCTAC,TCAGATAC
TCAGTTAC,TCAGATAC
TCAGGTAC,TCAGATAC
TCAGNTAC,TCAGATAC
TCAGAAAC,TCAGATAC
TCAGACAC,TCAGATAC
TCAGAGAC,TCAGATAC
TCAGANAC,TCAGATAC
TCAGATCC,TCAGATAC
TCAGATTC,TCAGATAC
TCAGATGC,TCAGATAC
TCAGATNC,TCAGATAC
TCAGATAA,TCAGATAC
TCAGATAT,TCAGATAC
TCAGATAG,TCAGATAC
TCAGATAN,TCAGATAC
AAGATGAC,TAGATGAC
CAGATGAC,TAGATGAC
TAGATGAC,TAGATGAC
GAGATGAC,TAGATGAC
NAGATGAC,TAGATGAC
TCGATGAC,TAGATGAC
TTGATGAC,TAGATGAC
TGGATGAC,TAGATGAC
TNGATGAC,TAGATGAC
TAAATGAC,TAGATGAC
TACATGAC,TAGATGAC
TATATGAC,TAGATGAC
TANATGAC,TAGATGAC
TAGCTGAC,TAGATGAC
TAGTTGAC,TAGATGAC
TAGGTGAC,TAGATGAC
TAGNTGAC,TAGATGAC
TAGAAGAC,TAGATGAC
TAGACGAC,TAGATGAC
TAGAGGAC,TAGATGAC
TAGANGAC,TAGATGAC
TAGATAAC,TAGATGAC
TAGATCAC,TAGATGAC
TAGATTAC,TAGATGAC
TAGATNAC,TAGATGAC
TAGATGCC,TAGATGAC
TAGATGTC,TAGATGAC
TAGATGGC,TAGATGAC
TAGATGNC,TAGATGAC
TAGATGAA,TAGATGAC
TAGATGAT,TAGATGAC
TAGATGAG,TAGATGAC
TAGATGAN,TAGATGAC
ATGCGGAC,TTGCGGAC
CTGCGGAC,TTGCGGAC
TTGCGGAC,TTGCGGAC
GTGCGGAC,TTGCGGAC
NTGCGGAC,TTGCGGAC
TAGCGGAC,TTGCGGAC
TCGCGGAC,TTGCGGAC
TGGCGGAC,TTGCGGAC
TNGCGGAC,TTGCGGAC
TTACGGAC,TTGCGGAC
TTCCGGAC,TTGCGGAC
TTTCGGAC,TTGCGGAC
TTNCGGAC,TTGCGGAC
TTGAGGAC,TTGCGGAC
TTGTGGAC,TTGCGGAC
TTGGGGAC,TTGCGGAC
TTGNGGAC,TTGCGGAC
TTGCAGAC,TTGCGGAC
TTGCCGAC,TTGCGGAC
TTGCTGAC,TTGCGGAC
TTGCNGAC,TTGCGGAC
TTGCGAAC,TTGCGGAC
TTGCGCAC,TTGCGGAC
TTGCGTAC,TTGCGGAC
TTGCGNAC,TTGCGGAC
TTGCGGCC,TTGCGGAC
TTGCGGTC,TTGCGGAC
TTGCGGGC,TTGCGGAC
TTGCGGNC,TTGCGGAC
TTGCGGAA,TTGCGGAC
TTGCGGAT,TTGCGGAC
TTGCGGAG,TTGCGGAC
TTGCGGAN,TTGCGGAC
AATTGAAC,TATTGAAC
CATTGAAC,TATTGAAC
TATTGAAC,TATTGAAC
GATTGAAC,TATTGAAC
NATTGAAC,TATTGAAC
TCTTGAAC,TATTGAAC
TTTTGAAC,TATTGAAC
TGTTGAAC,TATTGAAC
TNTTGAAC,TATTGAAC
TAATGAAC,TATTGAAC
TACTGAAC,TATTGAAC
TAGTGAAC,TATTGAAC
TANTGAAC,TATTGAAC
TATAGAAC,TATTGAAC
TATCGAAC,TATTGAAC
TATGGAAC,TATTGAAC
TATNGAAC,TATTGAAC
TATTAAAC,TATTGAAC
TATTCAAC,TATTGAAC
TATTTAAC,TATTGAAC
TATTNAAC,TATTGAAC
TATTGCAC,TATTGAAC
TATTGTAC,TATTGAAC
TATTGGAC,TATTGAAC
TATTGNAC,TATTGAAC
TATTGACC,TATTGAAC
TATTGATC,TATTGAAC
TATTGAGC,TATTGAAC
TATTGANC,TATTGAAC
TATTGAAA,TATTGAAC
TATTGAAT,TATTGAAC
TATTGAAG,TATTGAAC
TATTGAAN,TATTGAAC
AGACGTTA,CGACGTTA
CGACGTTA,CGACGTTA
TGACGTTA,CGACGTTA
GGACGTTA,CGACGTTA
NGACGTTA,CGACGTTA
CAACGTTA,CGACGTTA
CCACGTTA,CGACGTTA
CTACGTTA,CGACGTTA
CNACGTTA,CGACGTTA
CGCCGTTA,CGACGTTA
CGTCGTTA,CGACGTTA
CGGCGTTA,CGACGTTA
CGNCGTTA,CGACGTTA
CGAAGTTA,CGACGTTA
CGATGTTA,CGACGTTA
CGAGGTTA,CGACGTTA
CGANGTTA,CGACGTTA
CGACATTA,CGACGTTA
CGACCTTA,CGACGTTA
CGACTTTA,CGACGTTA
CGACNTTA,CGACGTTA
CGACGATA,CGACGTTA
CGACGCTA,CGACGTTA
CGACGGTA,CGACGTTA
CGACGNTA,CGACGTTA
CGACGTAA,CGACGTTA
CGACGTCA,CGACGTTA
CGACGTGA,CGACGTTA
CGACGTNA,CGACGTTA
CGACGTTC,CGACGTTA
CGACGTTT,CGACGTTA
CGACGTTG,CGACGTTA
CGACGTTN,CGACGTTA
AGTTCCGA,CGTTCCGA
CGTTCCGA,CGTTCCGA
TGTTCCGA,CGTTCCGA
GGTTCCGA,CGTTCCGA
NGTTCCGA,CGTTCCGA
CATTCCGA,CGTTCCGA
CCTTCCGA,CGTTCCGA
CTTTCCGA,CGTTCCGA
CNTTCCGA,CGTTCCGA
CGATCCGA,CGTTCCGA
CGCTCCGA,CGTTCCGA
CGGTCCGA,CGTTCCGA
CGNTCCGA,CGTTCCGA
CGTACCGA,CGTTCCGA
CGTCCCGA,CGTTCCGA
CGTGCCGA,CGTTCCGA
CGTNCCGA,CGTTCCGA
CGTTACGA,CGTTCCGA
CGTTTCGA,CGTTCCGA
CGTTGCGA,CGTTCCGA
CGTTNCGA,CGTTCCGA
CGTTCAGA,CGTTCCGA
CGTTCTGA,CGTTCCGA
CGTTCGGA,CGTTCCGA
CGTTCNGA,CGTTCCGA
CGTTCCAA,CGTTCCGA
CGTTCCCA,CGTTCCGA
CGTTCCTA,CGTTCCGA
CGTTCCNA,CGTTCCGA
CGTTCCGC,CGTTCCGA
CGTTCCGT,CGTTCCGA
CGTTCCGG,CGTTCCGA
CGTTCCGN,CGTTCCGA
ATAGAATG,GTAGAATG
CTAGAATG,GTAGAATG
TTAGAATG,GTAGAATG
GTAGAATG,GTAGAATG
NTAGAATG,GTAGAATG
GAAGAATG,GTAGAATG
GCAGAATG,GTAGAATG
GGAGAATG,GTAGAATG
GNAGAATG,GTAGAATG
GTCGAATG,GTAGAATG
GTTGAATG,GTAGAATG
GTGGAATG,GTAGAATG
GTNGAATG,GTAGAATG
GTAAAATG,GTAGAATG
GTACAATG,GTAGAATG
GTATAATG,GTAGAATG
GTANAATG,GTAGAATG
GTAGCATG,GTAGAATG
GTAGTATG,GTAGAATG
GTAGGATG,GTAGAATG
GTAGNATG,GTAGAATG
GTAGACTG,GTAGAATG
GTAGATTG,GTAGAATG
GTAGAGTG,GTAGAATG
GTAGANTG,GTAGAATG
GTAGAAAG,GTAGAATG
GTAGAACG,GTAGAATG
GTAGAAGG,GTAGAATG
GTAGAANG,GTAGAATG
GTAGAATA,GTAGAATG
GTAGAATC,GTAGAATG
GTAGAATT,GTAGAATG
GTAGAATN,GTAGAATG
AGAAGTAA,AGAAGTAA
CGAAGTAA,AGAAGTAA
TGAAGTAA,AGAAGTAA
GGAAGTAA,AGAAGTAA
NGAAGTAA,AGAAGTAA
AAAAGTAA,AGAAGTAA
ACAAGTAA,AGAAGTAA
ATAAGTAA,AGAAGTAA
ANAAGTAA,AGAAGTAA
AGCAGTAA,AGAAGTAA
AGTAGTAA,AGAAGTAA
AGGAGTAA,AGAAGTAA
AGNAGTAA,AGAAGTAA
AGACGTAA,AGAAGTAA
AGATGTAA,AGAAGTAA
AGAGGTAA,AGAAGTAA
AGANGTAA,AGAAGTAA
AGAAATAA,AGAAGTAA
AGAACTAA,AGAAGTAA
AGAATTAA,AGAAGTAA
AGAANTAA,AGAAGTAA
AGAAGAAA,AGAAGTAA
AGAAGCAA,AGAAGTAA
AGAAGGAA,AGAAGTAA
AGAAGNAA,AGAAGTAA
AGAAGTCA,AGAAGTAA
AGAAGTTA,AGAAGTAA
AGAAGTGA,AGAAGTAA
AGAAGTNA,AGAAGTAA
AGAAGTAC,AGAAGTAA
AGAAGTAT,AGAAGTAA
AGAAGTAG,AGAAGTAA
AGAAGTAN,AGAAGTAA
