Barcode,Name
AACCATGC,BC2_1
AAGCCAGC,BC2_2
ACCAACCG,BC2_3
ACGAGATG,BC2_4
ACGCAACC,BC2_5
ACGCGCCT,BC2_6
ACTAGTTC,BC2_7
AGAGACGC,BC2_8
AGAGTAGA,BC2_9
AGATAAGT,BC2_10
AGATCATC,BC2_11
ATAATGGT,BC2_12
ATAGACCT,BC2_13
ATAGCGCC,BC2_14
ATATAGGA,BC2_15
ATCTACGG,BC2_16
ATGCAGTC,BC2_17
ATTCAGCT,BC2_18
CAGTCAGA,BC2_19
CCAGCCTC,BC2_20
CCATGCGC,BC2_21
CCGAGGCG,BC2_22
CCGTAAGT,BC2_23
CCTAGCGA,BC2_24
CCTGGTAC,BC2_25
CGATCGGA,BC2_26
CGCTTACT,BC2_27
CGTAGATC,BC2_28
CGTAGGCA,BC2_29
CGTCTGAG,BC2_30
CGTTCGCT,BC2_31
CTAATAGG,BC2_32
CTAGTTGC,BC2_33
CTCAGCGC,BC2_34
CTCCGCCG,BC2_35
CTCGAACC,BC2_36
GAAGCAGC,BC2_37
GAATTACC,BC2_38
GAGATTGC,BC2_39
GAGCCGCG,BC2_40
GATCTTCC,BC2_41
GCAGGAGG,BC2_42
GCCGGCAG,BC2_43
GCGTACGG,BC2_44
GCTAATCT,BC2_45
GCTCTGCT,BC2_46
GCTGGTCA,BC2_47
GCTTCCGA,BC2_48
GGCATAGA,BC2_49
GGCCAGTA,BC2_50
GGCGGTAT,BC2_51
GGTAGTTG,BC2_52
GGTCAGAT,BC2_53
GGTCGGCG,BC2_54
TAATCGCG,BC2_55
TACCTACT,BC2_56
TACCTTGG,BC2_57
TAGGCAAC,BC2_58
TAGTATCT,BC2_59
TAGTTAGG,BC2_60
TATATGCC,BC2_61
TCCGCTCG,BC2_62
TCGCGGAT,BC2_63
TCTATTCG,BC2_64
TGAGCAGG,BC2_65
TGCCTCTC,BC2_66
TGGAACCG,BC2_67
TGGACGCA,BC2_68
TGGTATGA,BC2_69
TTATCGTC,BC2_70
TTCGTCGG,BC2_71
TTGGCTCC,BC2_72
TCGGAACG,BC2_IN1
CATTCTAC,BC2_IN2
GTCATCTA,BC2_IN3
AGTCTGGA,BC2_IN4
