Barcode,Row,Column
ACTCTATTCAG,0,0
TCAGGTCGCCG,0,1
GTATGCTGGCC,0,2
GTTGGATAGCC,0,3
CCTAGATTAAT,0,4
AAGAGGTCGAA,0,5
GTTGAGCTGCG,0,6
CTCCTCTATGA,0,7
GTTCGTACCGC,0,8
GTTGATCTTCT,0,9
CTGGAGAGCTG,0,10
TCGCTTGCCGT,0,11
TGGCCAGCAGT,0,12
TAACCTTGAGT,0,13
GCAGAATCTAG,0,14
TTATTCAATGG,0,15
CCTCCGCCTGC,0,16
CCATATACGAC,0,17
AGAAGATTCTG,0,18
GAAGATATTCC,0,19
ATTGCTCGATA,0,20
TGCATGGCTCC,0,21
CCGACTACCAA,0,22
GCAACGTATAC,0,23
CAAGATCCGTC,0,24
CTGCATGCTTG,0,25
GGTTCCAATTC,0,26
CTATCGTCCAG,0,27
CCATGGCCGAA,0,28
CTAGCAAGTCA,0,29
CGGCGGAGCCA,0,30
TTCTGGTCTAT,0,31
CCGTCCTCAGT,0,32
GATTCCATGCA,0,33
GCAGGTTCTGG,0,34
GTACTGGTAGG,0,35
TGGTACTATAT,0,36
AACGTAGTTAC,0,37
AGAATATCGTC,0,38
TATGACCTGGT,0,39
TAGTATGGCGC,0,40
TTATTAGCGCC,0,41
GCGTTAGTTAC,0,42
CTTCTTCGCTA,0,43
CCAAGCTAACG,0,44
AAGAGAGACGC,0,45
GGCTCGTTAGC,0,46
ATTATATCTCA,0,47
TGGCTGGTATA,0,48
CGGAGTCTCTG,0,49
ATGGCCGTATG,0,50
GTTGCGGAGAT,0,51
TTATGACGTCC,0,52
AACGTCTCCAT,0,53
AAGAATTGCAT,0,54
ATTCCGAGCGG,0,55
TTCGACGTACC,0,56
AAGAATAACGA,0,57
TTATCCTTGGT,0,58
AACCATTCCGA,0,59
AGAACGCCATC,0,60
GTTGGCGAGTT,0,61
TCAATTACGAC,0,62
CGGTTGGTAGA,0,63
TAGGTTCTTGC,0,64
GCTAATAGCCT,0,65
TGGACGGAGTT,0,66
AACGCGACGAT,0,67
CCTTCAAGTCA,0,68
CCGTCCGTCGA,0,69
TGCCGCTCCTA,0,70
AGAAGCGCCGC,0,71
GCAATCCAAGA,1,0
CATCCAAGTCG,1,1
GAACTAGATGC,1,2
GCCTCCAAGCC,1,3
CCAGACCAACC,1,4
GAAGAAGGATC,1,5
TCATTCGTAAG,1,6
TGCTAGAAGTT,1,7
AAGAGACGAGG,1,8
CGTTCTCGCTC,1,9
TGATGGACGGT,1,10
TAGGTCAGACC,1,11
TTGGAGAGTAG,1,12
GGTCGTTCAGA,1,13
CAATAGAATGG,1,14
GTATTGCTGCA,1,15
GGTCATAATGG,1,16
GGTTAGACTGG,1,17
GGACGCGGAAG,1,18
TCAGAGCCTCG,1,19
TCGTATAGTCA,1,20
GCTGGCCGGAT,1,21
GTTATCGGACC,1,22
CGTTCTGCAAT,1,23
AGAACTTAGTC,1,24
CCAGGCTTAAG,1,25
GTTGGCGCGAC,1,26
GTCGGAGATCT,1,27
GGTATAGACTA,1,28
GAGGAGTCTAA,1,29
TGGATTGGTTA,1,30
TATGCTGAAGC,1,31
GTTCGATCTTA,1,32
AGAATAAGAGA,1,33
AGAAGCCTTGG,1,34
CCTGCAATGCA,1,35
ATTGCTTAGTT,1,36
GCGGAGGAAGG,1,37
GGATTATTGGA,1,38
GAACTATCTTC,1,39
TTCGTCCAGCG,1,40
CGATTCGCTTC,1,41
TTGATTCAGAT,1,42
TGCGGTTCCTG,1,43
ACGACGTTGCT,1,44
ATTGCGTTCAA,1,45
GCGTTGAACGT,1,46
TAACGAGATTC,1,47
TGAGTTATTCG,1,48
GCTTATGCTGC,1,49
CCATCCATGAC,1,50
GGTTAACCGAA,1,51
CGCAACCTTGA,1,52
GAAGAACTCTT,1,53
TTGAGAGTTCC,1,54
AAGACGGTCGC,1,55
CGCCTAAGACG,1,56
CCTCCAACCGA,1,57
ACTTATAGTCG,1,58
GCTGCAACCTT,1,59
CCAACTGGCGA,1,60
GATCCTGGTAC,1,61
GAACTAAGGCT,1,62
GTTCAACTTAA,1,63
ACGCAATCCTT,1,64
CCTTCTCCGGT,1,65
CGATACTGCAA,1,66
TTAGGTCAATT,1,67
ACGTCAGTACT,1,68
GTTATGCGGCA,1,69
GTTCTCAACTA,1,70
CGTTATCCTTA,1,71
TGCCTCTTCTG,2,0
CGGAGGTCGTA,2,1
TTCCTCGCCGT,2,2
TTCCTGGTAAT,2,3
TTACTGACCAT,2,4
CGGTTGCCAGC,2,5
CGAATCTAATT,2,6
AACTCTAGTAT,2,7
CCGTAACCAGA,2,8
GCGTCATTATG,2,9
TAACTTCTGCC,2,10
AACGAAGGAAC,2,11
GGTTCAAGCAG,2,12
GTTAGGCAATC,2,13
GGTCGGATATC,2,14
AACCAATGAAT,2,15
CCATCTGAGAT,2,16
ACGACCGCAGT,2,17
ACTTCAGCGAT,2,18
AGAACTATGGT,2,19
CGGTTGCGGAA,2,20
AACTTATGATA,2,21
AACCATCTCGC,2,22
ACCAGAACCGC,2,23
TTAATAGCCTC,2,24
CCGGTCATCTA,2,25
AACGACCAGAA,2,26
GCAACCGCTCC,2,27
CCATAAGTCCA,2,28
CCGTATTCGGT,2,29
GAACGTCCTTC,2,30
CCAACGTTCTA,2,31
AACTGGTCCAG,2,32
AGAACCGCGCT,2,33
CTTATTAACGC,2,34
TCGGTCTGAAC,2,35
GTTCTGATTCG,2,36
CCTCTCTCATT,2,37
TTGGAAGCCTT,2,38
TGGAGTATATT,2,39
AACCTACGCGC,2,40
CTTGACTCCAA,2,41
ACGTACGGAAG,2,42
AACCAGAAGAC,2,43
CGAGCATATTG,2,44
GTCTGGTCCTT,2,45
AACTTATTGCA,2,46
GGTTCGTCTTG,2,47
TGCTCTCTAGG,2,48
AGAACCGCTTC,2,49
ATTGAGAGGCA,2,50
AAGAATATATA,2,51
GAAGACTTGGT,2,52
TCGATAGGCTG,2,53
AAGAACGAAGT,2,54
CTATCAGCATC,2,55
AAGAGCCTTCC,2,56
AGTCTACCTCT,2,57
TGGTCCGCATC,2,58
TAACCTCCGCG,2,59
GGCGTCCGTTG,2,60
GAAGCGATAGT,2,61
GGTATATCCGA,2,62
CGTCGTTCTCA,2,63
GCAATCTCTCT,2,64
TCGTATTCGCC,2,65
GTCGGTCGCGC,2,66
GCTTGCCTTCG,2,67
AACTGAGGCCA,2,68
AAGACCAATCG,2,69
TTGGTAGCTGA,2,70
GGTCTTAACTC,2,71
TTGGAACGTAA,3,0
GTATGCATTCG,3,1
GAAGATATCAT,3,2
TGCAAGTTGGC,3,3
AGAATCTGCTC,3,4
ACTCGTCTTGC,3,5
CTTCTCAATCG,3,6
AGAAGAGTACC,3,7
CTGGTTGCTGG,3,8
CCTATCGTTGA,3,9
GCTCCAGCCGT,3,10
GAACTCATACC,3,11
GTTCGCGTCCT,3,12
AAGAGCTCCTA,3,13
AACTCGTTAAG,3,14
AGAACCATAGG,3,15
AAGAGAGAACG,3,16
CTGGCCGGTCA,3,17
GTTAAGTTGCA,3,18
AACTAACCTTG,3,19
CCAATAGGAAG,3,20
ATCCTTAAGGA,3,21
CAACCGCTACG,3,22
CGAGGTTGAGT,3,23
GCCTCTAGAGC,3,24
TGGATGGCAGT,3,25
CTTACCAATTA,3,26
TTGAAGTAACC,3,27
GGCGATCGACG,3,28
AGAAGGCTGCG,3,29
GTCCTCGGCAA,3,30
TAAGTTGAACG,3,31
TCTATATAGAA,3,32
TGGCCGAGCTG,3,33
TGCTGATTATT,3,34
CCAGGTACTGA,3,35
GTTCGGTCGGA,3,36
CCATAGCCTCA,3,37
CCTCCGAGGAC,3,38
CCAACCTCCTT,3,39
CCTTCAGCTCT,3,40
GCAATAGAATA,3,41
GCGTTCTTAAC,3,42
CTCTAAGTCAA,3,43
CCAAGACGCAT,3,44
AACGCAATCTT,3,45
AAGAACTAATC,3,46
CGGTCGTTAGT,3,47
CCTAGAGTCTA,3,48
AGAAGACGCAG,3,49
GTCTGGAGAGC,3,50
GGTATCTCTCG,3,51
GTAACGACTCG,3,52
TCGGAGTCTGG,3,53
AGAATCAGTCT,3,54
GGTTCCGTTGC,3,55
GAAGCAGTATG,3,56
AACGCTCCGGA,3,57
AAGAGCAGAGC,3,58
AGGTTAGTACG,3,59
GGTTCCTTACC,3,60
TGGATATTGCC,3,61
TGAGCTCGAGA,3,62
CCGCAGTAGCA,3,63
TCGTTGCGTAC,3,64
CTGGTAGGCGG,3,65
GCCAGCCGAAC,3,66
TTCTGGTTAAC,3,67
TGCGGATGGTT,3,68
TATCGCTTGGA,3,69
TGGTTGAGGTT,3,70
GGCGGCTGCGA,3,71
AACTATTATTG,4,0
GGATGAACTAG,4,1
GAAGCGTATTA,4,2
TCATTATAGCA,4,3
TAGCTAAGGCG,4,4
AGAAGACTTAC,4,5
GGCGGAGTAGA,4,6
AACCAATAAGC,4,7
CGGACGATACT,4,8
TCCAATTATAC,4,9
GGTAGCGCTGG,4,10
AGAATAGTAGG,4,11
CTTGATCTCGA,4,12
TTGGAATAGGC,4,13
CCTACGCTTGA,4,14
TTAGTATGACT,4,15
CCTCTTACCTT,4,16
GTTGGCAACGG,4,17
GTAGGACCGAG,4,18
CGTTAGATACC,4,19
GGTTAAGTCTG,4,20
ATTGCGTCTAG,4,21
CGGTTAGCCTA,4,22
AACTCATAGGA,4,23
AAGACCGCCAT,4,24
CCTGACTGATC,4,25
AGCAGTAGAAG,4,26
AACCTGCCGAC,4,27
GATTCATGCCG,4,28
CAGCTTGGATT,4,29
AACGCGCATTC,4,30
CCTCTCGCGGA,4,31
CCAGCGAACGA,4,32
CCATGCTGCTT,4,33
GCGTTATCAGG,4,34
TTGACGGTACT,4,35
GTTCTATGCCT,4,36
AACGAAGCCAT,4,37
CTGAGGTAGAC,4,38
CCTATTGAATT,4,39
TTGATACCTTA,4,40
GCTTATGGAGT,4,41
AACCAGGTAAC,4,42
CAACGACCTCA,4,43
GTTGCTTCTGC,4,44
CGATCAAGAAC,4,45
GGCGATTCGAC,4,46
CGATGGTAATA,4,47
GTCTACCATCA,4,48
CGAAGAGCCTA,4,49
AACGTAGCGTC,4,50
GAACCGAGGTC,4,51
TAGACCGGAGC,4,52
TTCCTCGCATA,4,53
GGTTACTCCTT,4,54
GCTGGAGTAGG,4,55
AATACCAATAT,4,56
CAAGTTCCTGC,4,57
AAGAAGGCTGA,4,58
CCAGCCTTAGA,4,59
CCGCTTAGTAT,4,60
CAGAACCTCTA,4,61
TTCTATAGCGC,4,62
TAACCTTCCGG,4,63
ATTCTACTGAC,4,64
CCTTCAGTATT,4,65
GAAGAGCGGTC,4,66
TTAGCAGACTC,4,67
AGAATCCGCAT,4,68
TTGAATCAGCG,4,69
TGCGGCATATC,4,70
CTTGGTATATC,4,71
CCTCTTCTCGG,5,0
TATGGTATACC,5,1
TGCGATACCTC,5,2
TTGATTAGCCA,5,3
TGGACGAAGGC,5,4
GAAGCGACTAT,5,5
ACTTGGCTGCT,5,6
AACGCTGGATT,5,7
TGCGTCTGACC,5,8
GTTCTCAATAC,5,9
ATGGTCTTCAA,5,10
AGGAACGATCA,5,11
CTGGCCTTATT,5,12
TAGGAAGTTGC,5,13
GCGGTCATTGC,5,14
GCGACTGCGAC,5,15
AGTCTTGCGGC,5,16
TCGTAGGTTAC,5,17
CCTGGTCGGTA,5,18
TTCTTCTACGG,5,19
CCGTCCTATGC,5,20
TTGCTCCGTCT,5,21
GGTACGGTACC,5,22
AACTAGTTCTC,5,23
CCATCCAGGTT,5,24
GGTCTGACGAG,5,25
CCATCCGGCGT,5,26
TTCTTGCGATC,5,27
GGTAACCTGAC,5,28
CCTCGTATTCG,5,29
GTTGAAGCGAT,5,30
CGCCAACTCGG,5,31
CGGCGTTACCG,5,32
CCATTGCATTG,5,33
TAGGTAGATAC,5,34
GCGGAGTTAGC,5,35
CCTGCTCCGAA,5,36
GCTTGCCAGTT,5,37
TTGCTCTCAAG,5,38
TAACCTGCTAC,5,39
CGCTCGTACGT,5,40
ATGGTTCCTTG,5,41
AACGTTAACTT,5,42
CCATAATCCAT,5,43
CCAATTGCTAG,5,44
CTCCATGAATT,5,45
CGCAACTCCGG,5,46
CCTCAGAACCG,5,47
AACCAAGAACG,5,48
CTTCGATGGAC,5,49
AAGAATTGGCC,5,50
TGAGGATGACG,5,51
TCGAGATGACG,5,52
ATTGGTAGGTC,5,53
TCAGCCAAGAT,5,54
AACCATCATAA,5,55
ACCAGAACTCT,5,56
CGTTGGCTCTT,5,57
CCAAGACTTCT,5,58
GGTCTCCATAA,5,59
ACCATTAACCA,5,60
GGCGTAGCTAT,5,61
GAAGCGCTTCC,5,62
GTTCGGCGGAT,5,63
AACCGCCTGCT,5,64
CCGCATCGAGT,5,65
CTTCGTTAGGT,5,66
CGTAGTCGGTC,5,67
GCTGAGTACCG,5,68
TTGCTTACGGA,5,69
TGGTATAAGTA,5,70
CCGCCAAGGCG,5,71
CCAAGCCATGG,6,0
TAGTTCCGTCC,6,1
AACCGCAAGAA,6,2
CTGGCTAGACG,6,3
TTGCAAGATCC,6,4
CGTTGGCCTGA,6,5
AGTCTGGCGCT,6,6
GTAGATCGGAT,6,7
CATCGATAGTC,6,8
CGGTTGATTGC,6,9
TATGCGAGCGC,6,10
GAACCTCGTCG,6,11
GATTCTAGGTT,6,12
GGTAGGAGTAC,6,13
TACGATCTACG,6,14
TTAAGTCGGAG,6,15
GGCGTTGACTG,6,16
GTCGTCGCTCG,6,17
TTAGCTGGAGG,6,18
TAGGTCGTCCT,6,19
TGAGTTGCTCA,6,20
CCATACGTCAG,6,21
AACTGAGAAGG,6,22
GTTCAATTATG,6,23
AACCAACCGCA,6,24
TTCGCCTCCGA,6,25
CGCTCCTAATA,6,26
GGCTGGTCGAA,6,27
GCCTAACCAGT,6,28
CCTGAATAGCA,6,29
CTTGAGCGTTG,6,30
GTTATACGACG,6,31
GTCTCATCTGC,6,32
GGTAGTATGCC,6,33
CCGATACGTCA,6,34
GAAGATTCCTT,6,35
GTAAGCGCGCG,6,36
TCCTGACTCTG,6,37
ACCAGCTCTTG,6,38
ACCAACTACCG,6,39
CAGAAGAGGAG,6,40
CCATCAGATTA,6,41
CCGCAGGACTA,6,42
TCTACGTATTA,6,43
AAGAGGAGGCT,6,44
TTAACCGGTTC,6,45
CCGAGCTTCTA,6,46
CTTGGATAACT,6,47
TAATCTAAGAT,6,48
AGACCAATAAT,6,49
TAACCAGCCTA,6,50
CGGTCAATCTT,6,51
TTATGGTAAGT,6,52
GAACTAGGCGG,6,53
AACTGAGGAAT,6,54
CCATATAGTAT,6,55
CCTAGACCTAT,6,56
ATTGATAGTCC,6,57
GGTCAACGTCG,6,58
GAACGGAGAGT,6,59
AACGGCGCGTA,6,60
ATGCATCGGAT,6,61
TGGTACCAGGA,6,62
ATTATCGTTCT,6,63
CTTCAAGTCTG,6,64
TTGCAGCTCAT,6,65
CCAATCGGCTG,6,66
CTTCATGGTAG,6,67
CCATAATCGTC,6,68
TCAGGAACCTC,6,69
AAGAGCGATTC,6,70
TTCGTATACGT,6,71
AACTATGAGGT,7,0
AACTACTAGAC,7,1
CGTTAGCGTCA,7,2
AGGTCGTACGC,7,3
GAATAAGGCGT,7,4
CCAACCAGCAT,7,5
AGAAGTCATAG,7,6
ATGAGTTGCAA,7,7
GTCTAACCTTA,7,8
TATCGCTCATG,7,9
CCAAGTCGTAA,7,10
CTCTCTGGTTA,7,11
GCGCTAGGAAT,7,12
TGGCGCGCAAG,7,13
ACCATCGGATG,7,14
GTTCTAGAGGA,7,15
GGATTACGATG,7,16
GAATAAGTCAA,7,17
CCTCCGTCGCG,7,18
GGTTCTGACCT,7,19
AGAAGAACGCC,7,20
AGAACTCATTA,7,21
CCAGGCCAGTC,7,22
CTTGCGTCGCA,7,23
CGGTTGCTATT,7,24
GCGGTTATATA,7,25
AACCGTCGCAT,7,26
CCATCGACGGA,7,27
AACTGGTAGCA,7,28
CCTTACGCGCA,7,29
AACCTATTCAT,7,30
GTATACCTATA,7,31
CCGATTCGGTT,7,32
GTCTATGGCAA,7,33
CCAGTTAGGTA,7,34
TTCAGTCGTAC,7,35
GCAACCGCCGT,7,36
GGTAGCCTTGC,7,37
GGTAGCTTAAG,7,38
TTGGTCTATGC,7,39
ACCAGACCAAT,7,40
CAACTACGCCG,7,41
TGGCATCGGTT,7,42
AGAAGTCCTGA,7,43
TGATGCGTTGA,7,44
GCTCGTTGCTC,7,45
TTGGCTCGAGT,7,46
TTAGCGTATGA,7,47
TTGCAGTCTAC,7,48
AGAACGGTCAG,7,49
TTCCTGCATCC,7,50
AGAACCGATAA,7,51
CTCCTCCGTAG,7,52
TGGTAACTGCT,7,53
ACCATGATTCG,7,54
TGGCGATTGCA,7,55
GCGAGCTGAAT,7,56
AACCGCAACCT,7,57
CTTCTTGACGG,7,58
TTCCAGATTCG,7,59
CCAGTATAAGA,7,60
CGTCTTACTTC,7,61
CCTGGTACCTA,7,62
GCCTCAGATGC,7,63
AACTCCTCCTA,7,64
GTAACTTGGCA,7,65
AGGAGGTCTCA,7,66
TTCCTCTTAGT,7,67
CTTGCTGAGGT,7,68
CTTGCGAGGAG,7,69
CCAGAAGATAG,7,70
GCTCCGGAGAC,7,71
ACGAGACGGCT,8,0
GGTAGTCTCCA,8,1
TTCGGCTTGGA,8,2
ACGACCTTGAA,8,3
AGTCAGCAGGC,8,4
AACCGATAGAC,8,5
AGACCAACTCT,8,6
CGTTCATGCTT,8,7
TATTGGATCCA,8,8
AACTTGCAGCC,8,9
TTAGCTCAGTC,8,10
GAACGGCAATC,8,11
CTGGTAACTCA,8,12
AAGACTAGTCC,8,13
CCATTCCTTAC,8,14
TTAGATCCGCC,8,15
CGGCAATTGGT,8,16
CGGCGCGGCGA,8,17
TGGTCGCTCAA,8,18
GAACCGTCAGG,8,19
CCGCCATGCCA,8,20
CCTTACCAGCC,8,21
CCATAATATCG,8,22
CCTATTCATAT,8,23
CCGATCGCTTC,8,24
AACGAACGTAT,8,25
AACCTTGCAAG,8,26
TGGCGTCTGAG,8,27
TCCTCTCCTCG,8,28
TTGGTCAAGCT,8,29
CAACCAGCGCC,8,30
TTCTTACTTGC,8,31
CGCTATCCGGA,8,32
TCGGAGCAGAG,8,33
AAGACGAACTT,8,34
TCTATACGATG,8,35
CAAGCAATCTG,8,36
GGTTGGTCATA,8,37
TTACCAATCTT,8,38
GAAGCCAGGAC,8,39
CGTCTCAATTA,8,40
GTAGATGGATG,8,41
TATGGTAATTC,8,42
AAGAACTGGTA,8,43
TTGGTTGAATC,8,44
AACGAGACGTC,8,45
TTCGAAGCCGA,8,46
TTATTGAGCCG,8,47
AACTCCGTTAT,8,48
CGACTCTCGAC,8,49
GGTCGCGCGGC,8,50
AGAATCGTCGA,8,51
AACGGTTCTCC,8,52
TATGATTGGTC,8,53
CGTTGAATCGA,8,54
GCCAGAGTACG,8,55
AATAATTGAAG,8,56
AAGAGAACTGC,8,57
TGGCAGGATGC,8,58
TCATTCAACGC,8,59
CAACCAGTTGC,8,60
TGCGTAGGTAA,8,61
TTGCTCGGCCA,8,62
CAACCGCGCGA,8,63
TTGGCTAGCGC,8,64
GTAGTTAAGTC,8,65
ACGACCTAGGC,8,66
AGTTATCTCCG,8,67
TGATCGTTCCG,8,68
AACTTGAGCAG,8,69
CATCCGCTCAT,8,70
GAACTCGTCGT,8,71
CTTGGACGAGA,9,0
GTTCTTACGTA,9,1
AACGCCATGGA,9,2
TGGTACTACGC,9,3
TTCTTCTATTC,9,4
TTGACTGGCAA,9,5
TTAGCGTCTCG,9,6
CTCTATCTCAG,9,7
AACGGATCAAT,9,8
CGTAGAACTCG,9,9
AACTCGCATGG,9,10
CCTGATGCTAT,9,11
GTCGCGAGTAA,9,12
GCAGTCTCCTT,9,13
GAAGACGTCCT,9,14
AGTAGGCGGCA,9,15
GTTATGGACCA,9,16
GTATAGCGAGT,9,17
GAAGATGAAGT,9,18
GCTGATCTCGC,9,19
TTGAGGTAATG,9,20
GGTACCAGAAG,9,21
AAGACCAGAAG,9,22
GTATTGACGAA,9,23
TTAATGGTACC,9,24
AACTAAGAGTA,9,25
AAGAATAAGTC,9,26
CTCGGCTCCGC,9,27
TACTTGCCAGG,9,28
AAGAACGCCGG,9,29
TGATGGTAGGC,9,30
AACGCCGAGTT,9,31
CGGATTGCTGA,9,32
GCGGTCGTTAT,9,33
CGTTCCAGATG,9,34
GAGAAGCGAGT,9,35
GTTCGTCGTTC,9,36
CCGATGCTGCG,9,37
AGGAAGAGTAT,9,38
CTATATCATGA,9,39
CCAGCAACGAG,9,40
AACCATCGTTC,9,41
AGGAACTAGCG,9,42
CGAACCGGATT,9,43
CCGTCTGCGAA,9,44
CGCCTCAGGAG,9,45
TTGCTAGACCT,9,46
AACTGGACCGC,9,47
AACGCGTCATC,9,48
GTTCTGCCTAC,9,49
TAGGTAGGATA,9,50
TCGGATCCTTC,9,51
CCTAAGTCCTC,9,52
GTATTGGAACT,9,53
GTAGATTCTAC,9,54
AACCAATGCGG,9,55
TAACCGATTCG,9,56
CCGCCATAGGC,9,57
GGAGGACCGGA,9,58
TTGGATCAGAA,9,59
TATGGAGTTCA,9,60
AAGACTAGATT,9,61
CTCTCTAAGTC,9,62
CCAACTCCGAT,9,63
TTAGTTGGTAA,9,64
ACCATATATCT,9,65
CCGGCCTGCAG,9,66
GCCTGACCGCG,9,67
TCGATTGCTAC,9,68
GAACTATGAGA,9,69
TGGCTGAGGCC,9,70
CCTGGCCTTCA,9,71
GCTGCTTGCCA,10,0
GTTGACCTCGG,10,1
GGTCCTAAGTA,10,2
GTACGGCTTCT,10,3
TTAGAATCAGA,10,4
CTCGCATACGG,10,5
TTACCTCGTAC,10,6
TCAATCAACCG,10,7
TTCTTGAATCA,10,8
TTCGCGCGTCA,10,9
AACTGGATCAA,10,10
CGTTGCTGGAT,10,11
CCGAACTGGAG,10,12
TTCGTTCGCGG,10,13
ACGAACCTATG,10,14
CATGCAGTCGT,10,15
CGTTGAACGAG,10,16
TATATCCTTAG,10,17
AAGAAGATGGA,10,18
GTTCGGAATCC,10,19
GTTAGCTGCGC,10,20
GGTTGCTTGAA,10,21
TCATTAGTTCA,10,22
GGTTCATAGTC,10,23
TTAGTTCATCC,10,24
TTCAGAATCCT,10,25
AACGATAGCAT,10,26
TTGATATACTA,10,27
TGAGGTTGGCT,10,28
CCTAACTAATT,10,29
TCCTGCTCTAG,10,30
TGCTGGTTGGA,10,31
CCTGGCTACCG,10,32
CCTCGGTCTAT,10,33
AAGAAGACGCC,10,34
ATATGCGTTAG,10,35
TGGAACTTAAT,10,36
GTCTGCAACGC,10,37
CCGCCTGCAGT,10,38
CAACCATCAAC,10,39
ACCAACTCTCA,10,40
AAGAACCGCCA,10,41
AACCAGCAGGA,10,42
CGATAGAGTCG,10,43
GGTATCCGTCC,10,44
GGATCAATAGT,10,45
AACCTTATCGG,10,46
GGATTGGTCTG,10,47
GCTTGGCGTTC,10,48
AGAAGATAGCA,10,49
TGGTTCAATAG,10,50
AACGTAGAATG,10,51
GGCTTGAGAAG,10,52
GAACGGACCTC,10,53
TGGATTGCCAA,10,54
TGCCGGCGCGC,10,55
CCAGCATTCGC,10,56
CCATTGGTTGG,10,57
GAGTTATTGCG,10,58
CCTGCGCCGTT,10,59
TTAGGAGCTCC,10,60
CCAATGCCGCA,10,61
AGAAGTTGAAT,10,62
CCTCGCTCGTA,10,63
AAGACTAAGCT,10,64
GTCGTCTTCTA,10,65
AACCGTTGAGA,10,66
TCAGCGGCGCG,10,67
CCTCAAGCTAG,10,68
CGATATAACCT,10,69
TCCAACCATAA,10,70
GGCTGCTGATT,10,71
GTCTGAGTAAC,11,0
ATTGGCTCTAT,11,1
CCGTAACTATT,11,2
AGAACTTCTAC,11,3
TTGAGACGGAT,11,4
TCGTAGGAGCA,11,5
ATCGGTAGCTT,11,6
GTTATCGCATG,11,7
GTTGAGTCAAC,11,8
GGAGTTCGTCT,11,9
CTACGACTCGA,11,10
CTGGTCGAACC,11,11
GTATGATCTAC,11,12
GGTCATTCCGC,11,13
GTCGGAACCTT,11,14
GGAGCGTTGGT,11,15
CCAATATATTA,11,16
GGTCTATTAGA,11,17
GCAGAGCTCGA,11,18
GTTGCATTCCT,11,19
CTTGGCCGGCA,11,20
GGTAAGATCTC,11,21
TGAGGTATCTC,11,22
CTCCTTGCTTA,11,23
TTCGATGGTCT,11,24
AACGTAATCGC,11,25
TTGACTCTCCT,11,26
CCTTACTATGA,11,27
ACGAATAATCT,11,28
ACGAGACCTGG,11,29
ACGATATTCGA,11,30
AACCGACTTCA,11,31
TTCAGGTAGGA,11,32
CCGCAACTAGG,11,33
AAGACGACGTA,11,34
ACCAACTCAAG,11,35
CCTCTAATATC,11,36
TTGAATTAATA,11,37
GATGAGAGTAA,11,38
CCGGTATCCAA,11,39
ATGCAGTAACG,11,40
CCAGCTAAGCT,11,41
TTGGCGCCTCT,11,42
AACCTCAACGA,11,43
GTATGCCTCTG,11,44
AACTACCGCGA,11,45
TGGCATCTGGA,11,46
GCTATTGACTG,11,47
AACTCTTCATG,11,48
CGAACCGTACG,11,49
GGTTCTCAGCA,11,50
TTGGCAGTCGC,11,51
TTGATGGATCT,11,52
AGAATCAACTA,11,53
AACGCTACCTA,11,54
CGTTCAGGCGG,11,55
CTCGAGCTGAA,11,56
AGAACCTGGAA,11,57
CCAATGCTGGT,11,58
TGCGCATTCGT,11,59
GGTCGCGTCGG,11,60
CTTCTCTCCGT,11,61
AGAGAACCAAC,11,62
AACTTAAGACT,11,63
TGGACTATACC,11,64
CCAAGCCGAGC,11,65
GCGCCAGCCTG,11,66
TGGTTGGATAA,11,67
TATCTGGCTGG,11,68
GAACTCTCAGT,11,69
AACGAGCATCA,11,70
TCGTTCAATCC,11,71
TTAATGCATTA,12,0
GTAATTGCTCT,12,1
GTCGGTTCCAT,12,2
AGAATAGCGGT,12,3
GTTCAGGCCGT,12,4
CTGATATAGGA,12,5
TTGCCATTAGC,12,6
CCTCTAGCCTG,12,7
GCTCCGCTTCG,12,8
TGGCGTTATCT,12,9
TTGCAGGAAGG,12,10
CCAGCGCCAGT,12,11
TATTATGATTG,12,12
GTTGACCAACG,12,13
CCATTATCAAG,12,14
CCTAGATAATA,12,15
CCGCGCTCTTC,12,16
AACGTTATAAG,12,17
GGTAAGTAATA,12,18
ACCAAGATATG,12,19
TTATAAGCATG,12,20
CAACTAACCGA,12,21
AACCGCCGAGT,12,22
CGACCTGGCTT,12,23
GGACTTATGAA,12,24
ATCTTGGACCT,12,25
CCGGAGATAGG,12,26
AACCTCAGAAT,12,27
GTTGAAGCTGC,12,28
ACCAAGACCGG,12,29
TGACGCATGGT,12,30
GTTGGAGGTTC,12,31
GCAGAGCATCT,12,32
GGTTAACGCTA,12,33
CTTGGCGGCAG,12,34
AGATTGGCGGA,12,35
CGTTGCCGCGG,12,36
CCAACTAGTCA,12,37
TAGTTAGGACT,12,38
GTTGCAAGCAT,12,39
GAACGACGCCT,12,40
AACGCCTCTCT,12,41
AAGACGACCGG,12,42
AAGAAGCGGCG,12,43
ACCTCGAGGCT,12,44
CGGAGGCTGCC,12,45
CCGCAGCATAC,12,46
CCTGCCGATCG,12,47
TTCGTCGACCA,12,48
TGGATTCAAGT,12,49
AAGTAACCTCT,12,50
CGCTTCTCATT,12,51
GGCGGATTGGT,12,52
CCTGGAACCGC,12,53
TGCCTGCTCTA,12,54
CTGGCTCTCTG,12,55
AACTCTCAAGC,12,56
GGCGGCAACTG,12,57
AGAACCGGCTG,12,58
GTTGACTCGTC,12,59
AAGAGATAAGT,12,60
GCGGTATAAGC,12,61
TGCTTCGTTCA,12,62
GGTTAGGCGCA,12,63
TTCTAGGCGCT,12,64
AACTGCCTTGC,12,65
CGTTAGCGCAT,12,66
GCCTGCTTACC,12,67
TGCGGTTCTCT,12,68
GCAACTCGAGT,12,69
AGAAGTAACTG,12,70
AAGAGACTGCG,12,71
GTTCGGTTCTT,13,0
CGCTTCTGCTC,13,1
GGTCATACGAA,13,2
CCGAACTCTAC,13,3
AAGAGATGACC,13,4
TCGCGGAATGC,13,5
GCAGCCAATGG,13,6
ACCAATCTAGC,13,7
GCATCGGTAAG,13,8
TCGTCTCGGCA,13,9
ACCAACGGCCT,13,10
CCGCCGTTCGC,13,11
AAGAGCTCTGG,13,12
CCGCCTTCGAC,13,13
AACTAATGGAA,13,14
CGGAGTAACTA,13,15
AAGAGCAAGTT,13,16
TTGCAGTACGA,13,17
TGATGGTTGAT,13,18
AACTAAGGCGC,13,19
TTAGATCGATA,13,20
AGGTTCGATGC,13,21
TGCGGCAGGCA,13,22
CGGAGCTTACC,13,23
CTGGATACTGC,13,24
GAGTCGAAGTA,13,25
AACCGTTCGCA,13,26
CCATCAATTAG,13,27
GTTGATCATAG,13,28
AACTATCGCTT,13,29
GGTCCTACGGT,13,30
GTTGGAATACC,13,31
TCGTCTGAATG,13,32
TATAGCCGCAG,13,33
GTCTCGTCAGA,13,34
AGACCAAGACC,13,35
AGTTATTCGAG,13,36
AACGTCTCATA,13,37
AACCGAACTGG,13,38
GGTCGGTTGCC,13,39
GTACTGGCGCC,13,40
TTGCTATCGCA,13,41
TTGGATATCCG,13,42
GCCAGCTACGA,13,43
TGGCTGATTAT,13,44
CCTCAGGAGAG,13,45
GAACCTTCGTA,13,46
TAACCATCGAT,13,47
GCGGCGGATAC,13,48
AACTCAGATAC,13,49
GGCGTACTTGA,13,50
TGGTAGCTATA,13,51
CAACCAGGATC,13,52
GGTCGATCCAG,13,53
TGAGCGGTTCT,13,54
AGGCTTAGATA,13,55
TTGGATCTGGC,13,56
GTATGGAGATT,13,57
AACTGAATGGA,13,58
CTCCTAGGAGG,13,59
TCGTTGGTCCG,13,60
CCTGATCTATT,13,61
AATAACGAGAT,13,62
GGTCAAGAACT,13,63
TAAGGCGGCCT,13,64
AACGATAGAGA,13,65
GTATATCGAAC,13,66
AACGGAACGTT,13,67
CTCCTTAGCTG,13,68
CCTCTACTAAT,13,69
CGCGCCGGATA,13,70
TGGAGGCAGTA,13,71
CCTGCCTGCTT,14,0
GCTCTCATAAG,14,1
TTCGAGATCAT,14,2
GGTCCTGGAAT,14,3
GAACCATGCGC,14,4
AACTAGCCTGA,14,5
GGTATGAATAT,14,6
GAGGTCGCTTA,14,7
GAGTTCTGGTC,14,8
GAGGTATCGTA,14,9
TGAGGCCTTCA,14,10
GTCATTGGCGA,14,11
CGGTAGAGGAC,14,12
TGGTACCGTAG,14,13
CCGTTACCTCG,14,14
TAACCAGTTAG,14,15
CATCATTACTG,14,16
CCAGAACTCGT,14,17
TGGATAGCGTC,14,18
GAACCGCTCAG,14,19
GCTCGCCTGAC,14,20
CGGTATCCTGC,14,21
CCATGGCCAGC,14,22
CCTTCTGAAGT,14,23
AACTTCCATTC,14,24
GGTTGGTAACG,14,25
TTGATAGATTC,14,26
TTATACGTATC,14,27
GGTCGCAGAGA,14,28
GGAGGCGGAGA,14,29
GGTATTCCTGG,14,30
TCGCGGTACGT,14,31
TTGCCTTGCGT,14,32
CTCGCAGTAAT,14,33
CGAACCTGAAC,14,34
GAACCGGCGAG,14,35
TTATATAGCAT,14,36
TATATCGGAGG,14,37
AACGGAGATAG,14,38
CGGCTGCGTCA,14,39
GCTTGGATAGT,14,40
AACGGATAATA,14,41
GTAGCCGAGAA,14,42
GCTCCTACCAA,14,43
TAGGCCGGATT,14,44
CGCCTCAATCC,14,45
CCATGGACCGG,14,46
AACGACGGCAA,14,47
GGTACCTAGAC,14,48
TGCTCTACCGT,14,49
GGATCTCTCAA,14,50
CTAGCTCCTAT,14,51
CTGGTTATAAC,14,52
AACCTTGATGA,14,53
CCAAGGAGAGT,14,54
AACCTCGGCTT,14,55
CCAATAATAGT,14,56
GGAACCAATCA,14,57
AACGTACTACG,14,58
CGGCTGCGCGC,14,59
AACGCAGCATA,14,60
AACGATCTCCA,14,61
TGATGGATGCA,14,62
TGAGTCGCTTG,14,63
GGCGGAGAGTT,14,64
GACTTGCATAA,14,65
CATGGTTGCTC,14,66
TTAGCATCGTA,14,67
CCAATGACCAG,14,68
GGTAACCAACC,14,69
CGTAGCAGTTA,14,70
TGGATCGGTCT,14,71
GAGTTCTAGGA,15,0
CCAGACTACTT,15,1
GAGGCTGCTAA,15,2
AAGACTCGAAC,15,3
CATCGGCTTAG,15,4
AACCAAGACGA,15,5
TGAGGTTGCAG,15,6
AACGGACGACT,15,7
ACCAAGCGAGA,15,8
GGTCTGCCGTC,15,9
GCATAAGCGAT,15,10
GTTATAATTCT,15,11
GCCTTGATCGC,15,12
GTATTGCCTGA,15,13
ATGGAGATGGC,15,14
CGGTCAATTCC,15,15
TTGAGAGGCGT,15,16
TCAACTCGATC,15,17
GGTAGAGTTAT,15,18
AACCGAGCAAC,15,19
GCGAACGCTGC,15,20
AACTTGCTCTT,15,21
GTAAGCGACGA,15,22
CCAATTCGACC,15,23
AACTAGGTTCT,15,24
TTCAGCGGCGA,15,25
TTGGCAGCTTG,15,26
AACTCCAGCAA,15,27
CGGTATCTTAA,15,28
GCGGTTGATAA,15,29
ACTTCCGATTA,15,30
AACTAAGCATC,15,31
GAACCGATGGA,15,32
ACCTCTCTTGG,15,33
CTCATCCTAGC,15,34
AACGCGCGGTT,15,35
CCTCATACCGG,15,36
GGTAATTCGGA,15,37
AACGCAAGCGA,15,38
AACCTAACTCA,15,39
CCAAGCGCATG,15,40
CTACGCGAGCA,15,41
TAGCTTGCGGC,15,42
CTCTTGGCCTA,15,43
TGACTGAGGAA,15,44
TTCGCTCGAAG,15,45
CTGGTCTGGAG,15,46
TCGACCAAGAG,15,47
CTCGGCTATCG,15,48
CTGATGCATAT,15,49
CTTCCGATATA,15,50
TTCGGACTCGG,15,51
GCCGATTCCTA,15,52
AGAAGCTCATT,15,53
GCTGAGCTTGG,15,54
AAGAGACCAAC,15,55
GAACGTCAGAG,15,56
CTAGCTCAAGA,15,57
GGATGGATACG,15,58
GTTGATACGCG,15,59
CAACCGATCAA,15,60
GTATCCTAATC,15,61
AAGAGATCATG,15,62
TTCTTCCGAAT,15,63
AACCGCAGCTG,15,64
CCATAAGGATG,15,65
GGATGGCTCAT,15,66
GCGTTGGCCGC,15,67
TGAGCGAGTCG,15,68
ATTGGAGATTG,15,69
GCTTGGCATAA,15,70
TCAGCCATCCT,15,71
AACGGCGGTAT,16,0
CTGAGTCTAAC,16,1
AACGAACTTCC,16,2
AACCTGAGGCA,16,3
ACCAACTTACC,16,4
GCTGGCGGCGC,16,5
AACGAATACCA,16,6
AACGACCGATA,16,7
AACTGCTCTAA,16,8
AACCAGAGCGC,16,9
ACTTGGTCGCA,16,10
TTGCATGGATA,16,11
TTGCGCCAAGG,16,12
CCGGTTGACGG,16,13
AGAACCTATCT,16,14
AACTAACTAAT,16,15
CTCCATCTGCG,16,16
GCCGGCGCCTC,16,17
CGATGATGAGC,16,18
AAGAATCGGTT,16,19
GAAGATGGTCG,16,20
GGAGTCCGAGG,16,21
GTTATTCCATC,16,22
CTTGATCGACT,16,23
CTGAGAACGAA,16,24
AGAAGTATGAC,16,25
CCGCCTGGAAG,16,26
TAGTTGGCTGC,16,27
ACCAACCAGAG,16,28
TTGCGCTGGAT,16,29
TGGTTACTTCA,16,30
AACGACCAACC,16,31
TGGTTGGTACT,16,32
CGTTGAGACCA,16,33
AACCTTAGCTA,16,34
AACCAAGGCCT,16,35
TTCGACCAGGA,16,36
ACCAAGAGGCG,16,37
CAGCAACTCTT,16,38
TGGTCATTCTA,16,39
TGCGCGCTGAC,16,40
CGAACCATCGA,16,41
AACTGAAGGAC,16,42
TTGAGGAATAC,16,43
TGCCGGAAGTA,16,44
GCTGGTATAAG,16,45
GGATTGAGCGG,16,46
TGGAATTGAGA,16,47
TGGTCTTAGCG,16,48
TTATGACGCAG,16,49
CCTTAAGCATA,16,50
GGTCGCGCATT,16,51
GTATTATGCGT,16,52
CCAAGCTAGGA,16,53
AACTCTACTGG,16,54
GTTCTAGGTAA,16,55
CGGCCAGACCA,16,56
TGGCTCTAACC,16,57
TTGGAATCTTC,16,58
TAGTCTTCGTA,16,59
AACTGGCTACT,16,60
CGTCCTCAGCT,16,61
AACTCAACCTC,16,62
GTTGAATAGTA,16,63
CCGCTACTGGT,16,64
CCAGCGCGGAC,16,65
CCTCAGTTCAA,16,66
CGTCGATCGTT,16,67
TATTGATCCAA,16,68
GGTAGTCGACT,16,69
ATCCAGACCTT,16,70
GCTCCATGCAG,16,71
TGGATCTCCAG,17,0
GTTGACTATAC,17,1
ATAACCAAGTT,17,2
AAGAACGACTA,17,3
TATTCCTGCAT,17,4
CTCTATCTGGT,17,5
CTCTAACTAGA,17,6
CCAACCTATTG,17,7
TCGCCGAGAGA,17,8
TATATGAAGAT,17,9
TGGTTCGGAAG,17,10
GTTAAGTTCGC,17,11
GCAAGAAGCCT,17,12
AAGAGAAGAAT,17,13
CTGGATTCCTT,17,14
CGCAACTCTAT,17,15
CGTAGGTCATC,17,16
AGAACTGACCA,17,17
GTTGGCTAGAA,17,18
AACCAACGGTT,17,19
CGTAGGTTGAC,17,20
GATTAGATTCT,17,21
AGAAGAATAAG,17,22
GTAGGTAACGT,17,23
GCTTAGTATTC,17,24
GTTGGTACTAT,17,25
AACGCTCAATA,17,26
CCTCTAAGGAG,17,27
GGTTACTAATG,17,28
GGCTTCGCCAG,17,29
GTAGTTCTGCC,17,30
CTGGACCATAA,17,31
GCAAGGCTGCT,17,32
CGTTGATTGGC,17,33
CCAACTCCTGC,17,34
CCGATATACCG,17,35
GGAGGTAGATT,17,36
AACTGCCGGAT,17,37
TCATGGCGCGA,17,38
CGGAGATGGAC,17,39
GTTCATCTACC,17,40
GGTTCTAGATC,17,41
TTCTTAAGTAT,17,42
TGGCATATATA,17,43
GGTTACGACGC,17,44
GGTCTTGGTTC,17,45
AACGCAGAAGC,17,46
GCATAGAACCG,17,47
CGTATCTCTAC,17,48
AGAACTAGCAG,17,49
TGGCTCGAATG,17,50
TTCCAATAGAT,17,51
GAACTACGTAT,17,52
AACGACTCAAC,17,53
CCTGGTTCGAT,17,54
GTTGCTCCGAC,17,55
CCTTCGATCCA,17,56
TTCGCCAGGCC,17,57
TTGAGCGATAG,17,58
CCATATGGCGC,17,59
CAACCTAACGG,17,60
AACTTACGGAG,17,61
GCAACCGGACG,17,62
TTGCCTGATGA,17,63
AACGCTCTCTG,17,64
GTATTCGCCTA,17,65
CTTGGACTAAT,17,66
CGAACCGAGAG,17,67
GATTGAGAGCA,17,68
GGTATGGTAGG,17,69
AACGTACCAAC,17,70
TATGCTCCTTC,17,71
TGCTCGGAGGC,18,0
GCTCTTCTCAA,18,1
TCCAAGCAAGC,18,2
GGCTGGTAGGT,18,3
GAACTTGGTTG,18,4
CGACCATCGAA,18,5
CTCCAGCCTTC,18,6
ACGAATACGCA,18,7
AAGAACCGAAT,18,8
CGCAAGCGATT,18,9
CTTGCTGCCGA,18,10
CTCCTAACTTC,18,11
TAGCTTAGCAT,18,12
AGAAGCGGAAC,18,13
CTTGATTGGTA,18,14
CCGCCATAATG,18,15
TGAACCAATTG,18,16
TCAGTTCATAA,18,17
TCCGTCCTTAG,18,18
ATTCGATAGCA,18,19
AACCGATCCGC,18,20
CCAGATTCGCC,18,21
AACGCGCAACG,18,22
GTTAACGTTCC,18,23
GCAGCCTCAAT,18,24
TTCTCCTCCTG,18,25
CCTCTTAGGCT,18,26
TTGGTCCAAGA,18,27
TTATCTCCTCA,18,28
TTGCCTATGGC,18,29
CCAAGCTTGCC,18,30
TATTGAGATGG,18,31
AACTAATTCAG,18,32
AACCAGCCATC,18,33
TAACGAGCTCT,18,34
AAGAACGGATG,18,35
CCAACTTATAA,18,36
CTAATCTTAAG,18,37
TTAGGCTACTA,18,38
GGATTGCAGTT,18,39
TACGCTCTTCT,18,40
GGTTCGACCAA,18,41
GTTCAGAACTG,18,42
TCCATTACTCG,18,43
GCGAACCGTCC,18,44
GAACTGACGAC,18,45
ACCGAACGGCG,18,46
GGTTACCTTAT,18,47
TAAGTTACTAC,18,48
TTCCAATTCGT,18,49
TAGGCTACCTG,18,50
TGGATAGTTGA,18,51
AACCATAAGTA,18,52
CCGGCGGCGGA,18,53
TTGATTCGAAC,18,54
AGTTCTGATGA,18,55
AACGGTATTGC,18,56
AACTCATCTCA,18,57
AACTGGTCAGT,18,58
TGGCTCCTGGT,18,59
AGAACCTAATG,18,60
CCTCTCTACTA,18,61
CCATTCAATAG,18,62
AACCGATATGA,18,63
AACCGCCGCCA,18,64
GCTCGACTCGT,18,65
TTGGCGAAGAT,18,66
GTTAGGCCGTT,18,67
TTAGGACCAAC,18,68
AACCGCTATTG,18,69
CTGGAGCTCTT,18,70
CCGCCGATCTG,18,71
CCATCTTACCT,19,0
CTGGCTTAACT,19,1
CCTTAAGTTGA,19,2
AACCAGCGCTG,19,3
CCGGACGCCGC,19,4
CAGCAATACTC,19,5
CTGGTCTATTG,19,6
GGTTGAGCATC,19,7
TTGCTTGCATT,19,8
CCTCGTACTAA,19,9
AGAAGAGACCG,19,10
GGTATCGTCGC,19,11
GGTTAGAGTCC,19,12
CCAACGGCAAT,19,13
CCGGTACGGCG,19,14
AGTTCAGACTA,19,15
TGCTTCGCCTC,19,16
ATTCTGCTTGA,19,17
ACCAAGCCTTG,19,18
GCGTTATGATC,19,19
CAACCGAAGAC,19,20
TTATATCAGTT,19,21
TGCAGTTCGCC,19,22
GTTAACGATGG,19,23
GAACCGAATTG,19,24
ATTGACGCGCC,19,25
AAGAAGACTTG,19,26
TGGAATTGGTC,19,27
CGAATCGCGGC,19,28
GCTTGGAACCT,19,29
TTGGTCTCCAT,19,30
ACCAATCCGCC,19,31
GCATGGATTGG,19,32
CCTCGTCTAGA,19,33
TAATGGCAGTT,19,34
CCTTCATGACG,19,35
TGGCCTCTAAC,19,36
AGAACTACGAA,19,37
TTCCGCTAGAG,19,38
ACCTCTCCTAT,19,39
CCTACGGCCAG,19,40
CCTATCCGGTA,19,41
AAGACCGCTGC,19,42
GCGGTCCATCC,19,43
CCAGCGATAGC,19,44
CGTATTAGCTC,19,45
TGAGGCTCGTT,19,46
CCAGCTAATAG,19,47
AAGAGATACCA,19,48
CCTCTCCTAGC,19,49
ACGAGCTTCGC,19,50
TCGGTATTAGG,19,51
TGCTGGAGCCT,19,52
CAACCGCATCC,19,53
TGCGATGATCA,19,54
GCAGAACGCAT,19,55
GGTTGCAGCTC,19,56
CAACCGCCAGC,19,57
GGTTGGTATAT,19,58
GCTCATGACGC,19,59
TGGATATCTTG,19,60
TGAGGCTGGAA,19,61
TGGCATGGAGT,19,62
CCAATTGCCGT,19,63
GTTGCGCTTAT,19,64
ATGGTATCCTC,19,65
TCATCGCTTGA,19,66
TGCAGCGTACC,19,67
CTCCAGATCAG,19,68
GATGGCTTAGA,19,69
TCAACTACTAG,19,70
GCTATCCGCGA,19,71
CCGAATACTTC,20,0
GTTAGGTAGTA,20,1
GTTGGTTGAGA,20,2
AACGCCAGGCT,20,3
GTTCCAGGACG,20,4
AACTACGACTC,20,5
ATGGTTCTATC,20,6
TGGTCCTATTG,20,7
CCTGCAATTAC,20,8
GAACCGATTAC,20,9
GTCGAGTCTGA,20,10
AACCAACTCCG,20,11
TCGAGGTTATT,20,12
ATGGCATCTTA,20,13
AAGAGAATCCT,20,14
GGTTCCTGCAA,20,15
TATCAATTGAT,20,16
GTTATTCAGTA,20,17
CCGTTATCTAT,20,18
GCTCCGGTAAT,20,19
AAGCAACTTAT,20,20
GGTTAAGATCA,20,21
TCGTCTGGTAG,20,22
TGATCTTCAGA,20,23
GTCAAGTTCCT,20,24
AACGAGTTGGA,20,25
AACTACGGATT,20,26
AACTTGGATGC,20,27
AGTACGGAGCA,20,28
GGTTCGTACCA,20,29
GTTCTTACTCC,20,30
GCCTGCTGGTC,20,31
CCAACGCTGCC,20,32
CTGCGAGCTGA,20,33
GCCATTGGCAT,20,34
TGATGCATTAG,20,35
ATTGGTCAACT,20,36
AACCATGATCT,20,37
GTCCAGGAGGA,20,38
TTGACTCCGTC,20,39
GTTATCGGCGG,20,40
GTCCTTGGTAG,20,41
TGGATGAATTC,20,42
CTTCCGAACCA,20,43
AAGGAACCGAC,20,44
CTGCTGGTTCT,20,45
GGTACTGACGC,20,46
GTTCGCTGGCT,20,47
AACGACCATTG,20,48
CGGAGTCTTCA,20,49
GTTCTTAGCGG,20,50
ACGAATTCCGG,20,51
CTGGAGGTTAG,20,52
CCAGTAGACGT,20,53
TGACTGATAAC,20,54
GAACCATTGAC,20,55
GCGTCTCTGGT,20,56
GCTGGTCCGCA,20,57
GTTATGGATTG,20,58
GGATGCCTCGA,20,59
TTGATAAGTAC,20,60
GCTTCGCGAGT,20,61
TCCAAGCGATG,20,62
CTGGAGCGATA,20,63
TCTAGTTCGCA,20,64
TGGAGACTCTT,20,65
GTTCTAGCGTC,20,66
GGCAGGTTACC,20,67
TGGTCGCGAAC,20,68
TTGGCGCGCGG,20,69
TCCTCCTTGCT,20,70
ACCAACTCCTC,20,71
TTGCGTCGACG,21,0
ACGACGGTATT,21,1
TTATATAGATG,21,2
CCATACTGCGG,21,3
CGTTATATCAT,21,4
AACGACGACCT,21,5
GGTCGGCGAAC,21,6
CTGCGGTCCGC,21,7
TGCGAGAATCT,21,8
GAACCTATGCG,21,9
GCCAACCGTTG,21,10
GAACGAACTAT,21,11
TGATTGCTACG,21,12
GCCTCAGCTTG,21,13
TATGATTCGGT,21,14
CAAGAGATATG,21,15
TCAATGACTAA,21,16
GCTGCATGGTC,21,17
TGGTCCGTTAT,21,18
GCTGGTTGGCC,21,19
TTCGCTTCGCA,21,20
CCAGTCTAGAA,21,21
GTTAACCATAA,21,22
GCTGCCTATAG,21,23
GCTGGTACGAC,21,24
CCAATCCATAA,21,25
TCAGCTACCAT,21,26
TTCTGACGACT,21,27
AGAACGCTCGC,21,28
CGCCAAGAGGT,21,29
GTTAGAACCGT,21,30
TCCTCGCGACG,21,31
GAAGGAACTGG,21,32
TTGGCAGAAGA,21,33
CGACCTTCATC,21,34
GTTAGAGAGAA,21,35
GTTCTGGAATT,21,36
GCTGCTGCAAC,21,37
AGAATAACCGC,21,38
GAGGAGCAACG,21,39
TATACTTGCGA,21,40
TGGTACCTAGT,21,41
AACTCAATGAG,21,42
GGTTCGCGGAC,21,43
GGTCTGAACCG,21,44
CTTGAGAAGGA,21,45
AGAACTCTATG,21,46
TTGCAAGCGAT,21,47
TTGACCGTAAG,21,48
GTACGGTATGA,21,49
TTGGCATGCCT,21,50
CTTCGTTAATC,21,51
GTTCGGTCTCT,21,52
TGGCGACCGAA,21,53
GAAGAGCCATT,21,54
GCGCGCGATGG,21,55
AACTAATCAGA,21,56
ACGCCTCGTAG,21,57
TTGCTATGCGA,21,58
AAGAACCTAGC,21,59
TTGGATACGTT,21,60
GGTCATATCCA,21,61
AACGCAATACC,21,62
TGATATGGTAT,21,63
TTGGATTCGAC,21,64
TCAAGAGCTGC,21,65
TCCGTTCGGTT,21,66
TCGCAATTAAT,21,67
TGGAATGCCTC,21,68
CCAACCGACCG,21,69
ATCCAAGGTAC,21,70
GGCTGCGGTCA,21,71
AAGACTGACGG,22,0
CCATCTGATGG,22,1
TGGATACGGAC,22,2
GGTCCGGACGA,22,3
TTGCCGCATAT,22,4
AACTCCTGAGA,22,5
TTAGGTCCTTC,22,6
CCTCAACTCCG,22,7
GGATTGAGTCT,22,8
CCATAACCGAG,22,9
AACTGCATCCG,22,10
AGGAACTGAAC,22,11
AATAACCAATT,22,12
TTATTATTCAT,22,13
ATCTTCTCTTA,22,14
GCGGTTGCCTT,22,15
CGTTAATCTCT,22,16
CGATAGGTTAG,22,17
AAGAACTCGAG,22,18
TCGGCTGGCGG,22,19
CGTAGAGTAGG,22,20
AACTTCTTAAT,22,21
TTGCCGCTGGA,22,22
TCGCTGGTAGG,22,23
GAGTCGCGGCC,22,24
CCGACGCTCAA,22,25
CCAGCGCGTCA,22,26
GGTATTATCGG,22,27
TGAGTAGAAGA,22,28
AGAACTACTCG,22,29
GTCTGATCGCT,22,30
CCAGAGTTATA,22,31
TGGCTCAGAAT,22,32
TTGACTTAGAG,22,33
AAGACGCGACT,22,34
TCCATGAAGGT,22,35
ACGATACGGTA,22,36
GGAACCAGTAC,22,37
GGTATGCAAGC,22,38
ACCAAGACTCC,22,39
AACGCGAGTAC,22,40
AGAAGACCAGC,22,41
ATGATCGTTGG,22,42
AACCAACTGAC,22,43
AAGAAGATCTC,22,44
CTCTCTGGCAG,22,45
CCTAACCTATA,22,46
TTATATCTTCG,22,47
TCCTATAGTTC,22,48
TTGCGAGTAGT,22,49
GTTCGTCCAGT,22,50
CCAATACCTTG,22,51
TCATACCGGCG,22,52
CGCATTCTGGT,22,53
TTGGACCGTTG,22,54
GTTCCTCGAGC,22,55
AACCGCCTCGG,22,56
CCAAGAACTAA,22,57
AACTCGGCAGC,22,58
ACCAACCTCTT,22,59
TCAGCGTCGTC,22,60
AGAAGTTGCCG,22,61
TCCTAGAGGTA,22,62
CTCTACCTTCT,22,63
AGAATACCAAG,22,64
ATTATCTAGAA,22,65
AACGGCATAAT,22,66
GAGAACGTCTT,22,67
GGTCGGCATTA,22,68
GGATTACGGAC,22,69
AAGAACTCAGA,22,70
GAACTGGCAAT,22,71
AAGCAACCTTA,23,0
ACTCAGTAACC,23,1
CGGCGAAGTTG,23,2
CTCCTAACGCG,23,3
GTATGAGGAGA,23,4
CTTCCATTGGT,23,5
AAGATAACGAC,23,6
GTTGAGAAGCC,23,7
AACCTCGCGGA,23,8
AACGCGAAGTA,23,9
AACGGCTCGGT,23,10
GTTCTCGTAGT,23,11
CTGCTTCGGCT,23,12
CTTACGGTACG,23,13
AACGGTCGATG,23,14
AACTCAGCCAA,23,15
ATTCTCTCCTG,23,16
ACGAATTGATA,23,17
AAGAACGCGCA,23,18
TCCAAGTACTT,23,19
CCAACGATAAG,23,20
TGGTTAGCCAG,23,21
GCAATTCAGGT,23,22
TGGTAGATGGT,23,23
GTCCTCGCCTG,23,24
GGTCGGACTGC,23,25
TGGTCTAGCGG,23,26
CTAAGTTCGAA,23,27
TGAGTCTATAT,23,28
TGACGATAGCT,23,29
AACGCCGCTGA,23,30
CGCGAGAGATA,23,31
GTCGGTCGTCT,23,32
CTATTACGCGA,23,33
AGAACCGGAGA,23,34
AGAAGACGGTT,23,35
CGGAGGCTTGG,23,36
TTGCCGTTGAT,23,37
TTATCGAAGAA,23,38
CAACCAAGTAC,23,39
ACCAGCCAGTT,23,40
GTTAATATCTT,23,41
ACGCCAAGATG,23,42
GTTCTCGCTGC,23,43
CCGACTTCTAT,23,44
GGTAGATAGGA,23,45
CCTACGAGGCA,23,46
AGTTATCCAGC,23,47
TTCTCGGCTAA,23,48
GTAGAGGAGCG,23,49
TGGCCGTCTGC,23,50
AGAAGATAATC,23,51
TCGAAGTATCA,23,52
ACCAACCGCGG,23,53
GAACCTCTTAT,23,54
CTCGGTCTGGA,23,55
CGTATTCGAGA,23,56
AGAACGGCTAT,23,57
ACCATAATACT,23,58
TCAAGATTAAC,23,59
AACTACGCTTA,23,60
TTGAGAGAGGA,23,61
TTATCCGACCT,23,62
TTACCTTCTAA,23,63
TTGGAGGATTC,23,64
GGTTGAGAGAC,23,65
ACCAAGAGCTC,23,66
GTAGCTTGCTC,23,67
TTCTACCAATT,23,68
CCAGCCAGTAC,23,69
TGACGGTCCTT,23,70
GCGCTCTAATA,23,71
GAAGATGAGCC,24,0
AAGAGACCGTT,24,1
TTCAGGAGGCA,24,2
AAGAGTCTGGC,24,3
CAACCAGCCGT,24,4
TGGTATTGATG,24,5
GAAGCCGCAGT,24,6
TTGATTGCTCG,24,7
CCGCAAGCTTC,24,8
TGCTGCTATCC,24,9
TGGCTGCGCCT,24,10
ATCTTCTCAAC,24,11
TGGCTATCAAT,24,12
AAGAGAAGCGA,24,13
GTTCCGGTTCC,24,14
GCGGTCCGGAC,24,15
CAGCATCATCA,24,16
TGGATAAGTCG,24,17
CTTGGTAATAG,24,18
TCCTGACGCAA,24,19
TGGCCTTCATG,24,20
AACCGAAGCGT,24,21
ATTAGGCGGAG,24,22
AGAACGCAAGG,24,23
TGGATAGAGAA,24,24
TCGTATAACGA,24,25
GGTCGATTAAT,24,26
AACTTGGAGAT,24,27
TTGGTTATGGT,24,28
GGTAAGAGATT,24,29
CCATTCTGAAC,24,30
AGAATATCTAT,24,31
AAGACGCCTTC,24,32
TAACCGCTGGT,24,33
GTTCCATATTC,24,34
TTGGCTTAAGG,24,35
GAGTATAAGTT,24,36
GTTATGAGCGT,24,37
GGCTACGTAAG,24,38
AACGCTTGCCA,24,39
ACGACGAAGCG,24,40
AAGAGCCAGCA,24,41
GTTCAACGGTT,24,42
GTTCGTCCGCC,24,43
CCATTCGCTCA,24,44
CTGAATATAGA,24,45
CGGTATTAACC,24,46
GCAACCATAGC,24,47
GTTCCTTCCTC,24,48
AACTTACTTGG,24,49
CCATCAATCGT,24,50
TGGACGTCTAA,24,51
TTGCCATCATT,24,52
GGATTATTAAC,24,53
AACCAGACGCT,24,54
CCGCCTCGCTA,24,55
AACGCTCCAAG,24,56
CGACCTATTCT,24,57
CCGACGCGAGT,24,58
AGAACTGCCTT,24,59
GGACGAGCCGC,24,60
AGTCTGGCTGA,24,61
TTGATTCTTAA,24,62
GGTTATGGCGG,24,63
GGTTGAGCTGA,24,64
TCGGCGTAGAC,24,65
CTGATCCAACG,24,66
GTTACGTATCG,24,67
TATTCTCTCAT,24,68
TTGCAGTTATG,24,69
TGGCGTCAGCA,24,70
GGTAGACTCTC,24,71
AACTACGCCAG,25,0
TCGGAGGTACT,25,1
AACTGACTGCC,25,2
TAGTACGGTAA,25,3
AACTATCTGGA,25,4
AGAACCAGTTA,25,5
TGGAAGGTTGG,25,6
GGTTGGAATCA,25,7
ACGATGGCGGT,25,8
GTTCGACTGCT,25,9
CGACCTCATCG,25,10
CCGACTGGTAA,25,11
CTTGGCGACGA,25,12
CTTGAGAGTAT,25,13
TGATACGAGCT,25,14
ACGAATGACCA,25,15
AACTCGCGAAT,25,16
TTAGTAGTTCT,25,17
CGTCGTAACTG,25,18
TGAGAGTACTT,25,19
AATAACGACCG,25,20
GGACTATTCGG,25,21
AGTCTTCCAGT,25,22
TTCAATGACGG,25,23
TGATTCGGCCT,25,24
CGACCAGCTAT,25,25
GAACGATCCGT,25,26
TGGTCATGGTT,25,27
GTATCTACTAC,25,28
CTCTCTTCGGA,25,29
CCTCAGCAATT,25,30
CCTTCAATCTG,25,31
AACGTCGTCCG,25,32
GAACCATCGCG,25,33
TTGCCAGCGGA,25,34
GGTTAACGAGG,25,35
TTAGTACGTAC,25,36
GATTCTCGCCA,25,37
AACCGCGGCGC,25,38
CCAACGCAGAG,25,39
GGTAACTGGTT,25,40
GGTAGCGGTCT,25,41
TAGTCTTGCTC,25,42
TCGTTATTACC,25,43
GAACTTATAGA,25,44
AACCGTAATCG,25,45
CCAACTTCGCA,25,46
GCTTCAGTCCG,25,47
TAACCGACCTG,25,48
CAGTTGGTAAT,25,49
AAGAAGCATCT,25,50
GCTGATTAACT,25,51
TTGCCTCCGCA,25,52
AACCAATCGTC,25,53
AACGCAACGCA,25,54
ATGGCTCTACG,25,55
CTCCGCGAGAC,25,56
GTCGTTATTGC,25,57
CTACTGACCTA,25,58
GAACGAGTACT,25,59
CCTCTTAATCA,25,60
CTCTTGGAGGT,25,61
TGGAGCGGACG,25,62
CCGATGAGAGA,25,63
AGGTTATCATA,25,64
CGTTGGAACGT,25,65
CGAACGTATTA,25,66
AGAAGTCGCTA,25,67
CTCCGGCAGGA,25,68
AGAACCAGCGC,25,69
AACGGACGCAG,25,70
TGCTGCCATTG,25,71
AACCTCTATAC,26,0
TTGCTCGAGAG,26,1
TGGTTCAGCAA,26,2
AACTCTAGCGC,26,3
AAGAGACGGAA,26,4
TTATCAGCTCG,26,5
TGACGTTCAGG,26,6
TGGAGCTGGAG,26,7
CTGATAGAATT,26,8
GGTTACTCGGC,26,9
CGACCGACTAG,26,10
TCCTCAATCTT,26,11
GTTGCGATTCA,26,12
CCTCCGCTGGT,26,13
AAGACGTTAAT,26,14
CCTCTGATACT,26,15
GCTTGGAGAAC,26,16
TTGCGGTAACT,26,17
TTGGAGGTCGG,26,18
AGAACGAACTC,26,19
AACCGACCGGT,26,20
GGTTGATATCC,26,21
AGGTTATAAGT,26,22
ATAAGAACGGT,26,23
TGGTAGGATCT,26,24
AACCGTTACTC,26,25
GCGGCTTATGC,26,26
TTGAGCTGACT,26,27
GTTCCTCAGGT,26,28
CGATTGCTGGC,26,29
TCAACCTGGAG,26,30
GAACTAAGCTC,26,31
TGGACCAGCCA,26,32
GGTACCAACCT,26,33
TGCTGCAGCTG,26,34
GTACCTACGGA,26,35
CTGCCTTCCGA,26,36
AACGAAGCTCG,26,37
GCTCAGTCGTA,26,38
GTTATCATCAA,26,39
AACTGCCGCTC,26,40
AACGTCAATAT,26,41
ACCATATTGAA,26,42
GAGCATGGTTA,26,43
TCCGTCTGGAG,26,44
ACCAACCAACT,26,45
TCGGCATGATG,26,46
ATTGGATACGG,26,47
AACGGTTCCAA,26,48
AAGAAGAGAAC,26,49
CCAACTCGCAG,26,50
AACCTCCATGG,26,51
CTTGAGGATGC,26,52
GCTGATATCCG,26,53
TTAGGAAGCGG,26,54
AACCTCCAATA,26,55
AACGCTCGCGT,26,56
AACTGGCCGTC,26,57
GTTCGGTCATC,26,58
GCAGAGTCGTT,26,59
TGGTTCCTCTG,26,60
AACTCGGCCTG,26,61
TTATGACTATG,26,62
CCATCAATACC,26,63
GAACCATACTG,26,64
CCAAGAGAACT,26,65
GTTATCTTAGC,26,66
GGTTGATGCTG,26,67
CTGGTACTGGC,26,68
CAACCGCCGAT,26,69
CTGCCAGAATC,26,70
CTGGAAGTAAC,26,71
AGTTAAGTCGA,27,0
TGGCTCGTTGG,27,1
TGGACTGCGAT,27,2
TTGGCCATAAC,27,3
TGGCGAGGTCG,27,4
TGGCCATGCAA,27,5
AACCAGACCAG,27,6
TAGGTTCCTCT,27,7
AACCAGAATGG,27,8
AACTCGGAACT,27,9
CTTGCTATAAT,27,10
GAGGACCAATC,27,11
AACTGAGTTCG,27,12
AAGAGAACCAG,27,13
TCAACGCTCTT,27,14
CTGGCGTTAGA,27,15
AACCTAGCGCT,27,16
GAAGCATCATT,27,17
CTATGAAGGTT,27,18
TTGCGCCGCAG,27,19
CGGCTGGCGCG,27,20
TTGGTTGCGTA,27,21
ATACCAAGAGG,27,22
TATCCTCGCTG,27,23
CATGAAGTATG,27,24
CCAATGCTTAG,27,25
GGTCGTCGCGT,27,26
TCCAGGTAAGG,27,27
GTTAGTCTCGT,27,28
CCATGATGACT,27,29
AACTCAGGACC,27,30
GTACTTGGATC,27,31
CCTTCTTATTA,27,32
ACGAGACTCCA,27,33
GGTATCTGGAG,27,34
AAGAATCCATC,27,35
AACGCATACTC,27,36
CCTGCTATCGA,27,37
AACCATAACGT,27,38
TGAATTGCATT,27,39
GGCTACCAGCC,27,40
GAAGCGCGGCT,27,41
GTTGCTTGACG,27,42
AACGAGAAGGT,27,43
GTTCCGGCGAA,27,44
TCGGCTGCTGA,27,45
CGGTTCTAAGG,27,46
CGGAGTACGAC,27,47
AACTACGTACG,27,48
CGTCTGGCTCC,27,49
GTTGAATCTTG,27,50
AACCTAACGAG,27,51
AACCTCGAGAG,27,52
ATATAGTACCT,27,53
CCTCTCAGTAA,27,54
GGAGTTGGCGA,27,55
GGTCGAACGTC,27,56
TTACTTAGGAG,27,57
AACCTTCCGCG,27,58
GCTTCGGCGCT,27,59
CCTATTGGAGG,27,60
GGTTGCCGAGT,27,61
CCAAGCCGGAG,27,62
AACCTAAGCCG,27,63
AACCGTATGAC,27,64
GTCGAGATCCG,27,65
CTAGGTATGCG,27,66
AACGCATCCGT,27,67
CTCCATAAGGT,27,68
GTATAGTCATA,27,69
CTCCAAGACCT,27,70
AACTCCAATCC,27,71
GAACGCGATCG,28,0
GTATGCTTCAT,28,1
CTCCGCGTCGT,28,2
AACCTGAACTC,28,3
AACCGCATAGA,28,4
AGGTAATGCTT,28,5
TCGCATCCTAA,28,6
GGTTGCGTCTA,28,7
AACTCATTCGC,28,8
CCATCGGAGTC,28,9
CCTCCGCATAG,28,10
GGTAATGAGCC,28,11
TGATTGAATGC,28,12
CTTATATGCGC,28,13
AAGAATTATAA,28,14
GGTTATCTCGA,28,15
AACTCCGAGGC,28,16
TAAGAATCGTT,28,17
CAACCATATAT,28,18
CTCCTCCAATT,28,19
CCAGTACCTAT,28,20
AACGGCAGGAG,28,21
ATGCCTGACCA,28,22
TCGAGCGCTTG,28,23
CCTGGTTGCAG,28,24
TGGTCAGTTCG,28,25
AACGTCATCAA,28,26
AACGTAGGTTA,28,27
CCAATCATCAA,28,28
GGTAGAGAACC,28,29
TGAGGCGATAG,28,30
CCAATCGCAAC,28,31
TGATAGCTCTG,28,32
GGTATGACTCC,28,33
TTCCAATGCAG,28,34
GCCTTACCGGA,28,35
GATGCCTGGTA,28,36
TTGAATTGCTT,28,37
CCGGTCTACGA,28,38
CGCGGCAGCCG,28,39
TGCGGTCAGTA,28,40
AAGAGCGTAAT,28,41
TGGACTTACGC,28,42
AACCGAGAGCA,28,43
TTCCTCGGACC,28,44
CGCTCGCCGCG,28,45
TTAGGCTTGCC,28,46
TCATGCTACGG,28,47
TAGTCTTATAC,28,48
CCAGATTGCAA,28,49
GAGTTGCCGTA,28,50
TAGGATGGAAT,28,51
CTGAGGCGTAA,28,52
AACCGGAAGTT,28,53
TTGCATAATAA,28,54
GCTGCTGAGGA,28,55
ACGCAATGGCT,28,56
TAACCTAATGC,28,57
GAGAACGGTAC,28,58
CGTCTCGTAGG,28,59
GTTGGCATGCT,28,60
AGAACTGAGAT,28,61
CCAGGAACGTT,28,62
CATGCGTTATA,28,63
TTGAAGCCGGA,28,64
AAGAGCCGCGT,28,65
TTGATATGGCT,28,66
GAACGCCTGGC,28,67
CCGGCTCGACC,28,68
GTAGTCAACTT,28,69
TCAACTGATTG,28,70
TCGTTACGGAA,28,71
CTTGGCGCTCC,29,0
GAAGATCAGAA,29,1
TGATTGGACCG,29,2
GCTTGCTCTGC,29,3
TTCGTAATAAT,29,4
CAGCAGAATTA,29,5
AACTTATCGGC,29,6
GACCTATCAGC,29,7
AACGGATGGCA,29,8
AACTATGAACC,29,9
GACCAGGCCGA,29,10
ATTCTCGATAA,29,11
CGCGTTGATCG,29,12
AACGTTCATGC,29,13
TCCTCTAGCAT,29,14
CGTCTTAAGCG,29,15
AAGAACTGCGC,29,16
GTTAGACCTTC,29,17
AACTGCAGGCA,29,18
GTCGATGAGAA,29,19
CTTGCCGGACC,29,20
AACTACCTTAA,29,21
GGTTCTGCGCG,29,22
AACCTGATCCT,29,23
CGGTCTAAGGT,29,24
AACGCAAGTCG,29,25
CCAGTCATTCT,29,26
CCGCTAGTAGA,29,27
TTATAGTTCTC,29,28
AACCGCTCATT,29,29
CGGTCTGGAGC,29,30
TTGCGACCTTC,29,31
CTTGGCTTGAC,29,32
GTTCCGACTTA,29,33
TGGAAGGCCAG,29,34
AACGGCGTCGA,29,35
TGGCGAGTTGC,29,36
ACCGAAGAATT,29,37
CTTGCTTCTCT,29,38
CTGCCGTTACG,29,39
GAACGTTCTCA,29,40
ACGTCAACTCT,29,41
AACCAGCAACT,29,42
GGAGTTAAGGA,29,43
AACGTCGCTAG,29,44
TGCTCGTACTC,29,45
GCTATGATTGG,29,46
GTCTGACGGAT,29,47
GGTCCGACGCC,29,48
TGGCAGTAGAC,29,49
CGGCTCGCTCA,29,50
TGGAGACGATG,29,51
TGGTATGGCAG,29,52
AGAAGAAGACT,29,53
GGATTATGGTT,29,54
AAGAACGATAG,29,55
TACCTCAGTCT,29,56
ATTCTCAGCCT,29,57
TATTGCTGAGG,29,58
AAGAACCTCAG,29,59
CCTTGATCATT,29,60
GTAGCGTTCGC,29,61
TGGATATTCAA,29,62
TGCTAGTTGCG,29,63
GTTGAACCATT,29,64
CCAGCCTCTAA,29,65
GAACTTCGCGA,29,66
CCGCCAACCTT,29,67
ATGGTTCGTAT,29,68
GTCTTCGGCGC,29,69
CCGTAGATTAG,29,70
ATAACCGAAGG,29,71
TGACGGCGTAG,30,0
AACCGGTCCTA,30,1
CCAGTAATCCG,30,2
TTAGCGAGACC,30,3
TTGAACCAGTC,30,4
GGTTATCGTAG,30,5
TTGGTAAGGAG,30,6
CTTGGAAGGAT,30,7
AACTAGGACCG,30,8
CTACTCAGCAG,30,9
GGTTAGTTAGG,30,10
ACGCCAATAGT,30,11
CTTCTTCTCAT,30,12
TTGCTCTAGGT,30,13
CGGCTTGAGTC,30,14
GTCGACGCGGA,30,15
GCATATCTCTA,30,16
AACCTGGAAGG,30,17
CGTCTATACCG,30,18
TTATTGCAGGA,30,19
GGAGTCGACCG,30,20
TGGAATTCTTA,30,21
GTTGCAGATAC,30,22
AGAATAATATC,30,23
CCGGTCCAGAG,30,24
CCTTACGGACT,30,25
AAGAAGAAGAT,30,26
AGTTACGCAAC,30,27
CCAGAATGGTT,30,28
TCGGTCGAGCC,30,29
GGATCGCGCCA,30,30
ACTTCTCAAGA,30,31
AACCAGATAGT,30,32
GGTCGATACTC,30,33
AACCTGGCCAA,30,34
GTTGAGCTCTA,30,35
CGCAGAGAGCA,30,36
CCAACCGCTGG,30,37
GTAGGTTCCGC,30,38
AACCTTCTTAC,30,39
AACCAACGCAA,30,40
AACTCAGACTT,30,41
AACCAGAGTAT,30,42
TGGAAGATATC,30,43
CGGAGGATTAT,30,44
GAATAACTACC,30,45
AACCTATGGCC,30,46
GGATCCTGCTC,30,47
TCCTTATGGTC,30,48
CCGTCTACGGC,30,49
AGGTTCGTCTC,30,50
AGAATCCAAGC,30,51
AACCGCCTAAC,30,52
GAACGATGGCC,30,53
TGCCTGACTTA,30,54
AACGATATATC,30,55
TGCGTAATTAC,30,56
CGCTTAGGCCT,30,57
AACCTCCGTCC,30,58
AGAAGCCTCCA,30,59
CCTCATCGTAA,30,60
GTTCCAAGGAA,30,61
GCGTTAGACTC,30,62
GGTCTTGAGAC,30,63
TCCTCTTATTG,30,64
ATTGATATCTA,30,65
GTATCTCCGGC,30,66
GGTAGGCCGGC,30,67
AACCTCCTCTC,30,68
TTGCTGGCCGC,30,69
CGACCGATCGT,30,70
GGTAATAATAA,30,71
ATGCTCCTACC,31,0
AACCGCCAGTC,31,1
ACCAACCGTAT,31,2
GTTCAGCATAT,31,3
AACTACTTAGC,31,4
ATGGTTCCAGA,31,5
ATTAAGATGAA,31,6
ACCAACGAGCC,31,7
GGTCTTAGCAT,31,8
GGCTGGAATTG,31,9
AACTGGCAGGT,31,10
CCTGAAGTCAA,31,11
TGGCGGCGGAC,31,12
AACGTAATATA,31,13
GTTATTGCGTT,31,14
AACGCAGACCG,31,15
TGGCGAGAGAC,31,16
TATTGGCCAGC,31,17
TCGGATCTAGT,31,18
GCGGACGTTGA,31,19
GCGGATGCTGG,31,20
AACTAGGCAAT,31,21
AGTCGTCAGGA,31,22
GTATAGGATAC,31,23
CTTGCCTCTAC,31,24
TTCGTATGAGA,31,25
CGAAGAATCCA,31,26
CGCTAGACGCA,31,27
AACCATAGTCA,31,28
AGCTCGCTATG,31,29
GGTACCGGTAA,31,30
CCTCCAATAAG,31,31
ACGCCTCATTA,31,32
AACTACCAAGT,31,33
TCATGATCATG,31,34
TCAAGCGTTGG,31,35
AGAACGCATCC,31,36
TTGGCGATATG,31,37
AACGCGATCCG,31,38
CTCAACCTAAG,31,39
TGCAGTTCAGA,31,40
GCGAGGTATCG,31,41
TTATGCTCAAC,31,42
GAGAAGGCTCT,31,43
AACTCCGGAAG,31,44
CCAGGCCGCAA,31,45
GGAGTTACTGG,31,46
TTCGCTGCTGG,31,47
TAAGAAGGTCC,31,48
CTGGATCAGCT,31,49
GAACTACTGAA,31,50
CTTCCGACCTG,31,51
GTTGAATAAGG,31,52
TGGCCTGAATA,31,53
TGATATCGTCA,31,54
TGGTACTTGCC,31,55
AACGGCTGGTC,31,56
CGTTAGAATAG,31,57
CAAGAACCTGA,31,58
GTTCTAACGCT,31,59
GAAGATCCGGT,31,60
AAGAAGATACT,31,61
GGCTTCTTGAG,31,62
CCGCTCGGCGT,31,63
TATATGATTAA,31,64
CCAATGGCTCC,31,65
TCGGATATGCA,31,66
TTAGATTCCTC,31,67
CCATATCAGGC,31,68
CTCCGCAGTTA,31,69
CAAGGTAACCG,31,70
CTTCGCGTATA,31,71
AACCGACGTAC,32,0
TTGCTGCCGGT,32,1
AAGAGCGGCCG,32,2
GAACCTCAGGA,32,3
TTCGGTCATAT,32,4
CCGCTTATATT,32,5
AACGGACCGAA,32,6
TTGGCGCAATT,32,7
TGGTCCTGAGC,32,8
CCAGCTAGCGG,32,9
TGCCTGCAGGC,32,10
GGCTGACTAGC,32,11
TTAACGCCGAA,32,12
AACTAACGTCA,32,13
TTGCTGCGGCG,32,14
GTTAGAATAAT,32,15
GCTGGCCGTCC,32,16
TGGATTCTATA,32,17
AAGAGTAATCA,32,18
TGAATATGGTA,32,19
GTCGGTAGGAG,32,20
TGACTGCTTCA,32,21
GTTAGGAGGCC,32,22
GCTGGTCATTC,32,23
AACTGGAGTCC,32,24
TGGCATTGCAT,32,25
AACTAGATCGG,32,26
GTCCAAGAAGT,32,27
GTCGACGAATG,32,28
GGTAGGCCTAT,32,29
GTTCAGCGCCT,32,30
CCTTGCTCAAC,32,31
AAGAGATTGGA,32,32
GTTCTGAAGGC,32,33
CAGGAGAGGTT,32,34
GGTTAGCATAC,32,35
AAGCAACGAGT,32,36
GTTGCTTATCA,32,37
TGGAGACTACC,32,38
GGTTCGCCTCC,32,39
GTACGCAGCTC,32,40
ACGAACGTTAT,32,41
TTGCGTCGTAT,32,42
GTCCAATGCGC,32,43
GTCGCGGTAGC,32,44
TGGTTAGTCGT,32,45
CCATACCTTCG,32,46
TGCGGCTTAGT,32,47
AACGTCCGGAC,32,48
CTGCAATCGTA,32,49
GAACGCTCATA,32,50
CGTTATGCTAC,32,51
TGCTTGCGGCG,32,52
TGGAAGCGCTT,32,53
GAACCTTAATC,32,54
AACCATCTATT,32,55
TGGCCTGGCCA,32,56
TGAGGCCAGCC,32,57
TGCGTCGGCCG,32,58
TGGCGGAAGCT,32,59
TTGCGGCCTGA,32,60
TAACCGAGCGT,32,61
ATTGGCGTACG,32,62
GTTAACGACCT,32,63
TCCGATCCATG,32,64
TCTAGGAATAA,32,65
CGTTCTATGAA,32,66
TGCTGGCAACC,32,67
GCAACTACGGT,32,68
CGGCGATCTAA,32,69
TCAGTATTCTT,32,70
TTCTATACGAC,32,71
GAGGTCAGCGA,33,0
CTTCGCAGCGG,33,1
GATCTAGGCAT,33,2
TTCGTCCTGGT,33,3
GCAGAGACCGT,33,4
AACCTATCTTG,33,5
AACGCCAACCA,33,6
GGATTAGCTAC,33,7
CCGGCTGGATT,33,8
TGGTTACCTAC,33,9
AGAATAGCCAA,33,10
AGAAGAGAGAC,33,11
AACGCAACTGC,33,12
AGAATAGGATT,33,13
CGAGCAGCAAG,33,14
TCGAGAGAATG,33,15
AACCAAGATTC,33,16
TTGAGGTTCTA,33,17
CCAACGAAGTT,33,18
GAAGAGAATAC,33,19
GAAGACTCGCG,33,20
GTCGGTTATAC,33,21
CGGTAGATTCA,33,22
TCGGTAAGACG,33,23
GTAGAGATATC,33,24
CAACCTAAGCA,33,25
ACCTGCAACCA,33,26
CTTGCCTAGGA,33,27
AACTCGAAGCG,33,28
GTTGGTCAGAT,33,29
CTCCGACCTAG,33,30
TTAGATAGGCG,33,31
CTGGTTGGAAT,33,32
CCAGAACCATT,33,33
TCATCGGCTTG,33,34
AACCGTCTCTA,33,35
AGAATCGAGTT,33,36
TCTATGATTCC,33,37
TAGTCGGTAGA,33,38
GTTCCAGGCTT,33,39
ACCAAGAAGGC,33,40
AACCGCAATGC,33,41
TGGTAAGTATC,33,42
AAGAATCCTCA,33,43
GAACTAGCCAA,33,44
AACGCGCTAAC,33,45
GGTCCGCGCTG,33,46
AAGACCAGCCT,33,47
TCATATCAATG,33,48
AACGTACGCCA,33,49
TGCTGGTCTTC,33,50
CGCAGTAGTTG,33,51
AACCGAAGAAG,33,52
AACCGATACCG,33,53
AACCTCATGGT,33,54
GCGGCTCCGGC,33,55
CGCCAACTTAA,33,56
AAGAATGCGAT,33,57
CGTTAGATCGG,33,58
TCCTTAGTAAC,33,59
GTCGTCATGCC,33,60
TCTATGAATTG,33,61
GCTCTGGCCTT,33,62
CCATTCATACG,33,63
ATCTGGTACTG,33,64
AACTCTCCTCC,33,65
AACCGGCAGAG,33,66
GCGTTAAGTAA,33,67
GTCGATAATTA,33,68
TTCGATCGGTC,33,69
CAGAAGAGCTA,33,70
CCTCAGCGGCA,33,71
GCTGCTATGAT,34,0
CGTTCATGGAC,34,1
GGTCTCGGCCT,34,2
GTCGTAGCGGT,34,3
GGTATTAGTTA,34,4
CCGAACGTCGT,34,5
TATTCGTTGCT,34,6
TGAGGTCGATC,34,7
GGTCCTCATGA,34,8
GAGGCGTTATT,34,9
GTAGAGCCGCA,34,10
GAGAAGCTGGC,34,11
TGGTACGCGAC,34,12
TGATTACCGGT,34,13
AGAAGGTACCT,34,14
TAACCTAGGCT,34,15
AACGAATCGAG,34,16
GGCTGGTTATG,34,17
GTCGGTATGCA,34,18
CCGTAATAAGC,34,19
GCTTGCGAGCC,34,20
CTTCCTGCTAA,34,21
CGTTGAAGTAT,34,22
GCTGGTCAAGG,34,23
GGATTGCTAGA,34,24
ATCTTCAGCTA,34,25
GCGCTGGAAGA,34,26
AATAACGGCGT,34,27
CCGGTATGATT,34,28
AACGAGGAATC,34,29
AAGAATAGACG,34,30
TTGCCTTACTG,34,31
ATTAGTAGAAT,34,32
GTCTGAATCTC,34,33
CCTCTATGAGA,34,34
CAGTTATACGA,34,35
GCGTTGCAGCC,34,36
AACCAACTAGA,34,37
AGACCAAGCGT,34,38
GGTCGTAAGGC,34,39
TTGCCATTCCA,34,40
GAGAAGATGCG,34,41
CTGAGATTCTC,34,42
GTAGTATCCAT,34,43
TCCGCAGCGAA,34,44
TAACGAGGCGT,34,45
CGTCGTATCGT,34,46
GTTACCTGGAT,34,47
CGTTGACCAGC,34,48
AGTCTCTGGCT,34,49
GTTCGCTTAGG,34,50
AAGACGTATGA,34,51
CGGTTCGTTAA,34,52
CAGGTAAGAGG,34,53
TTGGTAATATC,34,54
CGCAATGCGCC,34,55
TCCTTCCTCCG,34,56
CTAACCATTCA,34,57
AGAACGCTTAA,34,58
CCATAAGCCGG,34,59
TCCGCTCTCCG,34,60
ACCAGCCGGCG,34,61
TGGAGGTCAAT,34,62
TGATAGAGTAA,34,63
CTTATAGGCTA,34,64
GCCTCTTACCA,34,65
TGGTCTGAGTC,34,66
AGTTGGATGGA,34,67
TTACGTCCAGC,34,68
GGTATGAGCTG,34,69
GCGGTAGGAGG,34,70
CGGTATGCGCA,34,71
CCAGCAAGGTC,35,0
CGGAGTTCAGC,35,1
CTTCCTTGGAT,35,2
AACCAAGGATA,35,3
TTGATCGCGCA,35,4
TATTGGTACTC,35,5
TCCTTCCATGC,35,6
AACGACTGGAT,35,7
GCGTTCTGCTA,35,8
CGGCTCAGATC,35,9
CCTTATACGTA,35,10
TGGATGCGAGG,35,11
AAGAAGAACCG,35,12
AGTCGTTGCAG,35,13
GTTGGTCTTAC,35,14
AGGTTCTATAA,35,15
CCAACCATGGT,35,16
GAACTCTGGTT,35,17
TCAACCTGCGC,35,18
AGGCTAATTCT,35,19
CGGAGAGGACC,35,20
CCAACCGATAC,35,21
GGTTGCCGGCC,35,22
TGAGCTACGAG,35,23
AAGAACTCTCC,35,24
TTCGTCTCTAA,35,25
GGTCTAACTTA,35,26
TACTGATATAG,35,27
GAACCTGACCG,35,28
AAGATAACTTA,35,29
GCTCAACCGGT,35,30
TGGCCTATGCG,35,31
TTGCGGCCAAG,35,32
AACTTATACGG,35,33
AACGCGAATCT,35,34
CCTCCGAAGGA,35,35
TTGATCTCCGC,35,36
CCATCCTTCTG,35,37
CCAGGCTCATC,35,38
GCGTTGGATAT,35,39
CAACCGAGTCT,35,40
GTCCGTAGTAT,35,41
AACCAACCAAG,35,42
TTCTAGACTGC,35,43
TGAGCTCATAC,35,44
CTTCTACTGCA,35,45
AACCATGGCAG,35,46
TTCGCCTAACG,35,47
GAGAAGAGGTC,35,48
TCCAATCGAGT,35,49
CTGCGATCTTG,35,50
CCGAACCAAGC,35,51
ACTACTTATTG,35,52
CCGCCTTGCAT,35,53
AACGCATATGG,35,54
AACGGAGTATC,35,55
AACCTACCTAT,35,56
CGGCTTGGAGG,35,57
TGGAGAAGGCC,35,58
TTAGTTCGAAT,35,59
TCTAGCTTCGG,35,60
AAGATAAGATG,35,61
CTCAGGCCTCG,35,62
GGTCGTCCGAG,35,63
ATTGGAGAGAT,35,64
TGGAGTCGCAA,35,65
CCAGAGGAGAC,35,66
TAACGCATTAT,35,67
TGAGTTCTCTT,35,68
GAACCATGAAT,35,69
GCAGATACCTC,35,70
CCAACGACGAC,35,71
AGAGTCTCCGA,36,0
CCTAGAGCTTG,36,1
TTGCTGAGACT,36,2
AAGAGATAGTC,36,3
GTAAGGAGCGA,36,4
AAGAGCATGAC,36,5
TTCTGCCATAA,36,6
GGAGTATATAC,36,7
CCATATCTCGG,36,8
CTTGGTTCAGC,36,9
CGACCTCTTGA,36,10
AACCAGGTCTA,36,11
CCAAGGTTGAT,36,12
ACCAAGAGAAT,36,13
AACGGTCAGAC,36,14
TAACGAAGGTC,36,15
TCATCGTCCAA,36,16
AAGAGGAGCTG,36,17
GGTCTATGGAT,36,18
GCGGAGTTCCT,36,19
TGCTGGAACGA,36,20
AGAAGCAGGAG,36,21
AACGAGCGGCC,36,22
CCAAGACCGCC,36,23
CGTTATGAACT,36,24
AAGACCGGCGA,36,25
CCTTCCAACGG,36,26
CCTGCATCGTA,36,27
AAGCAAGATCA,36,28
TTGCATTGAAC,36,29
TTCAAGAGGTT,36,30
CCTCCTTAACG,36,31
CGGATGCCGTT,36,32
AACCTATAGTA,36,33
AATATACTCTG,36,34
TTAGTCGTATG,36,35
CTCCGAATATG,36,36
AACTACCGAAC,36,37
CTTCCTGAAGA,36,38
GTAGACGGAAC,36,39
AACTTCCAGGA,36,40
GAACTTAGTAC,36,41
GCAACCATCCA,36,42
CGGTTATTCCT,36,43
CCGCCAAGAAT,36,44
GTAGTAAGGCC,36,45
TGGTATCAGAT,36,46
CCAGCCGGAGC,36,47
GTTCTGCTCCA,36,48
TTGCGGTTGGC,36,49
GTAAGGATATA,36,50
TTCCTAGCTCT,36,51
ATAGTTCTCGT,36,52
AACGTCATTGG,36,53
CCGCAGGTAAG,36,54
CTTGATTCATG,36,55
GCCATGCCATG,36,56
TTGCGCGTACG,36,57
TTGAGCCGGTA,36,58
TCGTTACCAAG,36,59
CGTAGTTACGT,36,60
TATCTCCGCTA,36,61
TGGTCAATACT,36,62
ATTGGCGTCTT,36,63
TCGTTGAATGA,36,64
AACCGCGCAGG,36,65
AACGCCAGTTA,36,66
AACGCCTCAGG,36,67
TATATCTGCCG,36,68
TTCCTGGTTCA,36,69
AACGCCTATAA,36,70
GGTCGCTACGA,36,71
CGACTTAATAG,37,0
CCTACGTCATG,37,1
GAGGTAGTATC,37,2
AGAACCGAACC,37,3
CGTTGCATGCA,37,4
CTCCGAACGTA,37,5
TTGCGGCTTCG,37,6
CCTCTCGTCTT,37,7
TTCTACGCAGC,37,8
CCGACGAACTA,37,9
AACGCCAAGAC,37,10
GCTCTCATTCT,37,11
AACGGAATAGG,37,12
AAGACCTGAGT,37,13
TTCGCTGATTA,37,14
ATTGGTCCTAA,37,15
GAACTTCATGG,37,16
TCCTAGACTCG,37,17
TTGCTTAATCT,37,18
CCGTAGCTACC,37,19
CGGCGTCCTGA,37,20
AACTATATTAC,37,21
ATGGCGTCGTT,37,22
AAGAGCATCGG,37,23
GGTCTCCTGGA,37,24
TATCTTGGATA,37,25
AACGTTAGGCC,37,26
AACGTTACTCG,37,27
CGCAACTGATC,37,28
TTAGCCGCCTA,37,29
CCATACTCTCC,37,30
CCGACGTTGAG,37,31
GAACTCCAGTC,37,32
CGGCGTCTTAC,37,33
AACTCGACTAA,37,34
GTTCGAATTGG,37,35
GGTATAGATAC,37,36
CGAGTAACTTC,37,37
AACGCATTGAC,37,38
CGCGTAAGTCA,37,39
TAAGAAGTCGT,37,40
AACCTGCTAAG,37,41
GGTCTACGAGT,37,42
TTCATCTCTCG,37,43
GTTACTGAGCA,37,44
CTTAGCGAGTC,37,45
AACGACTACGG,37,46
AGGTCCGTTGA,37,47
AACCGCCATAT,37,48
GAACGCAACTT,37,49
TTGGAGGCGCG,37,50
GTTACTCTACT,37,51
CTTGCAGCGCT,37,52
GATGGTATATT,37,53
GATTCGGACTG,37,54
CCATACCATTC,37,55
TGCTGAGTCAT,37,56
CGTTATCGGCT,37,57
AACTAGCGGTA,37,58
TGGTCGATCTC,37,59
AACGAGACCGA,37,60
TTGAGGAACGG,37,61
GTTGGTCAATA,37,62
CCAGAGAGGAG,37,63
GAAGCGCCGGC,37,64
CGTAGCTCGGT,37,65
GAACCGGAAGC,37,66
ACCGCATCCAA,37,67
ACCGAACTTAA,37,68
CCGTCCATCCT,37,69
TGCTAGCCGTA,37,70
AAGAAGGTTCG,37,71
CTTCATGCTCC,38,0
ACGCGCTGGAG,38,1
TGGCGTCAATT,38,2
CTAATTCCTTA,38,3
TCTATCGCGCG,38,4
CGATGCGTCCT,38,5
GTTGCCGTCAG,38,6
CCATTAGAGCC,38,7
GGCGTCGTAGC,38,8
GGTATCTATTA,38,9
TTATCGTCTAC,38,10
CGGTAGAACCG,38,11
TTATTGGCAGG,38,12
GCCTCGCCGGT,38,13
TGATATCTTGC,38,14
CGCCATAGGAT,38,15
CTGGAGACGTC,38,16
AACGGCCTTCG,38,17
CCAGCGCAGTA,38,18
ATAACCAGACC,38,19
AACGCGCCAGT,38,20
CTGGCGGCATA,38,21
TGGTCATCTCA,38,22
CTGGTTGCGCC,38,23
CTTCGGAATAA,38,24
GAAGCTGGCTG,38,25
ACCTAGTAACG,38,26
ACCATACTGGT,38,27
TATTCGTAACC,38,28
CTTGGCCTGGT,38,29
AAGAACCGTTC,38,30
CCGGTTGCATA,38,31
TTGCTGAATTG,38,32
TCAACTGACGT,38,33
AACGTATAGGT,38,34
GAAGAGGAATG,38,35
AAGACCGAGCC,38,36
GAACGATATAA,38,37
CTCTTGGTAGC,38,38
GGAGGTTATCT,38,39
TAGTTACGATG,38,40
TAGTTGCTAGC,38,41
GTTGCAGTATT,38,42
CCAGACCGAAG,38,43
CTGGATGATCG,38,44
GAACGAGAATG,38,45
AACGCGTAAGA,38,46
AGGTTAATATT,38,47
CCAACCAGGCC,38,48
CGTCGCTGCTG,38,49
TGATATCGAGG,38,50
GTTGGCAATTA,38,51
CGTTCGGCCGC,38,52
GTTAATGCAAC,38,53
GGTTCAGGTAC,38,54
AACCTAATAAC,38,55
AGAAGTCAGGC,38,56
ACCTCCGGTCA,38,57
AACGATAATCC,38,58
CCATTATTCGG,38,59
TATCGTTGCAT,38,60
GTATGATGATC,38,61
GCAATACGAGG,38,62
CTTGAAGGCAT,38,63
CCAATTGATGC,38,64
AACCAGATTCC,38,65
ACCATATGCTC,38,66
TCCAACTATGG,38,67
GCTGGAATCTG,38,68
CGGTCTTCCAG,38,69
GAACTCAGATG,38,70
TATTCGGCATA,38,71
TAGAACGGCAT,39,0
CCTGGAAGTTA,39,1
AAGAGGCCTCG,39,2
CCAAGCTCTCA,39,3
TTAGTTGCGAC,39,4
CTTGGACTCGC,39,5
CGGTTGAGACG,39,6
CAGCGCAATCG,39,7
CCATCGACTAT,39,8
GTTACGACGAT,39,9
TGGCGGATCGC,39,10
GCCTATTATCG,39,11
AACTCGTTCCT,39,12
CTCCAACCAGG,39,13
CCATTCGTCTA,39,14
CCATGACTCTA,39,15
CTCTGGTATCA,39,16
GTATGGTTGAA,39,17
CTTCATTCCAT,39,18
GAACCTCGCTT,39,19
CCTATCATGCG,39,20
GAAGAGACGCC,39,21
CGACCTGAGGT,39,22
GCTCTCAGGTA,39,23
CGGCTGGAGGT,39,24
GTTGAGCATTC,39,25
CGAAGTCTAAG,39,26
CTCCTCCGCCA,39,27
GGATATAGCTA,39,28
CGTTCGCTTAT,39,29
ATTCCGGAGGT,39,30
CGTAGGTAGTT,39,31
TGGTACTTCAA,39,32
GTAATACTTAA,39,33
CCGCTTGCGCT,39,34
ACGAACGACGC,39,35
CTGGTAATCAG,39,36
TTGGTCTGACG,39,37
GATGGATCAAC,39,38
AACGAGCCTAC,39,39
AAGAATTAGGT,39,40
AGGTTACGAGG,39,41
TTCGAATCCAT,39,42
GATATATCTTA,39,43
TGGTCCAGATT,39,44
CCAGCTCTCCA,39,45
CCTCAGTCAAG,39,46
CCGAGACTATA,39,47
AGAACGTTGAT,39,48
CTTGCTAACCG,39,49
GAAGATCTAGG,39,50
TTAGGTACCTG,39,51
GTTGGACTCAG,39,52
GCATTCTAACC,39,53
GTTCTAGGAGC,39,54
GGTTGAGGACT,39,55
CGTTGGAGACT,39,56
AACGTCTCTGC,39,57
GCTTAGGTAAC,39,58
AGAACGTACGA,39,59
CCGCATGATAA,39,60
GTCTTCGTATA,39,61
GGATGGAGAGA,39,62
TTAGTCTTCAG,39,63
GCTTGGACGTA,39,64
AGAACCTCCAT,39,65
GGCTATGATCC,39,66
GCTGAAGGATA,39,67
CTATTGCCATG,39,68
GTTGGTAGCCT,39,69
AACTTACCGTT,39,70
ACCAGATGCAA,39,71
CAGAACGAGCT,40,0
TGGTAAGCTAA,40,1
AGAACGTCCTG,40,2
CCGCCGGTCCA,40,3
TCAGTCTCAGG,40,4
TCAACTTCATT,40,5
CAACCGACGCG,40,6
GTTAGAACGCG,40,7
CATTCTTCCAA,40,8
AACTAGTACGA,40,9
TTGCGTTGGTC,40,10
GTATTGCGTTC,40,11
CCAGGCAATCA,40,12
TTACCAGTCGG,40,13
TTGCTCCTCAA,40,14
TGCCTATTAGC,40,15
GTTATATTGCG,40,16
TATGGCCGAGA,40,17
GTTCGAGAGCG,40,18
TGGCATGCTAC,40,19
AACGTAGCCGG,40,20
GATCTCTTGAC,40,21
AACTGCTACTT,40,22
TGGTAGAGAAG,40,23
ACTCCATCAAT,40,24
TTGGAATTCAA,40,25
AACCTCGGTAA,40,26
TTCAGTACTAT,40,27
TGGACTTCTCT,40,28
AACGTAGATCT,40,29
GCCGAGCAGCA,40,30
AGAACTCGTCT,40,31
GTTCTACTTCC,40,32
TGATCTCTCGT,40,33
CGTCTATTCTT,40,34
TGGTAGTCCGT,40,35
AAGAGAATTAA,40,36
GGTAGGCTGAA,40,37
GCAGTCCAATG,40,38
AACTTCAAGTT,40,39
TGGCCTTGGCT,40,40
GTAGTATTCCG,40,41
GGTAATTGCAT,40,42
GGATAATCCGT,40,43
GAACTACCAAC,40,44
GTTCTCTAGCA,40,45
TTCCGTCGGCC,40,46
GAAGAGACTTG,40,47
GGATATGGTTC,40,48
CCTAGTCGTCT,40,49
GCCTTCCGAGT,40,50
TCCTCCATGGC,40,51
TCTACTTAAGT,40,52
CCAAGCGGTCC,40,53
AACGCTCTGAT,40,54
GCATTCGAGTC,40,55
TGGCCTGCCTT,40,56
CTCCAAGAGAA,40,57
TTCTACTGAGT,40,58
GGTAGATGAGT,40,59
GCTGATGCCTG,40,60
AGGCGGTTATA,40,61
TTGATCGTCGA,40,62
TTAGTCATACC,40,63
CGTTCAGGACC,40,64
CTTCAGAATGG,40,65
CTACCATAAGC,40,66
GCGTCTTGGAT,40,67
CCAGCTCTAAG,40,68
AACTTCTTCGA,40,69
AACGGATCCTG,40,70
GTTGGAGCCTG,40,71
CCTCATAACTA,41,0
TGGCGAGTCAA,41,1
GAAGATGCAAG,41,2
GTTACTAGGTC,41,3
AACGATCCTCT,41,4
CTGGTTCTGAA,41,5
GGTATGGTCTT,41,6
GTTGCAGACGG,41,7
CGGATTAATAT,41,8
CTCTAACGGAC,41,9
TTGCGTAAGAT,41,10
GGTTACTCTAG,41,11
AACTTGACTCT,41,12
AGCGTTCTCGA,41,13
TATGGTTGAGC,41,14
CGATATACGGT,41,15
GAAGATAGGCT,41,16
CTTGAGTAGAT,41,17
AAGAATCGCGG,41,18
CTGAATAGTCA,41,19
AAGACTACTGA,41,20
GGTAGCATTCA,41,21
AGCAATCGCTC,41,22
AACTGAACTAT,41,23
AACCGAGGTTG,41,24
TTGGCCAGCTA,41,25
TTGCAAGACTA,41,26
CGACTCCTTGG,41,27
GTTACTGCCAT,41,28
TTGCGGACGCC,41,29
GACTCGCTCAT,41,30
ATTGCCGAAGA,41,31
TTGGTCTAATT,41,32
AGAAGAACCAT,41,33
AGTAGGCGCTC,41,34
AAGAAGGTCAT,41,35
TTGGTCGTTCC,41,36
TCCTGAGGCTT,41,37
CTGGTAGTATA,41,38
AGAACGCCGAG,41,39
CCAATTAAGAT,41,40
GGCTATAACCG,41,41
CCAGACTAAGG,41,42
CTCGGTTCGCT,41,43
TCGGCGTTGCG,41,44
CCATCTCATCA,41,45
GTCGTTACTAG,41,46
AACGCTTCGTT,41,47
TTGGTAGTAAG,41,48
TGATCTAACCG,41,49
TGAATTAATCC,41,50
ATTGGCATAGA,41,51
AACTAGATGAT,41,52
CCAAGGTAGTC,41,53
TCAGATTAAGT,41,54
CGGTCTTCTTC,41,55
AACGAGTATAT,41,56
GGTCAGCCGCT,41,57
CCAACGCGTTC,41,58
GCTTCTCTGAA,41,59
TGGAGTTATAA,41,60
TGGATACGCCA,41,61
AGGCGTCGAGT,41,62
AACGCCTGCTT,41,63
GTAGCGTAACT,41,64
AACCAGAGACG,41,65
GGATAGGTACC,41,66
AACGCCGCGCC,41,67
GGTTATCCGGT,41,68
GAACGGCAGGT,41,69
CTACGATATTC,41,70
TTGGAATTACT,41,71
GCTTGGTTCGC,42,0
GAGCTTCTTCC,42,1
GTTGATGGTAT,42,2
CTGGAGTACTC,42,3
CGGTTCAACTT,42,4
CGGTCTAGGTC,42,5
AACGCGGTTCC,42,6
GGAGTCGTTAA,42,7
AACGATCTTGG,42,8
CCAATAAGGCG,42,9
AACTGGAGAGA,42,10
CTTGCTCGAAC,42,11
AGAGAACGACG,42,12
GGTCTAGGATA,42,13
TGGCTAACCGG,42,14
GCTGAGAAGAT,42,15
CTTAGTATGGT,42,16
CAAGAACGAAC,42,17
GCCTGCATGAG,42,18
CGTTGGAGCAG,42,19
TGAGTCTTACT,42,20
TCGGAGCGCCA,42,21
AACGACCTGGC,42,22
GCGTATAATTG,42,23
TTGGACGTAGA,42,24
GGCCTGATCAG,42,25
CCATCTAACTA,42,26
CGTCGGTACCA,42,27
TTCGTTGGATT,42,28
CTTGGATCGAA,42,29
GCAAGTATCCG,42,30
AACGATTGGTA,42,31
TGGCGGCGATA,42,32
CCTACTTGAAG,42,33
CGAACTTACTG,42,34
CATGCGCATCA,42,35
TGCGAGATCGA,42,36
ACCTCCGCCGG,42,37
AGAACGATCCA,42,38
CGGATGCGTAC,42,39
CTGGTTAGTAG,42,40
CCATTGATTAA,42,41
GTAGGTACGCC,42,42
TTATAGTCGGT,42,43
CCAAGATTATG,42,44
GGTCGACTACG,42,45
AGGAGCTAGAA,42,46
TCCATCGTACT,42,47
GGTTGACCGCT,42,48
TTAATTCAGCA,42,49
TGAGGAGCCAA,42,50
TGGCTACGTCC,42,51
TTGGTCGCTAG,42,52
AACCGGCCAAT,42,53
CCGCAAGCGCA,42,54
TGGTATGCAGC,42,55
TCATTGAGTAG,42,56
AACGATACTAA,42,57
GTTGAACGGAC,42,58
AGAAGTCAATT,42,59
CCGAATTAGCG,42,60
GCTCCAGCTTC,42,61
CGCTCCGAACC,42,62
TCGGTTAACTT,42,63
TCCGCGACGTT,42,64
GTTCGGTACCG,42,65
GGTAGCGGCAG,42,66
AGGATTATTAC,42,67
AACTTGGTTAG,42,68
GTTACTTACCT,42,69
GGTCCAGTTCT,42,70
AGAAGGAATGA,42,71
GATGAGCGGCA,43,0
GATTCTTCTGG,43,1
TCGCTTCCATG,43,2
CTCCAGGCAAG,43,3
TTCCTCAATAT,43,4
TGATATTGCTC,43,5
CTTATGAGACC,43,6
CCGGCTCATAA,43,7
TCGCTTGGCCG,43,8
AGGTTCCTTGG,43,9
CGGTAACTACG,43,10
TGAGGACGCTA,43,11
CGGCGAGTTCA,43,12
CCAACTATGCG,43,13
TTAGAAGCGAA,43,14
GCCAGTAGGCG,43,15
CGACTATAGTT,43,16
CCAGGACTTAG,43,17
AACCGGCGTCT,43,18
CCAATCTTCCG,43,19
GAGAAGCGTAG,43,20
TGGCTCCATCG,43,21
AACGTTGGCCT,43,22
TTCATATTCTT,43,23
TCAGATCCGTA,43,24
ATGGTCTCGTA,43,25
CTTGATTATGA,43,26
GGTTGCCGTTG,43,27
GACCAAGGTAT,43,28
GAAGAGCGCCG,43,29
GGTAGACGCAT,43,30
CCTTCTATTCT,43,31
GAACCGAGCCG,43,32
CAACCAATCCT,43,33
AACGCTGATCA,43,34
ACGGACCAAGA,43,35
CATTATCTTAG,43,36
CTCTGCCTTGG,43,37
CCTAATTCTTA,43,38
CAAGAGGCAGT,43,39
CTCGACTGATA,43,40
TTACGTTCCGT,43,41
GTTGCATCAAT,43,42
AAGAGCCTATA,43,43
TCAACCTCGGT,43,44
GAGTCGCTCTG,43,45
CTTCCAGTTGA,43,46
ATGATGACTCG,43,47
TTCGAGTTAGC,43,48
ATTGCTGCTAC,43,49
AACCTAGAGGC,43,50
TTGAAGCTTCT,43,51
TCCAGCGTCTG,43,52
TGGACGCGCGC,43,53
TTACGGCTGCC,43,54
ACTCCGAATCT,43,55
TTATTGATGCT,43,56
GCGCTTAGCTT,43,57
GAACTTAAGGC,43,58
AACCATTGGCT,43,59
GTAGTTGATGA,43,60
AGAATACGACC,43,61
CGTCCGGTTGC,43,62
CAACCATGAGG,43,63
CTAGTAACCTG,43,64
CCAAGAAGTTG,43,65
TCCTCGACTTC,43,66
CGTAGTATAAT,43,67
GGTTACCAGAG,43,68
CCAACCAAGAA,43,69
CGACCTTGGTA,43,70
TGGCATAGTCT,43,71
AACCATCAGCC,44,0
TTGCAGGCATC,44,1
AAGAGAGTTGG,44,2
ATCCGGATGAA,44,3
TGCTATCGATA,44,4
ATTCGGCCTCA,44,5
GTTCTCTGATA,44,6
GAAGACGAGTT,44,7
GTAGAATAGAG,44,8
TCAAGATATTG,44,9
AGAATAATGCT,44,10
AGAATCAGATG,44,11
GTCAGTTAGGC,44,12
GCTCCTTGGAA,44,13
AACTACTCCGT,44,14
GCTGGATCGGA,44,15
CCATCGTTGGT,44,16
GTTAGATACTT,44,17
GAAGGAATATA,44,18
ACCAATCAATG,44,19
GTTGCGAATTG,44,20
GAACCAATCGG,44,21
GAAGCGAAGAA,44,22
AAGAAGACCAA,44,23
ACGAACGGCAA,44,24
ATTGGTATTCG,44,25
CAACCAACTTA,44,26
CAGAACGCTAT,44,27
CTCCTGGCTCG,44,28
GTTATCAAGTC,44,29
TCAGATAGTCC,44,30
CCAGCATCGCT,44,31
CTTGGAGATAA,44,32
CGTCTCTGAGT,44,33
TGAGTACGAGC,44,34
CCGACTAAGCA,44,35
TTACTTGGTCG,44,36
GCTCATCAAGT,44,37
GAACCGGTTGG,44,38
TTATGAGTCTT,44,39
TCTACGCGCGG,44,40
CGGTCGACGCC,44,41
CCTCGCTGCAA,44,42
AACGACTCGCA,44,43
CAACGAACCAG,44,44
GTTACGCGCTA,44,45
GCTGGATGCGT,44,46
CCTCTGCAACG,44,47
AGAGAACCGCT,44,48
CGTTACGCATG,44,49
AGAAGGCTAGA,44,50
GTTGGATGGTT,44,51
GTCTATGAAGG,44,52
GGTTGGTCCGT,44,53
CGGTATATCGA,44,54
AACCTCCGCAG,44,55
GTCTGGTATTC,44,56
CAGCTGGACCA,44,57
TTAGATGATAC,44,58
TCCTTCATAAT,44,59
TTATTCTGGCT,44,60
AGAAGCCAACG,44,61
TCCTAACTCAT,44,62
GCTGCTTGATT,44,63
GACCGCTGACT,44,64
CTGATCTCTGA,44,65
GTTGGCGAAGC,44,66
ATGGTAGTAGC,44,67
GAAGATTACGA,44,68
AGAAGAAGCTC,44,69
TTCGCGTCTTC,44,70
TGAGTCTAAGC,44,71
CGACTCAACTG,45,0
CGACTAAGGTC,45,1
CTAGGTTCTCA,45,2
AACGCCGCAAT,45,3
GCTGCTCCTTA,45,4
CGGCAGTTGCG,45,5
CGCCAAGTAAG,45,6
AACGATAGTTG,45,7
GCGCAGACTTC,45,8
GTAGAGTATAT,45,9
AAGACCGCATA,45,10
CGATTGAGGTA,45,11
GCTGCAGTCGA,45,12
TCGGTCGTCGC,45,13
TTATCATATAA,45,14
TGATCAGTTAA,45,15
CGCCAATACCA,45,16
CCTCAACCTGA,45,17
AACGCGGTCAT,45,18
TTAGTTATCAT,45,19
CCATCGCTATG,45,20
GAAGACGGCGC,45,21
ACCAACGTCAG,45,22
ATTGATGATTC,45,23
GCGGAGCGCTC,45,24
AATAACCGGAA,45,25
TCCAGCTGCCG,45,26
CTTGCGTCCTT,45,27
CGGTCTAGTCG,45,28
CTCCAGTTCTC,45,29
GTTCAGGTATC,45,30
CAACCGGCCTC,45,31
TTACTGACTGA,45,32
AAGACCGTTAA,45,33
TCAGAGAAGAA,45,34
CTTCTGCGCAG,45,35
TCAACTCAGGC,45,36
CCATACGAGAA,45,37
CAACCAATAGA,45,38
GATTGACGTCC,45,39
AAGAATGGAGA,45,40
TTACTTAGATT,45,41
TAGTATCCTAG,45,42
TCCTGGCTGGT,45,43
AACTTCCTACC,45,44
TCGTAGGCCAA,45,45
AGTTCGGATTC,45,46
AACCTCGTTGC,45,47
GAAGCAGACGC,45,48
GAACCTGCGCT,45,49
CCTCCAGCGTT,45,50
AAGAATACCTT,45,51
CCGCATTCCTG,45,52
TGCGAGCATAA,45,53
GTTCCGCCGGC,45,54
CGACTGAAGGA,45,55
CTTGCTCAATT,45,56
GAGAACTTACT,45,57
GAATAAGTATT,45,58
TTGGACTGGTC,45,59
AACCGTAGATT,45,60
CCGATAGTCTC,45,61
GGTAACCGCGG,45,62
TATATAGTCTT,45,63
GATGGCTAGTC,45,64
TTCTTGCCGCA,45,65
CCATGGTACCG,45,66
CGGTTATCAAC,45,67
CGGCGGTAAGT,45,68
TCAAGGCGGCA,45,69
AACGCGCGCAA,45,70
AAGAGAGGTAC,45,71
AGAAGACCTCT,46,0
CTGGCCAGGTC,46,1
TGGTAATAGAA,46,2
TGGTCCGAGAG,46,3
GGCCTCGACCA,46,4
CGGTAGTTATG,46,5
AACCATCCGAT,46,6
CGATTAAGATT,46,7
AGAACTTCATA,46,8
TGGCTTCGAGC,46,9
AACCAGAACCA,46,10
GGCGGTCTACT,46,11
AGAAGATTGGC,46,12
TGATGGAGACC,46,13
TTATAGGTCAA,46,14
CTCCAACGCCG,46,15
CGGATATCGAA,46,16
TTGGCCAATTC,46,17
AACCGCTTCAA,46,18
AGAACCAACCG,46,19
AAGACTCAGGA,46,20
GTTATACTCTA,46,21
AGGTCGACGGT,46,22
GTAGAGGCCAG,46,23
AAGAGAAGTCG,46,24
GATGAATTGAG,46,25
TGGATAGTAAT,46,26
CGTTGAGTTCG,46,27
GGTTAGTCGAT,46,28
GTATTATAGCG,46,29
GGTCGCTGGTA,46,30
AAGAGCTGGAT,46,31
GTTGGATTATA,46,32
GGTAAGCGTAA,46,33
AACCGAACGCC,46,34
ACCAAGCTCCA,46,35
AGTTGATAGAA,46,36
AACCAGCCTCG,46,37
TTGCCTCCAGG,46,38
GAACCTGGACC,46,39
AGAAGAACTGG,46,40
TTAGGCCGCGC,46,41
AACTCAAGAGG,46,42
AACTCTTGGAG,46,43
CCGAACGGTTA,46,44
AACTAGAGCCT,46,45
AACTACCTCCT,46,46
TTGATTCTGCC,46,47
TTCGGTCGCCA,46,48
GTTGGAGGAGT,46,49
AAGAAGAGTCA,46,50
AACGGCAACTC,46,51
TGGTAGAGTTC,46,52
CCAGCAGTCTT,46,53
AACCAACCTGC,46,54
CGTCTGCTGAC,46,55
GTTGAACTAGC,46,56
AACGCGACTTG,46,57
AACCAAGTTGG,46,58
GTTCGTCATGG,46,59
GGACGGCGACG,46,60
CCGCTTAGACG,46,61
TTACTCATAAT,46,62
AGAAGACTCGT,46,63
GGCGGTCCTCA,46,64
GCGAGTTGCGC,46,65
ATATTGCTCGA,46,66
TCGTTAATCTG,46,67
GAACCTACCGT,46,68
GCTGGAGATAT,46,69
TGGTTCTGCTT,46,70
TGGCGTACTGC,46,71
CCATCTCGCTT,47,0
CTTGCTCCAGG,47,1
ATTGCTACGAA,47,2
AGTTACGGCAA,47,3
GAACTGATAAG,47,4
AACTTGCGAGC,47,5
CTTGAGGTCGT,47,6
CGGATGGTACC,47,7
CCAGGCCGTTG,47,8
AACGATCCAGC,47,9
GTTCGCAGTAA,47,10
CTGGCTTGGAC,47,11
GCAGCATAATA,47,12
CTGGTCGTCAT,47,13
AGAAGGCAGAT,47,14
TTCTCTTGCCG,47,15
CCAGAATCCTG,47,16
TGGCTGATGGA,47,17
CAACGACGCAA,47,18
TGGACCAGAAC,47,19
GAGTTGAAGGC,47,20
TAGTTGCCGCG,47,21
TGGACTCTTGG,47,22
AAGAAGTTGAC,47,23
AAGAGCTTACG,47,24
AACTCCAACGG,47,25
ATTGGTAGCGA,47,26
GCGGAGAGTCC,47,27
AAGAAGCCAAG,47,28
CCTCATATGAG,47,29
GCGATTGCCGG,47,30
CGGTCAAGTTA,47,31
CCGCTAGACTT,47,32
GGTAACGGACG,47,33
CGTTGACTATG,47,34
GAGCAGAGTTG,47,35
GCGGTTGGCGC,47,36
CAACCAGGCAG,47,37
GTCGGCTTCCT,47,38
TGCTAGGAACG,47,39
GCTTACCTCAG,47,40
TGCGGCGAATG,47,41
TACTTGGAACC,47,42
AACTTAATCTG,47,43
CGTTGCATTGC,47,44
AACTGATAACC,47,45
CGGTCCTGCTA,47,46
AACCTCTCCGG,47,47
CGGTAGTCTAT,47,48
GAACTCTAGAA,47,49
CGGCTTATGGC,47,50
CCAGCGTTACT,47,51
TTATTGAGAAC,47,52
CAACGAACTGC,47,53
AGAACCTCGGC,47,54
CGAACTAACGT,47,55
AACCTGGTATT,47,56
GCGTTATATCC,47,57
GAAGAATTACT,47,58
TGCGGTCGCGT,47,59
GGATGCCAGGC,47,60
TGGCGATCTGG,47,61
AACTCGATGGC,47,62
TGGAGTTGACC,47,63
CGTTAGTCAGC,47,64
CGTTCGGTATC,47,65
CGTCTTCCATA,47,66
AGTTGGCAAGC,47,67
GAACCTAATCT,47,68
AACTTAAGTAA,47,69
AAGACGCAAGC,47,70
CTGGTATGAGC,47,71
TTGCCTGGCTC,48,0
ACGAACTCCAT,48,1
TTGACGACCTG,48,2
TCCTATGCCGA,48,3
AACCTAACCTT,48,4
CTTCGCTATCT,48,5
ACGAACTGACG,48,6
GTATGGCGGCG,48,7
AACGACGCCGC,48,8
AACCAAGCTAA,48,9
AAGACCATCTA,48,10
CCAATATAGCT,48,11
TCGTTCAGATG,48,12
CTGAGTCCTCT,48,13
AAGACTCCGCC,48,14
AACTATGCAGG,48,15
TGGCGCCGGCG,48,16
GTTGGACTTGA,48,17
CTTGCGATAGG,48,18
TGCTCAGGCTG,48,19
GTTAACTGAGA,48,20
CTCCAGACTGA,48,21
CGATTGGTAAC,48,22
CCTCCTAGGTA,48,23
ATGGTTGATGC,48,24
CGCCAAGCTGC,48,25
AACCAATCTCT,48,26
GGCTTGGCTGA,48,27
GGTTGCGCTCC,48,28
CCAATATGCAA,48,29
TTGCTAATGAA,48,30
TGGATTCGCTG,48,31
GTCGTCTACGC,48,32
TTGGTCAGTCA,48,33
GTAGTCTATTA,48,34
AGTTGACCTGG,48,35
AAGAGAGCTCT,48,36
GAACGCGTTAA,48,37
AAGAGCGCGGT,48,38
CCTCGCATATG,48,39
CCAACTAATTC,48,40
ATTGGTTAATG,48,41
GGTAATACCTG,48,42
TGCTATTGAAC,48,43
AACGATGCGAC,48,44
ACGAACGAGTT,48,45
CTTGGCTTCGG,48,46
GCATATTGCAT,48,47
CCTAGCTTGAG,48,48
CTGCTGATTGA,48,49
CCTAACTTCAT,48,50
TTATGCCGCTA,48,51
CGCCGCCATCG,48,52
GTTCGCCTATC,48,53
AAGACCAAGAA,48,54
GTCGGCCTGGC,48,55
TCGTTAAGAAT,48,56
TGGCCAAGAGG,48,57
AACTAATAGCT,48,58
AACGGTAGCCG,48,59
AGGTCGTTGAA,48,60
CAACGCATACG,48,61
CTCTGGCCATT,48,62
CAGAATCTCGT,48,63
GAACGCAAGAC,48,64
TCTAACCGGTT,48,65
GAGTCTAGTAC,48,66
AGAACGCGCTT,48,67
GAACCGCAGCG,48,68
TTAGGAGTATA,48,69
ACGAAGTACGT,48,70
CGAGCAGTTGG,48,71
GCTGCGGCTTG,49,0
ATTAACTGGTC,49,1
AACGGTTGAAC,49,2
AAGACTCATAT,49,3
TGATTGCCTTC,49,4
AACCTTGCCGT,49,5
ATGGACTACCA,49,6
AAGAATGGCTC,49,7
GACTGACGCTG,49,8
GAACGCATTGG,49,9
GGTTCATTGCG,49,10
GCGGTCTGAGA,49,11
CTCTACGATTA,49,12
GGACCGATACT,49,13
CTGACTTGGTT,49,14
AGAGAACCTTA,49,15
CTTAGTCGAGG,49,16
ATTGATAGCAG,49,17
AACGCATAACT,49,18
ACGTTAGAGCT,49,19
TTGCCGGAACC,49,20
TTAGCCTGGCA,49,21
CTAGCCATGCC,49,22
GATTGCTGATA,49,23
TTGGTCGCCTC,49,24
ACCAACGCATT,49,25
CCAGCATGCTA,49,26
GGTACGTTCTA,49,27
TGGCGGCCTCC,49,28
TTCCATGGTAA,49,29
TGCGGCGTCTA,49,30
GAAGAGATGAG,49,31
GCGCTCCGCTG,49,32
TGGACTTCGGA,49,33
CCAGCCGTATG,49,34
GGCATACTGAG,49,35
CCGCAGTCGGC,49,36
GCGTATGCGGA,49,37
GTAGTTGGCTT,49,38
GCAACCAAGCG,49,39
CCAACTCAACT,49,40
AACCGGACTAC,49,41
AGTTGCGAGGT,49,42
CTTCATATTAC,49,43
CAACCGAGAAG,49,44
GTTATGCTGAG,49,45
TACTTATAACT,49,46
CTCCAGCTCCT,49,47
CGCCAATTATA,49,48
GTTCATTGGTC,49,49
TTGGTTAGATG,49,50
GCTCTTCCGTT,49,51
GCTCTTCGTTG,49,52
CCAACGTACGT,49,53
TGGCTTGCAGA,49,54
CCTGACTTACT,49,55
AGTTGCTGCGT,49,56
AAGAACCTGCT,49,57
AACCTCGCATC,49,58
CCAACCAACGC,49,59
GACCTATGACG,49,60
GAAGCGGACCT,49,61
CCTCCTGGCAA,49,62
GGTAGTTCAAC,49,63
TGATAGGCGAT,49,64
CGCCTATAATC,49,65
CCTCGCCATTG,49,66
ACCAAGACGTT,49,67
CTTGAGTTACC,49,68
TTCTCTAGATC,49,69
CGACTAGATTG,49,70
TCCTACGAATG,49,71
AACCTTCGACT,50,0
GGTTGGCTACC,50,1
ACCAAGCCAAC,50,2
AACGCAGAGAA,50,3
GAACGCTAAGG,50,4
CTTCATGCGTA,50,5
AAGAAGCCGGT,50,6
CCATCAGCGCG,50,7
GCAAGCTCCGG,50,8
CAGAACGTAGA,50,9
CCAATCAGTTA,50,10
GTTGCTGGTCC,50,11
CCAAGTTCCAT,50,12
TAACCGCGTAT,50,13
CCATCTGCAGC,50,14
AACTGCAATTA,50,15
TTAGGCGTTAA,50,16
CAACCGAATGA,50,17
AGTTGGTCTCG,50,18
AACTAACTCTA,50,19
CCTCAATGGTC,50,20
CCGATCCTGGC,50,21
TCCTAAGCGAC,50,22
CTCCAGACGCC,50,23
GAAGCATGACC,50,24
AACTATAAGAG,50,25
AACGGTCGTAA,50,26
TTGGAATGCTG,50,27
ACTTAATAGTA,50,28
AGGTCGTCGTC,50,29
CAACCATGCTT,50,30
GGTTAGGACCG,50,31
AATAACCGAGG,50,32
CCAGGTCAACG,50,33
AAGAACCATGA,50,34
AGTTGCGCTAA,50,35
CCGAACCGGTC,50,36
TTCATCGCTGA,50,37
GGTCTCGATCG,50,38
AGAACTAATGC,50,39
CTCCGATCGGT,50,40
TTGGTCCTACT,50,41
TCGGAGCGAAT,50,42
AACCAAGCAGT,50,43
TCCATCATCGT,50,44
CTTCATCGGCC,50,45
CCAGGCCAAGA,50,46
CTTGCCTTCAT,50,47
AACCGCAGACC,50,48
TTCCTTCTATT,50,49
AACGTACCTGA,50,50
TGGTTGACCAT,50,51
AAGACCGTAGG,50,52
GATCTGCTAAC,50,53
CAAGCTCAGCC,50,54
GTCTTCTCGTT,50,55
TGGATTGGCGT,50,56
GAACGAGGAAC,50,57
TTATATTAGCC,50,58
AAGACGCAGAG,50,59
CGTTCGATAGA,50,60
GAACGATCAAG,50,61
CTTGATATGAA,50,62
GTCTCTCAGTT,50,63
GAACGACTCTA,50,64
AGAATCTATGA,50,65
AACCTAGTCCA,50,66
CGCCAACCTCG,50,67
TGCATCTGCCA,50,68
AAGACCATGGT,50,69
ACCGAACCGAT,50,70
TGGTTGGCAAC,50,71
GCTCTATTAAC,51,0
GTATATTATAG,51,1
TATTCCGAGAT,51,2
AACCAGTCAGG,51,3
ATTGCGGAGTA,51,4
CGAAGCCATCC,51,5
CTACTAGACGA,51,6
GAACGGTACGC,51,7
GCTGGCAGCCG,51,8
CTTAGGTCTTG,51,9
AGAACCAAGAC,51,10
AACCGAATCTC,51,11
GAACCGCGAAC,51,12
CCATGCAACGT,51,13
AGAAGCCGTAA,51,14
CTGAGTTAACC,51,15
GAACTGCATAC,51,16
TTGCGCGGTTC,51,17
TGGTTCATACG,51,18
AAGACGGCGAC,51,19
CGAAGGTAAGG,51,20
TTCGCGGAGCA,51,21
CCGATAGGACT,51,22
CCAGTACGATA,51,23
GAACGTAGCGC,51,24
TAAGAACTATC,51,25
AGAACTCCAAT,51,26
GAACCGTAGTT,51,27
CCAGGAGACCA,51,28
GTTGCGCAAGT,51,29
CCGTCATTGCG,51,30
GCTGGCATTAC,51,31
ATTGGAGGAAC,51,32
TATTGAGGATA,51,33
GGTCTCAAGGT,51,34
TTCTAGTACCA,51,35
GCTTGGTCCAA,51,36
TTGATGCAATC,51,37
TTGGCTCATCG,51,38
CGAAGTTGATA,51,39
TTACGCTCGTA,51,40
CGTTATCTAGG,51,41
AACTTCGACCA,51,42
GCGTCTGCTCG,51,43
TTGGAATATAG,51,44
GTTGATGGAGC,51,45
CCTCAGTACGC,51,46
GTTGGAAGCTA,51,47
GTCTACTGAAG,51,48
AACGCATGATG,51,49
GGCTGGATGAT,51,50
GCGTCTGAGTA,51,51
GTAGGCGTATC,51,52
CCTGGCAAGTT,51,53
ATTATGGCAGC,51,54
AGAAGCCGGCC,51,55
GGCGGTAGTAC,51,56
GGTATCCTCAG,51,57
AAGAATACTAC,51,58
AACTCAGCGCG,51,59
GAAGACCGATG,51,60
AACGAACCATT,51,61
AGAATAGCTCC,51,62
TTCTCGCATAG,51,63
GTTATTAGGAA,51,64
TCCATCATATG,51,65
TGGATCGGAGA,51,66
ATTGCGACCTA,51,67
TGGCTGGACTC,51,68
AGGAACTGCTG,51,69
AACGGCCTCTT,51,70
GCCGCCTGGTT,51,71
CTGACCTGCGA,52,0
TGCTGCGAAGA,52,1
TCGCAGCGTTG,52,2
AGAAGAGATTA,52,3
GGTTACCGCCT,52,4
ATTGATTGAAT,52,5
GTAGTTAATCT,52,6
GGTTCAGTAGG,52,7
TCGGAGATCGC,52,8
TTATGGTAGCG,52,9
GAACGGTTATT,52,10
CCTCGAGAGGA,52,11
CCGTTCGAAGC,52,12
CGTAGGCGACC,52,13
CTCGTTATACT,52,14
TTCTCTATCCA,52,15
CTGGCTGCGAG,52,16
CTGGTCCGTAC,52,17
AGAAGATCGAG,52,18
GTATTGCAGAC,52,19
TCGCGGTCGGA,52,20
ACGTACGTCCG,52,21
AAGAGAGCAGA,52,22
TGGATCTTAGG,52,23
GGTCTCTTCCG,52,24
GAAGAATCGAC,52,25
AACGACGAAGA,52,26
TTGGTTGATAT,52,27
CGTCTTGCAAG,52,28
AAGACCTCGCT,52,29
GTATCTGCTTA,52,30
GTCTTGGCGGC,52,31
TTAGGTAGAAC,52,32
GAAGCGGTTAA,52,33
CGATTCTAGAT,52,34
TCATATTGGAC,52,35
GTTGATCGCCA,52,36
AACGCGCTGCA,52,37
GAACCGTTACC,52,38
CCTCCGGTATG,52,39
TCCAAGTCGCG,52,40
AGAACCAGAAT,52,41
CGGTATTCATA,52,42
TGCCTTCATCA,52,43
CCGAGAGTCCT,52,44
TTAGGTTAGGC,52,45
AGGCTTAAGAA,52,46
CGAGTTGAGAC,52,47
CCAACCGCGTC,52,48
GCCGATACTGC,52,49
AACCAAGAGAT,52,50
GCAACCGGCTC,52,51
TGCGTAGTCGG,52,52
AAGACGGAGGT,52,53
AGAACGGAGGC,52,54
TTCGCTTGACC,52,55
AACCATCAAGG,52,56
GTTATTACTTG,52,57
GTATTAATTCA,52,58
CTTGACTGAGG,52,59
GTCTCTAGCGA,52,60
CGACTCGGTCG,52,61
GCCTCGACTGA,52,62
GGCTGAACGTA,52,63
GTTCCTAATGC,52,64
TTGGTACGCAT,52,65
CGTTGATAATC,52,66
AACGAATCTTA,52,67
AACTCTGACGA,52,68
GATATAACCAT,52,69
CTTCCGCTCGC,52,70
TAGTCGACTAG,52,71
CCATTCAGAGT,53,0
CCTCTACCAGG,53,1
TCCTGAGCTCG,53,2
CTCCTCTACCG,53,3
GCGTTGAGGCG,53,4
GTCGTTGATTC,53,5
ATGAAGCTGAG,53,6
GGTTGAACCGC,53,7
GTACGTTGGTA,53,8
AACTCTCGTTG,53,9
GTTGCCTCAGG,53,10
TCGCTCTCGCT,53,11
CAATCGATATA,53,12
AACTGCGCGAC,53,13
CCTCCAACTCC,53,14
AACGACGCATG,53,15
AACGAGTTACC,53,16
GCTCGGTTCCA,53,17
CCAATGATACC,53,18
TTCGTAGCCTG,53,19
TTGAGGAGCTT,53,20
AACCATTCTAC,53,21
CTCCTTACCAT,53,22
TTCGCGTCAGT,53,23
AACCGGTTGAT,53,24
AGAACTCGGAC,53,25
TCTTGGTTATA,53,26
GGTTCCGCCTG,53,27
GAAGCATTCGT,53,28
GCTGCTGGCAG,53,29
AACTGACCAGC,53,30
AACCTTAAGAT,53,31
AACTCGCCGCT,53,32
TGGAATTAGCA,53,33
TCGCGAAGGTT,53,34
AGTCGGTCATG,53,35
GCTTGAACGAT,53,36
CCGTCTAGCTG,53,37
AACGGCCATGA,53,38
AACCAATACTT,53,39
CCTCTCCATGA,53,40
GGTAGGAGGTA,53,41
GGATCGAAGCA,53,42
GAGTTGACCAA,53,43
TTACGGATGGA,53,44
GCTTCTCGAAG,53,45
CGACGACTGCT,53,46
AAGAGGCATAC,53,47
GGTCAGGAGGT,53,48
GTTACGATTGC,53,49
AAGAAGAATGC,53,50
CCAGAAGACTC,53,51
CGTAGGCAATA,53,52
GTTAATCATCC,53,53
CCTTCGATTGC,53,54
TAGGAAGCGAG,53,55
GGTAGAATATG,53,56
GAGTACTTGGC,53,57
ACTTCGCAGGT,53,58
TATGATATTGC,53,59
CCATTGACGCG,53,60
CCATACCGGAC,53,61
CCGCCAAGTTC,53,62
CTATCTTAGAA,53,63
GGTCCAGAGCC,53,64
GCAACTCATCG,53,65
AAGAAGCAATA,53,66
AACGAGAGATT,53,67
GAACTCGGTCT,53,68
GGTTATTAAGC,53,69
TTGCGTCTATC,53,70
TGGAGGTTGCG,53,71
CGAGCGTAGCA,54,0
TTCGGCGCGAA,54,1
GCATCAAGATC,54,2
TCCAATGCAAC,54,3
TTGCTATGATG,54,4
GTTGGCTGATC,54,5
AGTTGCGCGCG,54,6
AAGACTATCAT,54,7
AAGAGAATATC,54,8
AAGGAACCTGG,54,9
CTTGCGGATCT,54,10
AACGGTCAAGT,54,11
GTCTTCAGTCA,54,12
TTGGTAGGACC,54,13
TGCCTCGCTGC,54,14
AGAACTCAGCG,54,15
TTGGCCATTCG,54,16
CCAATACCAGA,54,17
CTGGCGCATTA,54,18
CCGCATCATTG,54,19
GGTCTTATACG,54,20
AACGATTAGGC,54,21
TTAGGCCGTAT,54,22
AGGTTGGCGTT,54,23
GCTCGGCTTGA,54,24
AGACCAACGGC,54,25
GGCTCATGCGC,54,26
CGCAATCCGAT,54,27
AGAACCGCAAG,54,28
CTGGCTACTTA,54,29
GTTCCGATCAA,54,30
TGGTAGGACTG,54,31
GGTAGTACCAT,54,32
AACGGAATCCA,54,33
CCAAGCATAAC,54,34
GTTCAGAGACG,54,35
GTTGATGCCAA,54,36
AACCATAGAAC,54,37
GTTATTGACGT,54,38
CCTCCTACTTG,54,39
CTCTTGCTACT,54,40
TGGTCGAGGCA,54,41
CCAATAGAGAA,54,42
GTTAACTTAAT,54,43
TAGTTGATGCC,54,44
CAACCATACGA,54,45
AACCAACGACC,54,46
GAAGCAGGTAC,54,47
GCTACTATCTC,54,48
GTTGATAGGTT,54,49
GGTAGCAACGC,54,50
AGAACTAGATC,54,51
GTTGACCGCAT,54,52
GGTTCTTATAC,54,53
AACGAACGCTC,54,54
CAGAACGCCTC,54,55
GGTCGAATGGA,54,56
CCGCGATCATA,54,57
GGTATCCAATG,54,58
CGGTATGCCGG,54,59
CGGCGTAGATT,54,60
TAGCGTTCTTC,54,61
AACCGGCATTA,54,62
GCTCCTCCTGG,54,63
GGTCTAATCGT,54,64
ACGCATGAGGC,54,65
AACCGCGAGGT,54,66
GCGAGTTCTTG,54,67
TTATCTGACGC,54,68
CCAACGTCTCT,54,69
AACTGACTATG,54,70
AACCTAAGTTC,54,71
CCAAGCTATAT,55,0
AACTCCGGCCT,55,1
GACCAAGTCGT,55,2
TTGAACCTACC,55,3
AACTGCGTAGT,55,4
AACGGTAACGA,55,5
GGCTTATGAGG,55,6
GAACGGCGTAA,55,7
TATCGCTTACC,55,8
CTCTAAGGTCG,55,9
ACCGAAGGCAG,55,10
AACTAGCAATG,55,11
GAAGACTATCC,55,12
ATAACCAGTAG,55,13
AACCGGTATCC,55,14
TTCATGGAACG,55,15
CCATTAGACTG,55,16
CCTCTGATTAG,55,17
GGTCGTCTAGC,55,18
CTACGTCTGCA,55,19
CATCCTGGTTG,55,20
TGGCTTGGTAG,55,21
AACTTATATAT,55,22
TGAGATAACTA,55,23
TAATGCTTGCT,55,24
TGGCGCCTAAT,55,25
GAGGTAGAGAT,55,26
GTTCCGAGCTC,55,27
CCTCAAGAATC,55,28
TTCTGGATCGC,55,29
AACTAGGATAA,55,30
GGTTATTCTCA,55,31
TCTAATGGCGG,55,32
TTAGGACTGCG,55,33
AGAACCATTCC,55,34
TCAATTAGTAT,55,35
ACGACTCTGAT,55,36
AGAAGAGAAGT,55,37
CGTCCGAAGAG,55,38
CCAGTATTGAG,55,39
AAGACGCTCCG,55,40
TCCTGAATTCT,55,41
AACCGGATATG,55,42
TGGTTATATCT,55,43
CTCGTACTGCT,55,44
CCAATACGCGC,55,45
TTGGTTGGCCT,55,46
CCTCTATTGCC,55,47
GGTTATAAGCT,55,48
AACTCTACGAC,55,49
GGTTGGCTTGG,55,50
TGCTTGCTGAA,55,51
TATGATAGTAT,55,52
GCTGCGTACGA,55,53
TTGCGACGATT,55,54
GTTACGGCTAC,55,55
AACGCAAGAAT,55,56
AACTCTAACCT,55,57
AACGCCTAGCG,55,58
ATGCGGTACTA,55,59
AACCTAAGAGA,55,60
TCGTTCTTGGT,55,61
CTCGTCTTACC,55,62
CGTTGAGATGC,55,63
CCGAGGATAGC,55,64
GGTTCTGAATA,55,65
CCGCATTAATT,55,66
CCGCGCATCAA,55,67
TGGAGAATGAA,55,68
GGTTGCGATAG,55,69
TCTAGCATGGC,55,70
TCCGGCTCTGA,55,71
TCCAACTGACT,56,0
AAGACCAGGTC,56,1
CCATGAAGGAC,56,2
AGAACGAATAG,56,3
TATCGGATAGC,56,4
GTTACGGCCGG,56,5
AAGACTTAACG,56,6
AGAATACTCTA,56,7
TAACGATCAGC,56,8
CCAACGCGACG,56,9
CAGACGTTCTG,56,10
CAAGCAGTACT,56,11
CAACGCAGAAC,56,12
TCAACGAAGCC,56,13
CTCTCGCTGCC,56,14
GATTGGACGCG,56,15
TTACGACCGCA,56,16
TCGGCGGAGGT,56,17
TGGTCAATGGA,56,18
AGAACCGACGT,56,19
CCAACGCCTAA,56,20
CCAACCGCCAA,56,21
TATTGCTAGGT,56,22
GCTCGTAGACG,56,23
GCATCCTGCCT,56,24
GTAGTCAATGC,56,25
AACCGCTCGAG,56,26
TGCTGGCGGTT,56,27
TTATAACTTAC,56,28
CGGAAGGCTTG,56,29
CCTCGGAGCTA,56,30
TCCGGTTGGAA,56,31
AAGACGATTAC,56,32
TTGAGCGCGTC,56,33
AGAAGGAGAGC,56,34
AAGACGAGAGA,56,35
AACCATATGCG,56,36
CTCCTTATTAG,56,37
AACGTTGCAGA,56,38
TCCTTGGACGG,56,39
GGATGAGTCAG,56,40
CCTCGATACTG,56,41
CGTAACCTCTT,56,42
AACCAATATAG,56,43
AACCAGCTCAT,56,44
GCGTTACGCTT,56,45
AACTCTGCGTA,56,46
GGTTACGGATC,56,47
GGAGGTCTTGC,56,48
CCAGAACTGAC,56,49
AACGAACGAGG,56,50
GTTGGAACGGC,56,51
ACCAACGAAGG,56,52
TTAATAATACT,56,53
CCATGAAGCCA,56,54
CTCCGAGGATC,56,55
CCAACTGCTTA,56,56
TTGACCGGCCG,56,57
GTTAGGATCGG,56,58
TAGTTCGCGCC,56,59
CTGGCTGGCGT,56,60
CCGCAGGCCGG,56,61
GGCGTATAGAA,56,62
AAGAAGGCATT,56,63
GTATAATATCT,56,64
GCTTCGTTCTT,56,65
ACCTACCGGAA,56,66
CCATGCGCGAC,56,67
GTAGGTCTATG,56,68
GTTGCTCGCTG,56,69
CAGGACGTCTG,56,70
CTTCGGTTGCG,56,71
TCCGCCAGATG,57,0
TGGACCGCGCG,57,1
GCAAGATAGGT,57,2
ACCAACGCTAC,57,3
AAGAAGCTTAA,57,4
GTCGGTCCGTC,57,5
AAGACCTATAC,57,6
AACTTCAGATG,57,7
GGTTATAGACG,57,8
GAACTAATTCG,57,9
AGAAGCATTAT,57,10
AACGCGAACGC,57,11
TGCTTCTCTCT,57,12
AACGATGACTA,57,13
TTAATTACTGC,57,14
TTCGGCGATGC,57,15
CTGGTTCATTC,57,16
CCGAACGGAAC,57,17
AAGACTGAATC,57,18
TCCTACTACTA,57,19
AACTTCATTCA,57,20
GCTATGGCAAC,57,21
CAAGAACGCTA,57,22
AACGAGAGGAA,57,23
CCTTCCTGCGC,57,24
AACGTCGGACC,57,25
CCTCTCCGCAT,57,26
TTACTTATTGG,57,27
ATGAACCTCGT,57,28
GTTGAAGTTCG,57,29
AGAATATAACG,57,30
GAACCTCTATG,57,31
AACGTCAGCGT,57,32
GTCTGCGTTCC,57,33
TTCTCATTGGA,57,34
TCGGTTGGAGT,57,35
TCTATGAGCAT,57,36
AACTCGAGATC,57,37
CGAGGTTATAG,57,38
AACGAGGTAGG,57,39
TCGTTAAGTTC,57,40
GAACCAGCTTG,57,41
GGATGGTACGG,57,42
GCCGGTTGAAG,57,43
CCTGCCGAATT,57,44
AACGAAGAGCC,57,45
CCGAAGTAATA,57,46
TGGAAGACTCC,57,47
TGGAGTAGTAT,57,48
GAGTCGTCGCA,57,49
AACCTCAAGCC,57,50
TTCGAGTCGAA,57,51
GCGACCAAGGT,57,52
TTGATTGAAGG,57,53
TCAGCAGGACG,57,54
GCCATCTCCGT,57,55
GGCTGCCATAT,57,56
TGGTTCCAATA,57,57
AAGAAGTCTAT,57,58
AAGAGAACGCA,57,59
GGTAGGCATCC,57,60
AAGAACCAACG,57,61
CATCAATCGGT,57,62
TAGGCTGGAGA,57,63
TTCTGGCAGCT,57,64
CCAGATCCTAA,57,65
TAACGCGCCTT,57,66
AACCATATCAA,57,67
ATTATTCAGGT,57,68
GCATATGCGTC,57,69
AAGAGACGCTC,57,70
TTCTCTGCCTC,57,71
TGGCTCGACGT,58,0
AACGCTAATAG,58,1
CGAACCGTCAT,58,2
GTTCATCGGAG,58,3
AACTAGTCGCC,58,4
CCGCGTCGGCG,58,5
AACCGACGGCG,58,6
CCGGTTCTGCC,58,7
CCAACCTTATC,58,8
CGTATCATGGA,58,9
CGGTATTATTG,58,10
GTTGAGATAAT,58,11
ACGAAGAGAGG,58,12
GTTATATGCAA,58,13
AACCTGCCAGA,58,14
AACCGCGCCAT,58,15
ACGAACTATTG,58,16
CCAAGCAACTG,58,17
TGGTAGTATGG,58,18
GAACCGGTCTA,58,19
CTCGTATCGCA,58,20
AACCGATGATC,58,21
CTGGAAGCTCT,58,22
AACGAAGTACT,58,23
TTATTCGTTAT,58,24
TGGTTCGCTCG,58,25
CCAATCCGATT,58,26
TGATTAGAGTT,58,27
TTCCTATTCAA,58,28
GTTATAACTGC,58,29
ACGACTCTCGG,58,30
TTCCTGCTCAG,58,31
TTGCTTCGCTT,58,32
AAGAACCAGAC,58,33
CGTATAGTATC,58,34
CCAATTCTTGA,58,35
CCGTATGGAAT,58,36
GGTCAACCATG,58,37
GCAAGTTAGAA,58,38
TTGGTCATAGG,58,39
AACTAATGACG,58,40
GTAGTACTGGT,58,41
GTTGAGACCGC,58,42
TTGCTCAGTAG,58,43
AACCTCCTGAA,58,44
TGGCAGTTCGG,58,45
CAGGCAATGAT,58,46
TTATTGATATG,58,47
CCAATAGTTAT,58,48
TGGCGCATAGG,58,49
AACTCCGAATA,58,50
CCAATAACTCT,58,51
TTGAGACTGGC,58,52
TGCGTCGATGG,58,53
AAGAACTACCT,58,54
TGCTGGAAGAG,58,55
AACTGGAATAG,58,56
CGTTGCGCCGT,58,57
GGAGTTGGACC,58,58
GCTGGTAGAGC,58,59
GCATCCTCTCG,58,60
CTCCTATCTGG,58,61
AACGTAATGAT,58,62
GACCAACTGCT,58,63
CCATATTACTC,58,64
TTCGCCAATGA,58,65
TTGAGAATTAT,58,66
AAGACGACTCT,58,67
GCAGTTGCCAG,58,68
TTATTCTCTGA,58,69
AACGCTGCTTC,58,70
TGAGGACTTGG,58,71
CTCTCCGACGG,59,0
AAGACTACGAG,59,1
AACGCCATATG,59,2
TATTCTAGGAA,59,3
TGCGTAATAGA,59,4
GTTATATCGGT,59,5
TGCATGCCGAT,59,6
TGGTTAGATTG,59,7
TTGAAGTCTCG,59,8
GAAGCGTCCTG,59,9
GTTATCTTCCT,59,10
CCGCCGAAGAT,59,11
CTCCTTCTCGC,59,12
AACCGAAGGTA,59,13
TCCTACCAACC,59,14
AGTCTCGGAAC,59,15
TGCGATCGGAA,59,16
AACCGGCAAGC,59,17
CTGGATGGCAA,59,18
CAACCGAACTT,59,19
GGACTGGCTCA,59,20
GGTAAGGCATG,59,21
AACTCGCAGAA,59,22
TAGTTATCTTC,59,23
TTGACTTGGCC,59,24
ACCATCAGCAG,59,25
CGAGATCGCAG,59,26
CCTGACTTCGA,59,27
CGTCGGAGGTC,59,28
CCGGATTACTA,59,29
CCTCATTCATC,59,30
TCGTCTCGAGG,59,31
TCGCCAGTTCC,59,32
GGTATATTGGC,59,33
ACCGATAGGCT,59,34
AGAACCTTGCG,59,35
GTATCTTGCGG,59,36
ATGGTTGAGAG,59,37
GCGCTGATTCA,59,38
AACCTCTGAGC,59,39
GGTCGGAGCGG,59,40
AACTCCATAAC,59,41
AAGATCAACCA,59,42
CGCCATCAGAG,59,43
GTAGAGGTTGG,59,44
GTTGACGAGAG,59,45
TGGTCATCCGG,59,46
AACGCCGGCGG,59,47
TTACTCGGCGC,59,48
TGGTCGGCTTA,59,49
CGTCGGTCGAG,59,50
ATTGACCATCA,59,51
AGTAGTATCTC,59,52
AACTGATCGTA,59,53
TTGAGAACGTT,59,54
AACGACCGCCG,59,55
ATTCTAGTCAT,59,56
TTCGAATACTA,59,57
AAGACCATACC,59,58
CTAGCTGCATT,59,59
GGCTTAGTATC,59,60
TTGCATAACGT,59,61
GTATTGAATTG,59,62
TCAGATTATTC,59,63
GCAGTAGTCCT,59,64
GTTCGCTCAAT,59,65
AACGAGAACTG,59,66
TGCGATGGAGA,59,67
CTCCGCGCAGA,59,68
AACCTTCCTTA,59,69
GGTAACGACTG,59,70
TGGCAACCAGC,59,71
CGAAGGTTGCA,60,0
AACGCAAGGTC,60,1
CCAGCAATAAT,60,2
CCTGCCTCTTG,60,3
GTCGGCTGGAT,60,4
TTGCCGAAGCG,60,5
GTCGTTCCTCC,60,6
GTACGTTAAGT,60,7
CCAAGATGCCG,60,8
AACGCTCGACC,60,9
TGGAATAGCCG,60,10
CTTGAATTCAG,60,11
GTCCGTAAGAC,60,12
AACCGACCATA,60,13
GGTTAATCTTC,60,14
CCTAATGCATG,60,15
TTGGCGTCAAG,60,16
GTTCTAGCAAG,60,17
GTCTTAATTAG,60,18
TTCGTATTGCC,60,19
TGGTAATGAGT,60,20
CCGCTCGCCTA,60,21
GGTTCGGATAA,60,22
TGGACTAATCA,60,23
GTCTGGCGCGG,60,24
GAACCGGCTCC,60,25
GTCGCTATGGT,60,26
AAGACGGACCA,60,27
CCAGCCTTGCG,60,28
CGCTGGCGTCG,60,29
CCGCTAATTAA,60,30
TTCCTGCGAGG,60,31
AGAAGGATCGG,60,32
TGGAGAGCAGC,60,33
CCATATAAGCG,60,34
AGAACGTCGCA,60,35
CGGTCTCGCCA,60,36
CCATAGCGTAG,60,37
AAGAGAGTCTA,60,38
GAAGAGGCTGC,60,39
AACTCATTATT,60,40
GTTCCTGATTA,60,41
TTGCTAATTGC,60,42
TCGTTGCCGGA,60,43
TTGCTCAACGC,60,44
CCAATATCGAC,60,45
GTCGACTCGCT,60,46
TGGCGAGGAAT,60,47
GGTAGAGATTG,60,48
TGAGGCTTCGC,60,49
CCAATGCTATA,60,50
GAACGGACTCG,60,51
ACGCAACCGCC,60,52
TTGCCGTAGTC,60,53
CGTAGAGGTAC,60,54
TGGACGGATAG,60,55
AAGACGCGCTA,60,56
GTCCGTTGCCG,60,57
GTCGGTCAACG,60,58
AACTATAATGA,60,59
CATCTTCTTAA,60,60
CGCAGCTTAGA,60,61
TAGGTTGCCAG,60,62
GTTCGCGGTCC,60,63
TTGACGATTAA,60,64
TGAGTACTTAA,60,65
TTGATGCGGAA,60,66
CGCGCCGATAG,60,67
GTCGTCGCATC,60,68
CGTCAGCTCTG,60,69
CCGCAGATCGT,60,70
AACGGTAAGCT,60,71
AAGAGATATAG,61,0
CCAGCAGCTTG,61,1
TTAGATTGAAG,61,2
CGCATTCGCTT,61,3
AGAACCATCTT,61,4
AACCGTCCTAG,61,5
CGACTTATCTT,61,6
AAGAGCAGTTA,61,7
ACCAACCATGC,61,8
AGAAGAGCATG,61,9
ACCAACTGGAC,61,10
ACCAGACGCGT,61,11
AAGACTCTCTC,61,12
TGCGGCGACCT,61,13
AACTTAACCGA,61,14
TTATGGCTTAA,61,15
TTGCTGCAGTA,61,16
GGTAGCTAATT,61,17
CCGAATATACG,61,18
AACGGAGGTCC,61,19
CCGTTGGTATC,61,20
GCTTCCGCTAA,61,21
AGAATCCAGAG,61,22
CTGGTACGTCT,61,23
GCAAGAATAGG,61,24
TCATCAGTTGG,61,25
TTGATGCGCGT,61,26
TAGTAGGATTA,61,27
GGTTAGATGGC,61,28
AACCGCATTAG,61,29
TGGTCGACCGA,61,30
GGTACCGTCCG,61,31
GCTCTTCCTCA,61,32
GGTCATAGAAC,61,33
GTCTTATGGTA,61,34
GCAAGCCTTAA,61,35
AGGATGATTCA,61,36
TGATCGCCTAG,61,37
GAACCTTATAG,61,38
GGTAATTGATC,61,39
TCCTTAGCTAT,61,40
CCTCTCAGCTG,61,41
GTACTTCGTAA,61,42
GGTAGTCAGAC,61,43
AAGAGGCTAGT,61,44
TTCGACCTTGG,61,45
GAACGTAGAAG,61,46
TTGGACCTTAT,61,47
GGCTTGGCGAT,61,48
GGTCTGGTTAG,61,49
AGAAGCCGAGT,61,50
TGGTTCTCGCA,61,51
TTCTTAAGATG,61,52
TGGAGAACTAC,61,53
CCAGCTCTGGC,61,54
ATTGGTAAGCA,61,55
TGAGTCAATCA,61,56
GGAGTTCCTAA,61,57
TCTACCGAGTC,61,58
GTTATACCTAG,61,59
CCATCGCATAC,61,60
TGAACCATGCT,61,61
GGCAGTATCAG,61,62
ATTGAGTATTG,61,63
TGGATCCTCAT,61,64
TTATAAGCTGA,61,65
AAGACTCCAGG,61,66
GGTTCATCAAG,61,67
TTGGCAGGTAC,61,68
AGTATTATAGA,61,69
TTGATACTCCG,61,70
CCTTCAACGAA,61,71
CCATAAGAGTT,62,0
TCGTACTCTTA,62,1
TCAACGAGATT,62,2
AACCGTTAACT,62,3
GTCTGCGATGA,62,4
GAGTTATTAGT,62,5
ACCTAAGAGCG,62,6
AGAACTTAAGT,62,7
GTAGTCTGCGA,62,8
AACGCCGTCTC,62,9
ACCTCTCGAGT,62,10
GTTCTCAGAAT,62,11
AGAATAATTAA,62,12
GGTCGTCAATG,62,13
AATAACCATCC,62,14
CGGTCGGACTC,62,15
CGATTCCTATG,62,16
AACGACTTCTA,62,17
AACCTTACGGC,62,18
TTGATAACCAT,62,19
GGTAGCTGACC,62,20
TCGCTAGTTAT,62,21
GATGGTAATCG,62,22
CGTTGCAAGAC,62,23
AACGCAGTAAG,62,24
CCATCGTTAAC,62,25
ACGCAACCAAT,62,26
CCATCTTCAAT,62,27
AACTCCTCGAT,62,28
TTGAGAACCGA,62,29
AACGGCATGCC,62,30
GTCTTGGCATG,62,31
CTGGCATGATA,62,32
CGGTTGCGTTG,62,33
CGGTTAATGAG,62,34
CCAGCAGAAGG,62,35
GCGTTCCAGTA,62,36
CCTAATTGCTG,62,37
TGGATATATGC,62,38
CCAATGGACTC,62,39
GTCTGCGCTAT,62,40
ACCAATAGCAA,62,41
GCGGTACTCCA,62,42
CCGCGATTGAT,62,43
AACTATACGCA,62,44
AAGAAGGAACC,62,45
ACCAATGACGT,62,46
TCCAATATCTA,62,47
AAGAAGTAAGG,62,48
GTCTTGAATAT,62,49
GGTCCTCCAAC,62,50
TTCGGATAATG,62,51
TTGAGATGAAC,62,52
ACCAACTAGGT,62,53
GGTAGCTAGCG,62,54
ACGTCGTTATA,62,55
AACTCGTAGTC,62,56
TGACGGTAGAA,62,57
AGGTTGACTTA,62,58
TATGGTAGATA,62,59
TCAAGATGGCC,62,60
CCTCATCAGCG,62,61
TATGGCTCTTA,62,62
ACCAACCGATC,62,63
CAACGAAGATT,62,64
AACGAACTCGT,62,65
TCGGTCTAGTA,62,66
AACCAAGCCTG,62,67
GCCGCCTACGG,62,68
CTATGACCTAA,62,69
GCTGCGTCCTC,62,70
TCGCTTCAGGT,62,71
AACGGCTAAGC,63,0
CCAATCGACGA,63,1
CAAGCGCGCAG,63,2
GAAGGAATCCT,63,3
CCAAGCAGCGA,63,4
CCGCGTCTCCT,63,5
AGGAGGTACTG,63,6
GGTTGAAGTCG,63,7
AACCGAGTCAG,63,8
GTCCGCGACGG,63,9
GTTGAGCGACC,63,10
CGATTAGAAGC,63,11
TCAGCTTCAAC,63,12
GTAGGATAGGA,63,13
CGTTAGGATTA,63,14
GTTCATATTGA,63,15
AACGCAATTAA,63,16
AAGCAACTATC,63,17
CTAACGGTCAA,63,18
TTGGAACGGTT,63,19
GAACGCAGTCC,63,20
AGAATCATCAG,63,21
TTACTGCTTAC,63,22
GGATATCTGCT,63,23
ATTCGCGCGAA,63,24
GGTAGCTTCGT,63,25
TTCATGGACGA,63,26
GGTTCGTCGGA,63,27
AACGACCTAAG,63,28
GTTAGCTATGA,63,29
CCTCCATAAGT,63,30
CCTACCTTCCA,63,31
CCTCGACGAGT,63,32
TGATCCTCAAT,63,33
GTATCGGCGCG,63,34
GTTCATTATAA,63,35
AAGGAACGCGA,63,36
TTATAGCCATT,63,37
CCGAACCAGAT,63,38
TTGGAGCTATC,63,39
AAGAATGAGCG,63,40
CGTCAAGTCCA,63,41
TGGAATATTAA,63,42
CTAATACCGTT,63,43
TGGTCTCATCT,63,44
CCTCCTGGACT,63,45
ACTCAACTCGA,63,46
ACCATACTATA,63,47
GCCTGAACCAA,63,48
AACCTTAGTAG,63,49
CCTTAATTAGG,63,50
GTTCGAGCGGT,63,51
CAACCAATGAG,63,52
AACCTACGATG,63,53
TGACTTGAGTA,63,54
TGGCTGGAGCA,63,55
CTGCGTACGGT,63,56
CCTCATTATAG,63,57
CCATTACGCAG,63,58
CGCATCTGCAT,63,59
CGTATTATTAA,63,60
AGAACGCTACT,63,61
CAACGAAGGCG,63,62
GCGGTATGCAG,63,63
AACCTGGCTCC,63,64
TGATTATGAGA,63,65
TTCTTAGCGAG,63,66
GCCGCGTTAGG,63,67
TCGCTATAGGA,63,68
GAACCTAGCAA,63,69
AACCTCATACG,63,70
TTGGCTTACCA,63,71
AACCAATTGGT,64,0
CGAACCAGTCG,64,1
AACTACGCGCT,64,2
TTCTGATCGAA,64,3
TCAGATGGCAG,64,4
AAGACTGGTTA,64,5
CTTGAATTAGA,64,6
TGGAAGGCGGC,64,7
GAACCAATATC,64,8
CTGGCGACTCC,64,9
AACGACTAATT,64,10
CGCGCGCAGCC,64,11
CCGCAACCGTT,64,12
CCAAGCATTCG,64,13
GCATTAATACT,64,14
GAAGCCTTCCG,64,15
TGATTATTCGC,64,16
TGAGGTCTGGA,64,17
TTCCTTCCGTC,64,18
GTTCAGTATGC,64,19
GGTTCTGGTTG,64,20
GGTATTCCGAA,64,21
CCAAGAGACGG,64,22
TTAATCTCGAG,64,23
GTCCTGGTACC,64,24
CGGAACGAGTA,64,25
CAGCCATCTCT,64,26
GTTGGCTCTCG,64,27
CCATACCGCCT,64,28
GTTCCAGTCGC,64,29
CTCGAGGCGTA,64,30
CTGCGGCTAGC,64,31
CCATAACGCTC,64,32
AACTTAGTCGT,64,33
CTTGGAGCATC,64,34
TGGAGGCGGCT,64,35
AGGTCGAAGAC,64,36
CTGGAGCAACC,64,37
ACCGAACTATC,64,38
AACGATCGGAG,64,39
GGTAGTTCTTA,64,40
CGTATTCATCA,64,41
TCGTTGATAGT,64,42
GATTGATTACT,64,43
GTCTATGGACC,64,44
TGGCTCAACCA,64,45
GCCGCTTGCTG,64,46
TCAGGTTATCG,64,47
GTTAGCCTGAT,64,48
CGGCTCGGTAC,64,49
GGTCGCCGCAA,64,50
TCGTTAGGCGA,64,51
CGGTTCATGGT,64,52
TGCTTAAGGCA,64,53
TCCTTAGAATT,64,54
TTGATGGCCTT,64,55
TTCTTATCCGC,64,56
GCTGGCTCTAA,64,57
CGTTGCCGAAC,64,58
GCAAGCTGGCG,64,59
CGACTGCCAAG,64,60
TTCTCGCCAGC,64,61
CGTATGCGAAT,64,62
GAACTACTAGT,64,63
CCGCCTCAGTC,64,64
GAACCTCCGAC,64,65
CCAACGAATGG,64,66
GTTCATGCATG,64,67
TAGGTATTATT,64,68
ATTGGAGCCGA,64,69
GAGTTGCTGAC,64,70
CCTCTATAGAT,64,71
AACTAGAATTC,65,0
ACGTAGCCTCC,65,1
GGTTAAGCAGT,65,2
GGTCCGTCGTT,65,3
CCAACTCTCTC,65,4
TCCAAGCATCT,65,5
CAGCTGATAGT,65,6
AACCAGACTTA,65,7
AACTTGAACGT,65,8
GTTAGAGTAGC,65,9
AACTCATGCAT,65,10
CCTTATCCTCG,65,11
ATGCGGAGTAC,65,12
TGGATGCTGAG,65,13
CCAGCCTCCGG,65,14
CGGTTAGAGAT,65,15
AGAGTAACTCG,65,16
CCAGGTATCAA,65,17
AGAACGAGACG,65,18
TGGATTACGAG,65,19
TTGAAGGTCTC,65,20
ATTCCGAGTCC,65,21
CGCAGTTGCGG,65,22
CCAACTACCTG,65,23
GCCGACCATCG,65,24
TTGCTACTAAT,65,25
GGAACCGCCTA,65,26
TGGTCGGCAGG,65,27
ACCAACGTTGA,65,28
GAACGTCAACT,65,29
TTCCTTAGTCA,65,30
GAAGAATCCGG,65,31
GGTATGCTTCT,65,32
AGCAACCGACG,65,33
GCATTATCATA,65,34
AACCGGACGGA,65,35
TAGTCGCATTG,65,36
TATTAGTATCA,65,37
GTTATAGGAAT,65,38
TTCCTCTTGCA,65,39
CGCCTTGACTA,65,40
GTCGGAGCTAG,65,41
GTATTGCTTAT,65,42
TGGCGCAGACC,65,43
CCAGAATAACT,65,44
AGAACGACCGT,65,45
TGGTCCATTGG,65,46
TGGAGATTAAG,65,47
GTTCTATTCTC,65,48
CAACCAGAGAA,65,49
GTTAGGAGTTG,65,50
AACTAGCCGAG,65,51
AACCAGGCGGC,65,52
GGTCAGTCTCG,65,53
GGTTAATGATT,65,54
CCTAATTCAGT,65,55
TGCTTGGTATG,65,56
AAGACGATATG,65,57
CCAACGATCCT,65,58
GTCTCCATATC,65,59
GATTCGTTAGA,65,60
CGTAGGAAGCC,65,61
GGTAGAATCCT,65,62
GCAGACTAATC,65,63
ATTCGCCGATA,65,64
TCGGTTACGGC,65,65
AACGTCCAGCT,65,66
TTGAACGCCTG,65,67
GACTCAAGCCT,65,68
TCGAGCTCCAA,65,69
CGTTGGTACTG,65,70
AACTCTCTACG,65,71
TTGCAACGCCT,66,0
CCTATCTCGAA,66,1
AACCAGTAGCG,66,2
AACGGACCTTC,66,3
TTCCATTAAGG,66,4
CCATCCGTTAA,66,5
CCAACGCAAGC,66,6
AACGCTATAGT,66,7
AACGAAGCGGA,66,8
CTCCTACGCGT,66,9
TTGGTAATCCT,66,10
CAACCGGAACT,66,11
TGCGCGGCGCC,66,12
TGATCTACCTA,66,13
GGTAAGAACCA,66,14
AGAACGGAATT,66,15
AAGAATAGGAA,66,16
CGAGACTGACT,66,17
AAGACTGCTCG,66,18
AGAACGAAGCT,66,19
AAGAGAGAGAT,66,20
AACTTGACGTA,66,21
GTTAGCGGATT,66,22
CCATCTTGATG,66,23
TGGCAGACTAA,66,24
GGTCGTACTCT,66,25
AACCATACCTC,66,26
AACTCGCGCCG,66,27
GATCTCGAGTA,66,28
CTCTCCGGAAC,66,29
TGGTTATTATG,66,30
TAGTTCCATAA,66,31
CGTTATAGCGC,66,32
GTTGCGTTATC,66,33
GAACGCCGGAT,66,34
GTTCCGTACGT,66,35
AACCGCGCTCA,66,36
AACGGCTGACG,66,37
CCAGCTCCATA,66,38
TTGCGTATGCA,66,39
CCATCCTAGCC,66,40
GGAGGCATTGA,66,41
CAACCGGCGGA,66,42
AACCTCGAACT,66,43
GCTGCGTTGCA,66,44
AACTCCTGGCC,66,45
TTATGCGACTC,66,46
TTACTTGATGC,66,47
CCAATATTGGA,66,48
TGGAGCCTAGA,66,49
GGTTGACCTAC,66,50
GTCTGGCTTAG,66,51
CTCCTCGATCT,66,52
AACCGCCAACG,66,53
GTCGGCTAATT,66,54
CCAGTTCAGGA,66,55
CCATAACTTAA,66,56
GGAATTGAGTC,66,57
AACCGAGAATT,66,58
CCATGGACGTC,66,59
AGGTCGCTCGG,66,60
TGCTGACCGGA,66,61
CGCCATCAACT,66,62
CAACCGCCTTG,66,63
CGGTATGAGAC,66,64
GTTAATTACTC,66,65
TTAGATCAACG,66,66
CTTGCATGCGT,66,67
CCAACGGAATA,66,68
AAGACTTCCAA,66,69
TATGCGTCATG,66,70
AAGAACGGTCT,66,71
TTGCGTATCTG,67,0
AACTAGATATA,67,1
TGGCGTTCCAG,67,2
GTCGTAGAGTA,67,3
CCTACGCGATA,67,4
GATTCTCCGGA,67,5
GGTCGCATACT,67,6
TTATTGGAGAT,67,7
AATAACGCGGC,67,8
GCAAGACGGTC,67,9
CTCTACCGTTC,67,10
GCTGATGCGCC,67,11
GGTATATACCT,67,12
ATCGGTCTGCC,67,13
CCATTATCGGT,67,14
AACGAGGAGAG,67,15
CTTGGCGAGCG,67,16
CCGAGAACGCG,67,17
TTATACGAGGC,67,18
CCAACTATATT,67,19
GGTTCTTGGCT,67,20
CGGTCAGTATA,67,21
GCAATCAATTG,67,22
CCTTGCCTATT,67,23
TGAGTCCGTTA,67,24
TTAGTAACGCT,67,25
ATTAAGAACGT,67,26
AACGGAGGAGA,67,27
TTGGAGAGGCC,67,28
CCAATCTCCGC,67,29
GCTCGGCCGAA,67,30
CTGGATTGACC,67,31
CTCTGGACTTC,67,32
CCAAGCCAGCT,67,33
TGCGGCGGTTC,67,34
TTGAAGCTAGG,67,35
GCGTCGGTTCT,67,36
CTTAGGACGCA,67,37
GAACGACTGCG,67,38
AACGCCAGAGC,67,39
TGCTTGATAGC,67,40
CTCCTGATGAT,67,41
TTCTCCGAGGT,67,42
GTTAGACGCCA,67,43
TCGTAGCCGAT,67,44
TAACCGTATAC,67,45
GCTGCTCATAT,67,46
AACTATTGAGT,67,47
TTGCGGAGCCG,67,48
GTCGAGAGTTC,67,49
CCTAGGACCAA,67,50
AACTACGATGG,67,51
AACTGCTTATA,67,52
AACGATCAGTT,67,53
AAGACCAACGC,67,54
CGGATGGTTAG,67,55
GAACCAGAGGT,67,56
AAGATAACCGT,67,57
GTAGGCGCCTT,67,58
CCAATAGATCG,67,59
GAAGCAAGCAG,67,60
AACGAGATTAG,67,61
TGAGGATAGTA,67,62
TTGGAGGCTAT,67,63
GCGTCTCGACT,67,64
TTGCGCGCTCA,67,65
CCAACTGAGCC,67,66
CCGAATCCGGC,67,67
AGGAACGCGTC,67,68
ACCGAAGACGC,67,69
AATAACCTCGA,67,70
CCTCCTCTGCA,67,71
TTGAGCTTGAA,68,0
AACGAGTCCTT,68,1
GATGCGTTGGC,68,2
TGCTCCAGTAC,68,3
TTGAAGGATGA,68,4
GCAGGCCTTCT,68,5
GTTCCGTCTGG,68,6
AACTACGGTCC,68,7
CTTGATGACCA,68,8
TGGCGGAGCAT,68,9
CTCCGCTTAAG,68,10
GTTAAGACCAG,68,11
TATCTGAGGCT,68,12
GTTGAGGCTTA,68,13
GTTATTGGTCG,68,14
CGTATGGATAA,68,15
TGAGCGCAATA,68,16
AAGACCTACTG,68,17
TGCGTTAGTAT,68,18
TTCATTCGCCT,68,19
CTTGCGCTGCT,68,20
AGAACTGCAGC,68,21
CGTTAGCGGTC,68,22
CAACCGTACCG,68,23
TCGGTATACCA,68,24
CCAGCATGAAG,68,25
CATTGGCATCC,68,26
GTTATTCGCGC,68,27
TAGTATCTTGA,68,28
GTTATCGAGAT,68,29
CAACGAATTAA,68,30
AATGGTTAAGA,68,31
CGGCCTGAACC,68,32
GTATATACCGT,68,33
GCTTGGTAGAC,68,34
TTGGATGACGC,68,35
TCGATCTCTGG,68,36
TCAGTTACGTT,68,37
AACCAGTCGAA,68,38
GGTCGAAGCTT,68,39
CTCGGTAGAGA,68,40
CCAGAGCCAAC,68,41
TCCAGATGGAT,68,42
ACCAATTACTA,68,43
TAGTCAGCCTC,68,44
CTCCATCCGAC,68,45
GGTTCAGCGTT,68,46
TCAAGCTAGTT,68,47
TCTATCGGCGT,68,48
TGCTAAGTTGA,68,49
AGGTTGGACGA,68,50
GTTGCCAGTAG,68,51
CTTGACTCGGT,68,52
AACTGCGATCT,68,53
GGAGGTTACTA,68,54
AACTAAGGTAG,68,55
TTCTCCTGGTA,68,56
TGGTTCCTAAC,68,57
AGAATATACGT,68,58
CCAACCTCAAG,68,59
GTAGGATGGAC,68,60
AACCTGAATAA,68,61
CTGAGGAATGA,68,62
CAACCAGATCG,68,63
GTATTCTGCAG,68,64
CGTTCGGTCAA,68,65
AACTGAGCTGA,68,66
GCAGCTCGGAA,68,67
GCCTGAAGGCT,68,68
GCATTCATCAG,68,69
CCAATACTCTT,68,70
TCGTAGCCAGC,68,71
AACCGGTACGT,69,0
AACTATATACT,69,1
GCCGTCGCGCT,69,2
CTCTGGTTCCT,69,3
TCCTGCCAGCA,69,4
CCTTAATACTT,69,5
CCATCCGCATA,69,6
AACGACGATAC,69,7
GTTCGCTGCAG,69,8
TGGAGGACTGA,69,9
AAGAATCATTG,69,10
CCGCATTATCC,69,11
AAGAGCCGTAG,69,12
CTGGCTAAGAA,69,13
GCTGGTCTACC,69,14
CGGTTATAGCA,69,15
CGTTAATCGTA,69,16
GGTCATCATCT,69,17
AGTTGGTTCGG,69,18
GATTCCGTCCT,69,19
TTCGCGGAATC,69,20
CTTCAGTTGAC,69,21
TTCTGGATATA,69,22
GTCCTTGATCA,69,23
GAACTACCGTT,69,24
ACCAACCTTCG,69,25
TCAATCCATTC,69,26
AACCGCGACTA,69,27
CGCAAGGACTA,69,28
CTATGGTCGTA,69,29
GCTCCGATCCT,69,30
AACGACGTTCA,69,31
TGGCGAGACTG,69,32
AACTACTATCA,69,33
GTTGCCTAGCT,69,34
CCGTTCCATGG,69,35
AACTCAATTCT,69,36
AAGAAGTAGCA,69,37
CAAGAACCGAT,69,38
GTTCGAACTAC,69,39
GAACGCTGCAA,69,40
TTACTCCATAA,69,41
GTATACCAGAT,69,42
CGTTAGTTCTA,69,43
AACCAGTAATA,69,44
CTGGTTAACTG,69,45
ACCAAGAATAG,69,46
GCCGTAGGAAC,69,47
AAGACGGATTG,69,48
GCCTATGGCTC,69,49
GGTTGAAGATA,69,50
GGTCTGATGCA,69,51
CGACGTCCGTT,69,52
TGACTAGTACC,69,53
TCCTTCGAGAT,69,54
AACCTTGACCG,69,55
AAGAACGCAAC,69,56
CCGACCTTAAT,69,57
GCAACCGAGGC,69,58
AACTCGCTCGA,69,59
AATAACGCCAA,69,60
GGTCGCCAGTC,69,61
CTCAATCGATA,69,62
CGCCTAATCAA,69,63
TCCAATTGGCA,69,64
ACCAAGAACCT,69,65
CTCTGCTGCAG,69,66
GTATTCTGAGC,69,67
CCGCTTCAGCA,69,68
GTCTTGACGCT,69,69
GGTTCTATTCG,69,70
TTCGTTACCGT,69,71
TTGGCTACCAA,70,0
GTCGTCTTAGG,70,1
TTGCAGCGTCC,70,2
CTTGATCAGGC,70,3
GTTCTATCATT,70,4
CCAGTCCTGAT,70,5
TGGCTCCGCGA,70,6
TTCCGACTATA,70,7
GCGTATGGCCT,70,8
GGCGTCGTCAT,70,9
GGTAAGTCGTC,70,10
AACGATGGACG,70,11
CGCCATTGCCG,70,12
TGATTAGTCTA,70,13
GGTAACGAGAA,70,14
TTCAAGTTATT,70,15
GTAGTCGTCCA,70,16
CCAGACCATAT,70,17
AGTACGAGATA,70,18
CAATCCATAGT,70,19
CCAGCCGCGCA,70,20
GTTAGTTCCTG,70,21
AAGAAGAGCGT,70,22
CTATGGTTAGC,70,23
AACGCCTTCAG,70,24
AGTATATTCTC,70,25
AACCGAATACT,70,26
ATCTGGCCTTG,70,27
AACGTCCTAGT,70,28
CGATCCGACGC,70,29
TGCGCTCGTTG,70,30
GCATTAGCGCA,70,31
CCATAACGAAT,70,32
CCATATAGATA,70,33
CTGGTCCGATT,70,34
CCAGAGACGCT,70,35
CGCGCCGACTT,70,36
GTCCATCGCTC,70,37
ATTGCGGTCCG,70,38
CCAATAGCATT,70,39
ACTTCGATTAT,70,40
CTTCGACTTCG,70,41
CGTAACGCTCC,70,42
CCGAACGATGG,70,43
TCATGGTTGCC,70,44
CCATCTCAATC,70,45
CTTATAATCCG,70,46
CTGGCTGGTTG,70,47
CGGTATATGCT,70,48
AACCGAACCAA,70,49
AACTACCAGCG,70,50
GGATACGAAGA,70,51
TATTATGCATC,70,52
GGTCTCAGACC,70,53
GCGATTCATTG,70,54
CGATCTTCGAC,70,55
TTAGGTTCATA,70,56
TGGATAGACGG,70,57
CGCAGTACTCA,70,58
GGTCTGCTCGC,70,59
CCAATCATTGC,70,60
ATTGCGCCAGA,70,61
TTGAGGAGACC,70,62
GAGGTTAGTTG,70,63
CCTGCGGTTCA,70,64
GAACTCGAATT,70,65
TTCGGTCAAGA,70,66
GTTGCGATCGT,70,67
TTGATGATTGG,70,68
CTACCAACTCG,70,69
CGGTCCGTCCG,70,70
GTTGCTAGGCA,70,71
CCAAGCTCAGT,71,0
TTCGTTCTGCA,71,1
GAACCTTCTGC,71,2
TGGCTATGCCG,71,3
AACGGAGACGT,71,4
AGGTTCCAGAT,71,5
GTTGCGGAACG,71,6
CCATATGAAGA,71,7
AGAACGATAAC,71,8
AACTACTGCTG,71,9
GGTTCCATCGG,71,10
AACTCAACGGT,71,11
CTGGCTCTTCC,71,12
ACGATATGAGT,71,13
CCAAGTAACCT,71,14
GCTGGCTTCAG,71,15
GTCTGGCAGGC,71,16
AACTCAGTAGA,71,17
TCTACCATTCT,71,18
CCAACCTGACT,71,19
CCGACTACGTT,71,20
AGAAGATGAGG,71,21
GGTCTCTCATG,71,22
GGTTCTGCAGC,71,23
TGGTCTCGCTT,71,24
CCATTAACGTA,71,25
CCAGAATCAGC,71,26
GGCCTTGCGGA,71,27
GGTATTCAGCG,71,28
TGCCTGGAGTT,71,29
CCGAGCGAGCG,71,30
TGGTCGCAGCC,71,31
GCAATACCGCT,71,32
CCTCTTGCTCG,71,33
AAGCAACGGAG,71,34
CGAAGACCGGT,71,35
GTATTCGCGAC,71,36
AACTTCTAACG,71,37
TCCGACTCGTT,71,38
GGTAATATAGC,71,39
ACCAATGCGAG,71,40
AACTATAGGTC,71,41
CTGCTTCTTCA,71,42
AACTATCCATA,71,43
CGTCCAGCTTA,71,44
TATCTTATGAC,71,45
GTAGAGTTACG,71,46
TGCTCTTCCAA,71,47
CCAACGGTTCG,71,48
AGAATACGTTG,71,49
GAGAACTGCCG,71,50
CCTACTATGAC,71,51
AACCGCTTGGC,71,52
AACGCAACCAG,71,53
CCATCAACTGC,71,54
TTGATACCAGC,71,55
ATATTGGCTAA,71,56
CCAAGAAGACC,71,57
ATTATATTAGG,71,58
CGGCGCGTATT,71,59
TTATGGACTCG,71,60
AACTCTCGGCA,71,61
AAGAATATTGG,71,62
GTTGATTCCGT,71,63
CCATATACCTT,71,64
CCGACCTACCT,71,65
AGAAGCAATTC,71,66
AGTATAGCAGA,71,67
GGTCCTAGTCA,71,68
GTCTCCTACGA,71,69
AACCAATTATG,71,70
AACTCATCAAC,71,71