Barcode,Name
GTAGCCAA,BC1_1
GGTTACTT,BC1_2
ACCTCTAT,BC1_3
TCTCTCAA,BC1_4
GACCTCTT,BC1_5
ACGACCTA,BC1_6
AACTCAAG,BC1_7
AGTACCTT,BC1_8
ACCTTAAT,BC1_9
AACCGATA,BC1_10
GCAACCTT,BC1_11
CCGACTAT,BC1_12
GTTACCAA,BC1_13
ATAACCTG,BC1_14
AACGCCAA,BC1_15
CATTAATT,BC1_16
GGTTATAG,BC1_17
TTGCCTAT,BC1_18
AACTTCAA,BC1_19
ACCGCCTG,BC1_20
CAACCGAA,BC1_21
TATCGCTT,BC1_22
TGGTCCTT,BC1_23
TTATTCAG,BC1_24
CAATCCTA,BC1_25
CAGAACTA,BC1_26
CTTGCCTA,BC1_27
GGTATCTA,BC1_28
TACTACTA,BC1_29
TATTACTT,BC1_30
AGGTCTAA,BC1_31
ACCGCCAT,BC1_32
TGATTCAA,BC1_33
ATTGGCTT,BC1_34
AGGTTCAA,BC1_35
CAGTATTA,BC1_36
AGACCTAA,BC1_37
TAACTCAA,BC1_38
GGACTATT,BC1_39
ACTATCTA,BC1_40
AACCGCTT,BC1_41
GTACCGTT,BC1_42
GTTGCTTA,BC1_43
GGAACTAT,BC1_44
ATCTATAA,BC1_45
ATCATCTA,BC1_46
AAGCAATA,BC1_47
TAGATTAA,BC1_48
TCATCCAA,BC1_49
TCATACTT,BC1_50
TACTCCAA,BC1_51
ATGACCTT,BC1_52
ATACTCTA,BC1_53
AGGCTATT,BC1_54
TTAACTTA,BC1_55
TATGCCAA,BC1_56
AGGTTAAG,BC1_57
ATATGCAG,BC1_58
AATCAATG,BC1_59
GAATCCAA,BC1_60
TTCTTCTA,BC1_61
ACTGATAA,BC1_62
AATGACTA,BC1_63
GGCTCAAT,BC1_64
TAATTCTG,BC1_65
CTCATCTT,BC1_66
ACGGCCAA,BC1_67
CGCAACTA,BC1_68
ATAGCCTA,BC1_69
AATCTCTA,BC1_70
CTAAGCAA,BC1_71
GAGACCTT,BC1_72
GACCTTAT,BC1_73
GACTCATT,BC1_74
TGGTTATT,BC1_75
AGGCTTAA,BC1_76
CTGAATTA,BC1_77
AATAGCAA,BC1_78
CTCGCCAT,BC1_79
TTGAACTA,BC1_80
AATCATAA,BC1_81
AGACTCAA,BC1_82
AACGCATG,BC1_83
TGGCTATA,BC1_84
CCGATCAT,BC1_85
CTACTCAA,BC1_86
ATCAACTT,BC1_87
TTGATATA,BC1_88
AATCTATT,BC1_89
GCCAACTT,BC1_90
AATACCTA,BC1_91
CTGCAATT,BC1_92
GTAGCTTG,BC1_93
TTCTGATT,BC1_94
CAGACCTG,BC1_95
ACCTAATA,BC1_96
